parameter,value
mu_sigma_us_r1,-1.379924948299379
rho_sigma_us_r1,0.9877740459416849
Sigma_sigma_us_r1,0.03393393286242772
mu_sigma_us_r2,-1.462138362015057
rho_sigma_us_r2,0.2784689680084091
Sigma_sigma_us_r2,0.526012401853538
P11,0.8947743622314723
P12,0.10522563776852763
P21,0.010236349469242042
P22,0.9897636505307581
