param,value
sigma_ss_scr,0.23174020008397686
sigma_ss_nor,0.2515974351665617
sigma_ss_scr_se,0.10719545127918456
sigma_ss_nor_se,0.19711467937079952
rho_scr,0.2784689680084091
rho_nor,0.9877740459416849
rho_scr_se,0.20997969529126195
rho_nor_se,0.006189821336320653
Sigma_scr,0.526012401853538
Sigma_nor,0.03393393286242772
Sigma_scr_se,0.057177184440385095
Sigma_nor_se,0.004621841884188166
trans_scr,0.10522563776852767
trans_nor,0.010236349469241901
