sigma_us_sim,state_us_sim
1.2098966733932757,1
-0.7255087413423591,1
-0.44225834653352375,1
-2.5674622054014415,1
0.59755031361985,1
0.03413312063897296,1
0.37599305009346257,1
0.9860722924386168,1
0.4123806203068243,1
-1.4598176843423785,1
-0.5784552199777253,1
0.1711450585934155,1
-0.9932674295201993,1
-2.404135721446148,1
0.7690477188311987,1
-0.9642207359327646,1
-0.6785507451310485,1
-1.3400433166516834,1
-0.6004308551995204,1
0.28575991725867594,1
0.17270851371225307,1
0.1850425550881768,1
1.563081594996576,1
0.3289511117635921,1
-0.13434612635428342,1
0.592003110701472,1
0.8717686054194604,1
1.7715537623717679,1
0.3153862636748178,1
0.16321048031936153,1
0.8188766889083553,1
0.13305473499855855,1
2.0125161819971167,1
-0.14144952454701126,1
-0.15142905806036144,1
-2.081069293196496,1
1.8559967186802098,1
-2.1213978949809715,1
1.0283430630580699,1
0.49665227562596553,1
-2.0193658962522636,1
-1.3624018430184694,1
-1.1071787743244452,1
0.5670725094418323,1
0.07548044067239469,1
-1.006884465369902,1
1.0374055994705653,1
-1.3692241212836995,1
-0.23874397134978742,1
-1.5315669776031857,1
-0.682096168158335,1
0.11855369036924393,1
0.24039754839049862,1
0.18779483621667212,1
0.32104089725435975,1
-0.9707915853050624,1
0.8954947119594951,1
0.011271345604667214,1
0.5002980457309701,1
0.22357692956433636,1
-0.7944023873631848,1
0.6816158548917667,1
-0.4507365857297733,1
0.001073579276778704,1
-1.623089587551798,1
-0.5453614592648054,1
2.012049697269228,1
0.012625333847928695,1
-0.3952362278229493,1
-2.141794574078507,1
0.6805669314798825,1
0.8289505422563863,1
-0.5726102852690773,1
0.309988549577475,1
-0.452317112572159,1
1.1213268881833516,1
1.56072034117467,1
-1.713848064030662,1
1.3052264590138623,1
0.26958337568275714,1
-0.42123737222909796,1
-0.42249832842462015,1
0.0852703776381411,1
-1.8089645962328362,1
1.5513457875977892,1
-0.2903707458700953,1
-0.7001658767910822,1
-2.0829560440020947,1
2.5400437009231323,1
0.7198554359016683,1
0.45555110900770035,1
-0.36012889497569656,1
1.6188541007845254,1
-0.22966069198885616,1
1.1888335968234687,1
-0.9114763916286708,1
2.2595581315113096,1
1.2323951127954784,1
-0.0556798808654539,1
-0.5122175856732947,1
-0.16238806956505164,1
-0.9210198330442374,1
-0.4560472748222286,1
-1.3549469470809312,1
-0.9451256930300439,1
0.30815140800847657,1
-0.5607650729697684,1
-1.6418044246962527,1
-0.9597360162116118,1
-0.11412331789463667,1
-1.2654958117235535,1
-1.7286248044952794,1
-0.7604792881315927,1
0.9363183614903852,1
0.15180279282035336,1
0.1784395027529618,1
-1.0300072776635516,1
0.06043933150054516,1
0.6606680763580278,1
1.0736245461622989,1
0.6392243243502196,1
-1.5433325005310103,1
0.9849563550266488,1
-0.38923860090297907,1
-1.860707723545373,1
1.0168358219291882,1
-1.0409832075777556,1
-0.9017804859312274,1
0.6250290847377574,1
0.7146555276382333,1
-1.3176649675603693,1
-0.49969722324934507,1
-0.7772322733667524,1
0.7014464799315077,1
-0.7720390928861235,1
1.0684981375086116,1
-0.2288002220223642,1
0.5300211731924931,1
1.2205861633607635,1
-0.78782208799159,1
-0.4042900529635952,1
0.2066012458573334,1
-0.07727768903013117,1
-0.16928760090417708,1
0.029610168293585006,1
-0.9979283650369459,1
-0.2809517749796222,1
-0.2711487181846129,1
1.2435128841503156,1
-0.6684916205284652,1
-0.07452751158463676,1
1.6135018662779415,1
0.21616990977388406,1
-0.08083080064408557,1
0.2760292124292554,1
-0.22681615178016962,1
-1.1330975209169236,1
-1.2965323781994051,1
-0.31427368340731976,1
-0.06267408826932876,1
0.2323317709949392,1
-1.1143045505692912,1
-1.0251055263573998,1
-0.31476831151185275,1
1.4773471336919175,1
-0.043873688369439195,1
1.1864134319603394,1
0.29844039205582135,1
-1.5144908658296954,1
-0.34390659849840904,1
-1.8053103425744261,2
-0.5749419724631338,2
0.2892542620721381,1
0.22614324204211897,1
-1.0290403404388078,1
1.1072764190066215,1
0.8810136345577263,1
2.011614507275747,1
-0.24228504916815408,1
-0.051852377800527046,1
-0.2681171380045112,1
-1.1131226896756092,1
-0.08354541615435832,1
-0.7197392910503532,1
-0.2991951351011439,1
-0.46968098472421016,1
-0.5544137565176159,1
0.2904450496343264,1
1.0655384438505426,1
0.028566687418363386,1
0.3540473730519555,1
-0.6761931396430836,1
-0.22911748158565873,1
0.3944290731943068,1
-0.47876463661410146,1
-0.6088642185239842,1
0.266370099897113,1
-1.0137936649618977,1
-0.13920224763142192,1
-2.1924064880494805,1
-0.29536824968424263,1
-0.057742132669068275,1
-1.7737693453645718,1
-0.6781664612456065,1
0.1668596666086182,1
2.5114484567168898,1
-0.3568474210198504,1
0.4900642150361504,1
0.820422430240076,1
-1.127401358936854,1
0.23009934012206898,1
0.10839507376573132,1
-0.012015553411024343,1
1.7502434981410757,1
0.049769085439787523,1
-0.0461015357616792,1
0.6410606493867919,1
0.410046282668224,1
-0.8897222462548511,1
0.5337033590408978,1
0.12560955368514184,1
0.7691962633988748,1
-0.8675441745957572,1
0.7229032973133023,1
2.9119922097229747,1
0.17689704571606907,1
-0.22827765419456478,1
-0.4378632048177817,1
-0.21927428945036656,1
-1.5117908909161961,1
-1.3883755024092193,1
-0.5813717935339332,1
-0.33212289150175,1
0.4676341545540339,1
0.24468251424954215,1
1.497259116201673,1
0.18880028313179917,1
0.03271533179378419,1
0.5424990550314611,1
-1.1567696850662517,1
0.689990885532555,1
0.26936650639875814,1
-0.37340421071409985,1
-1.0004213019347494,1
0.8258531811603025,1
-0.7836952293130625,2
-1.1467979744239585,2
-1.257528244116776,2
-1.7681326774536998,2
1.078110394228399,2
-2.2994429142576056,2
0.9604157444468573,2
0.26793324568955346,2
0.2277131926264264,2
-0.6731713075526194,2
0.5814677256296801,2
-1.9739612595696836,2
-0.5352048689575906,2
-0.6118086004527832,2
-0.9528113911831998,2
-1.7426385641931033,2
0.22184109197424695,2
0.3825136671567482,2
-0.2817998935029275,2
-1.0059083061142415,2
-0.7315764433592106,2
0.08573549708957383,2
-1.2277225369903668,1
-0.48869995221597823,1
0.46009739367694885,1
-0.5699890998050267,1
0.07026095448209667,1
1.7812840042175675,1
1.920214454405988,1
-0.46289812336702374,1
-1.446759195648003,1
2.0109368733616426,1
1.2592421613248395,1
-0.5520785284737807,1
0.7646761509030148,1
-0.07544558435863297,1
0.2959608075987484,1
-1.9418036623280304,1
0.23100954513688196,1
1.4462712572740122,1
-0.9307357990532968,1
-0.20575026320927065,1
-0.8340870721813047,1
-0.281533018817621,1
-2.009289835985312,1
0.14982961473960116,1
0.9594194584639233,1
1.1991928706522137,1
-0.4174611342183974,1
-1.0917704239776609,1
0.5552291529564588,1
-1.4168540868255102,1
0.33636599778789045,1
0.36254649636322733,1
-0.4055831557793888,1
-2.875284976672233,1
-0.1707956571354866,1
-0.06996988957688738,1
-0.1345083919494224,1
0.3625844066559608,1
0.22174218821042319,1
0.18314484345250714,1
-0.12056576096292437,1
0.09102456551514349,1
0.15192714333920634,1
-0.7826848564625318,1
-1.1941842841302843,1
-1.0571055330163461,1
1.203581355687744,1
-0.031024840435134714,1
0.3273541026244396,1
-0.49454071179865,1
1.6138334785421025,1
0.6238274501682548,1
-0.6678561672276783,1
-0.9357368201623708,1
0.016404932764628736,1
0.7233700044751187,1
0.7635288612965498,1
0.17331849639998603,1
0.18838991919306178,1
0.891190393432203,1
1.123200897030841,1
-0.4069163923541617,1
0.9019266180921214,1
0.822921618203383,1
0.3208346012130492,1
1.2526327077441426,1
-0.8422719958885033,1
-0.041397383766085406,1
0.45088419027968013,1
1.077115377512259,1
0.5908272956067792,1
0.5129377915570463,1
-0.5558190121126481,1
-0.19858043543367543,1
1.589200886368804,1
0.3963672352018421,1
-0.3779346761130978,1
-0.008199062473343207,1
-0.41182159140702906,1
1.054472355138438,1
1.5215754659049212,1
-0.6850404924396779,1
-0.6682510376689088,1
-0.20928802071546906,1
-0.8740070881045999,1
0.8220007296727088,1
0.49649866691746686,1
-0.5760756193022752,1
-0.8373679107618196,1
-0.06404788358001835,1
1.7462881744676702,1
-0.022710156192669664,1
0.5629632839106288,1
-0.6541031927411858,1
-0.10982532485123297,1
0.8889446090568693,1
1.0485425936638875,1
1.2360230484458927,1
2.1747979179307815,1
-0.1271432119703995,1
-0.11767948355829488,1
1.5102970529095747,1
-0.9155296645589693,1
-0.3251890274828337,1
1.0412208310782018,1
1.2016149137196996,1
-1.1286065123463065,1
-0.04202872196849352,1
1.1618268747145413,1
-0.2904736507554986,1
0.14482709327139212,1
1.3545471254861772,1
0.3088917136805157,1
0.4103621819967888,1
0.556104802448615,1
1.3718726961661953,1
0.18016101474759696,1
1.4298876180259852,1
-1.474913326063497,1
-0.37729974874141364,1
-0.07287037920773098,1
0.0291858936402333,1
0.24544382323236158,1
0.30945260099972993,1
-0.409953643637975,1
-1.5644051991352925,1
-0.11047404400365336,1
1.5177109665743502,1
2.1214499677594105,1
-1.547666280685419,1
-0.49315618004461265,1
-0.5138062491081367,1
-0.47281306805145035,1
-0.21448263546624197,1
-0.023729683015722668,1
0.294678845539711,1
-2.480674708648779,1
0.03194855721568833,1
0.32532216415818704,1
0.46029866123790164,1
-1.0824468297551681,1
0.7707576001447948,1
-0.29261693234755126,1
-2.2230438064397906,1
0.08955782524824843,1
0.8440523330743879,1
-0.24591950656625805,1
-0.19534844061050352,1
0.5011939290779266,1
-0.5662843069995822,1
0.28448161918039566,1
0.8467644147710411,1
0.5746510289590152,1
-1.0390310696729042,1
0.6787216033106406,1
0.5268597408982283,1
0.5963776549995442,1
-0.2888380180795442,1
-0.418494269802271,1
1.1942977661335341,1
-0.35418465265168325,1
-0.7308269580325311,1
-2.1546203012569616,1
0.5323334644562896,1
0.1816908134179953,1
-1.3349871885328004,1
1.236004691092594,1
-1.328461898255165,1
-0.6701890297127553,1
1.7386793466111194,1
0.5435403299378657,1
1.5995788670031,1
0.6849841589754636,1
-0.0007679625070531402,1
-0.48891328087298824,1
0.4325969735301361,1
-0.8036894400793859,1
0.8118603133871001,1
0.2873415601329215,1
-0.5796746911352116,1
0.3962642741425306,1
0.9228015824567499,1
0.6210933490632817,1
-0.25072162967441475,1
0.33641957386933763,1
0.9304081335024587,1
1.7134968254153577,1
0.4818689273902947,1
0.25956749280868924,1
1.0418742680987536,1
0.3628755862663355,1
0.36455646360106947,1
-0.7080483071339578,1
1.744721715957683,1
-0.09833689278045274,1
0.004885689159501127,1
0.5878371628429157,1
1.3035799243987165,1
0.6202956448132408,1
2.3211294416168853,1
0.16308001530886584,1
0.6996503560887997,1
0.501532444695399,1
1.0527361710793088,1
0.5986845990798664,1
2.1675082694959404,1
0.9561443211691465,1
-1.1299491335599392,1
1.1590186199328871,1
0.5317255995900255,1
1.3746072725214686,1
0.4815489176720821,1
0.5808828922889983,1
0.06649266752735968,1
0.4392074631537385,1
0.4470744024197747,1
-3.0656365837485735,1
1.0773009150575006,1
1.083243178568034,1
0.07961027710236465,1
0.9941366278579586,1
1.4964542301692334,1
1.465975947360704,1
-0.9380072498100713,1
-0.9858894245008365,1
1.8456207384933392,1
0.2435209995392799,1
-1.9624989518337226,1
-0.8832674392510517,1
-0.1975674507821923,1
-0.2649868102332664,1
-2.096183663692537,1
-1.5222903754388912,1
0.48451875908463554,1
-1.1651580084544093,1
0.22619582441379912,1
0.06937728602693001,1
0.5398902018719858,1
0.37456027482022675,1
0.26689090063304655,1
-0.7113907406599697,1
0.49911323746802577,1
-1.2464275015356718,1
1.257678974359268,1
1.6451221476787419,1
-0.690220117185342,1
-0.7892841712248124,1
-0.07612486728222985,1
1.0915049967890427,1
0.9041100292604026,1
0.8727156939689131,1
-1.0359160393685214,1
-0.7043847626751649,1
-0.2259357948125792,1
1.0114065450601777,1
0.7133524711085492,1
-1.806477640706307,1
-1.6572310883773573,1
-0.27000971940320434,1
0.9779425308355164,1
-0.45252804424633214,1
0.05586900217806925,1
0.8092508930340863,1
-0.40498556160285076,1
-1.0624989293483986,1
-0.2939547592597539,1
-1.461729762568224,1
0.2693229781143475,1
0.4835726164449479,1
1.0409666236971697,1
-0.846349705696569,1
0.740099819470759,1
-1.5044044578453475,1
-0.8663884084003054,1
-0.895749687802856,1
-1.0634871984957144,1
0.5440444478829889,1
2.4057551079354047,1
0.40254545569129185,1
-0.6797255147757183,1
0.2570840169831538,1
-0.7916829307225046,1
-1.5606498034131027,1
0.017145183233264815,1
0.5785290994473126,1
1.0612641062128416,1
0.8159506296953709,1
0.921773364826031,1
-1.3533076735042466,1
-0.8110478717444001,1
0.9530270347541723,1
-0.07700022342263722,1
0.9573616966446434,1
-0.617328186201352,1
0.10627929365803682,1
-0.5893849496006947,1
1.7326188621589906,1
-0.5359763808303676,1
0.8896760502420233,1
-0.9157989013055985,1
1.3331458888083108,1
-1.3428142531721121,1
-0.7573666350634914,1
-1.7583403100506156,1
1.4528497892696604,1
-0.650403648620995,1
-0.8999128217506761,1
0.14065169345051468,1
0.9335505028343566,1
-1.0487446209947486,1
0.7396161944554895,1
0.9230778802495665,1
0.4053261760610196,1
0.4116944474349095,1
2.5733178045332123,1
1.0642050686941051,1
-2.3690696852594515,1
-1.0862840110185639,1
0.2784275404060515,1
-0.45782506471849505,1
-0.1627275724834469,1
0.6916837160384474,1
-0.02074550128809643,1
-0.6150875887758798,1
-1.6408599396092045,1
-0.3149556488992387,1
1.538025284220123,1
1.5628906505991125,1
-1.9883537621314138,1
0.056407462574866535,1
-0.5750197023648917,1
-0.8353365049028828,1
1.8003328520236237,1
0.03250107266198514,1
0.08338763773173988,1
-2.6856647533943545,1
-1.1613940740369348,1
-1.3413545800439906,1
-1.2634112918605493,1
-0.550011236810893,1
0.22645399873142322,1
-0.2817062229660025,1
-0.7706620232804968,1
-1.29566956231528,1
0.08255010856876946,1
1.5584085705098785,1
-0.5498868400560626,1
0.5437289315499751,1
-0.6248313775579662,1
0.30973323987186135,1
1.5903265231749282,1
-0.008951113459892844,1
-0.5323425487029299,1
-0.3395337474807864,1
-1.3858673681044824,1
0.6912598666047277,1
-0.16853556197748742,1
0.9961095269133999,1
-0.20364856734383913,1
-0.6339906971788226,1
0.7395998578208042,1
0.6870324098283136,1
-0.5623841085442937,1
0.317879013170206,1
-0.9554797463273571,1
-1.0355520728882812,1
1.0956484708456875,1
0.5371676270497251,1
-0.17289637326652965,1
-1.5736165991576785,1
0.6504239495059525,1
-0.6344706404728797,1
-1.2234756510478269,1
0.8097545038894829,1
-1.146843886111232,1
-0.5086843630091117,1
-0.38714703922408333,1
0.7740589790501128,1
0.10270946085268329,1
1.1095080786552058,1
1.1279722410931527,1
-0.9507568228889758,1
-0.22185749264392704,1
-1.3174838052558109,1
-1.1965733949191208,1
0.63943856313028,1
0.6979629880048955,1
-0.30817780242881154,1
-0.9817198169512201,1
0.49548574162334236,1
1.3124029294059603,1
-1.5541613089542141,1
-0.24461710930842048,1
-0.6459100182915274,1
0.4825981833711175,1
-0.6483626343789732,1
0.23979281813978492,1
1.7073842301456634,1
-1.3886305650416797,1
0.777025315537619,1
-0.7098198972320129,1
-1.0029610793649242,1
-0.9920497451844046,1
1.4294112916713126,1
0.3414514513255048,1
2.1881273734202997,1
0.7155191232253244,1
-0.8751598135475368,1
-0.6644569195976772,1
-0.3829684959326984,1
-0.273243439069503,1
-1.27548136485525,1
-1.4287301621204058,1
0.21452343191757164,1
0.1019365426274122,1
0.15872678678216073,1
1.2911719196097455,1
-1.2462130126502382,1
0.18039425622223584,1
0.05486191932400386,1
-2.0108857802745828,1
-1.3886510808585804,1
0.05722790440246119,1
0.9107644071748742,1
-0.19832658239893858,1
-0.6665685025557467,1
-0.4707861302077318,1
0.8141529347470202,1
-0.19180078461400266,1
1.780325785028078,1
1.34021485367881,1
0.08560739061368047,1
0.48454938420389526,1
1.4005428175437633,1
-0.7672352154549784,1
0.6997636122058821,1
-2.502523064788084,1
-0.14375393974118633,1
-0.666049538520123,1
0.29203631219784537,1
0.5845158640662743,1
-1.687416596601696,1
1.8318695607439646,1
2.167963635089927,1
-1.6799164287372708,1
-0.13747913553252436,1
-0.4079542322332978,1
-0.1478832190967585,1
-1.5060508343607724,1
-0.625968855616014,1
0.38694477675662897,1
-0.6677286779613789,1
0.026903257230836062,1
-0.5019022622547227,1
-0.7930110157252873,1
-0.5888061107022787,1
-0.9703942231576937,1
-1.0542842548918698,1
-0.11454936251403819,1
0.7267757340145706,1
0.17394349257849925,1
-1.9027763149461547,1
0.11323241433653206,1
-1.0012344542871934,1
0.47227713575339997,1
-0.3731008186900273,1
-0.4695146135991288,1
0.3718307302195362,1
-0.2482137918240461,1
2.1813938758942286,1
-0.3182644820413618,1
-0.1564062665427054,1
-1.4954512105063789,1
0.6671597279166313,1
0.07857940227183892,1
1.2536001808442834,1
0.421897544042573,1
0.809937520802641,1
-0.09304576027902492,1
-0.1080693159455276,1
0.48983683869568106,1
1.777170787006587,1
0.19237098426176102,1
1.2170392640702683,1
0.5632700230276324,1
0.5611148764809397,1
-1.2700980674124986,1
0.04388954852326446,1
-0.05231725768670752,1
0.2590384831232952,1
1.3608142698090901,1
-2.4965872993471288,1
0.1083375504971223,1
-1.0715590335871115,1
1.508130326819098,1
-0.30095497709387686,1
-1.9678854066502895,1
0.26318082769304646,1
-0.7585495307245274,1
-0.6649746658095148,1
1.2915723722673322,1
-0.33401978510027286,1
-2.512768970251623,1
-0.9700406644765567,1
-0.46780293417732427,1
1.2256067831824056,1
0.6234373058059617,1
-1.3772876153142564,1
0.3382007937833954,1
0.7679454871825446,1
-1.659589153080129,1
-0.07579274386316048,1
-0.8320343225890352,1
-0.08096261889081953,1
1.0026703148846163,1
-0.7382710485456728,1
-0.569476806379153,1
-0.08954459254397235,1
1.2380751543515323,1
0.48611422827778594,1
0.26141685594039665,1
1.5195514028387056,1
-0.4912569425806849,1
-1.3424353030287275,1
0.3070784338206018,1
0.031531338366886784,1
0.8913449457031687,1
-0.20759325745128665,1
1.134826853634669,1
1.109401885999396,1
0.11642048011302393,1
0.7261874589270405,1
1.4377580031901438,1
-0.05720979495494056,1
0.05357955195784155,1
-1.4898971254646125,2
-1.4840775689962804,2
0.31205075997974735,2
-0.3610402829380797,2
-1.0971177996386188,2
0.303720352660198,2
-0.8175723005941716,2
-0.17802162032933314,2
-1.0754107608751213,2
-1.7233428944515374,2
-1.038567913561445,2
-0.9359027280995812,2
-1.5123887135291438,2
0.8818264737380491,2
-1.162472828693066,2
-2.5324651493008243,2
-0.22534560742824533,2
-0.9086523736176968,2
-0.517649460652278,2
0.169985473446113,2
-0.0020491601690534253,2
-0.22134371934811722,1
-0.0008953871723452408,1
-0.6382152248595785,1
0.15392624745873276,1
-0.15223708242730255,1
-1.041764248636145,1
-0.31233962344627997,1
0.22141959148016474,1
1.9617857306422357,1
-0.5644788786718659,1
-6.803851573598246e-6,1
0.35394119667162605,1
0.007969593615887479,1
0.5272634508415879,1
0.29935984429212864,1
0.19900305524040854,1
-0.13368568108667206,1
-0.7228005398179638,1
-0.7944026183225483,1
-0.5794956740292952,1
1.4965115490999918,1
-0.39489251073991977,1
0.8213208747583571,1
-0.5798637013746667,1
2.2593441041096014,1
1.2657271337658922,1
-1.6216864509126563,1
0.584661831389355,1
-0.653693617345025,1
0.47138308295812664,1
-0.2283437331636162,1
-0.15601360505560438,1
0.7337099888766428,1
-0.23392749996430007,1
0.2952843409552109,1
2.015552252919202,1
0.6344821310408574,1
0.7052046188845426,1
-0.3111711899415642,1
0.4864984175924096,1
-0.6125965705445587,1
0.7387722905875832,1
-0.1407162543047906,1
1.130560793194338,1
0.11418902164454665,1
-0.9016315997618656,1
-0.6678700933748892,1
-1.4526487533937316,1
0.6702340654567605,1
0.7886764630544413,1
0.1314917303687722,1
0.09831931254533219,1
0.24353169539045993,1
0.6025359783308145,1
1.4055830060972943,1
0.3507400728883548,1
-0.7936288989512423,1
1.124914861166333,1
-0.16191147991138738,1
1.089419133198857,1
-0.15728462129767923,1
-0.6175740973283481,1
-0.017109300954764158,1
-0.10112520961228189,1
-0.5866549052913194,1
0.06128207979243111,1
0.08056132766899138,1
2.958384948181143,1
0.8998485386470527,1
0.16365783978832704,1
0.6935133570717367,1
1.0598022465442207,1
0.9705027468427272,1
1.0375981104869312,1
-0.16313994979870777,1
1.5108679909418303,1
-1.226182327568805,1
0.5378681009356446,1
1.0837862239192821,1
0.3216852958921386,1
1.1783761602897236,1
-0.8840281472077253,1
0.8773238215617184,1
-1.2454565765928112,1
0.6904120044284459,1
-2.6189893416847307,1
-0.7368588841554191,1
-0.07676347671416386,1
0.28044225564907344,1
0.2990250057378362,1
0.44885245719678774,1
-0.030295457567519838,1
-0.7785868386260041,1
-0.3882780242910926,1
-1.4499115895705266,1
-0.14277103471367017,1
-0.8515254206850503,1
0.45668225364680554,1
-1.78963076014637,1
-0.9669931128724022,1
0.36565093956396033,1
0.838629159464615,1
0.2328634876716728,1
1.8915648695916556,1
-1.0406814228695163,1
-1.5545080444515718,1
-1.349770673903135,1
-1.749629950487161,1
0.20622611579715,1
-1.2119411949297134,1
0.06596621538750874,1
-0.6115679015393618,1
-1.9999256655448543,1
1.0782244776979266,1
0.9233514788535417,1
1.3363142700966255,1
-0.7467856499304656,1
-0.4924778366236932,1
1.0992085052000033,1
1.1222569104725746,1
0.17847624369308307,1
-1.5027372971999788,1
0.6550174960804639,1
-0.8424796675305685,1
-0.07480284878073647,1
-0.6258710128012197,1
-0.303478251579848,1
0.785143219812231,1
-1.0709068112522158,1
-0.6177553124296087,1
0.6511834047233583,1
1.0342965416642766,1
-0.1487528186324724,1
1.6605491448397698,1
-1.1045030289133002,1
0.3936375224999521,1
0.5972742347734767,1
0.3091138324083101,1
-0.2547431181179503,1
0.3010342076051259,1
-2.2986031210737687,1
1.2793250401420428,1
-0.7869468922557105,1
0.04215764210343679,1
-0.10669139935734981,1
1.3022523727512003,1
0.6053627792290273,1
0.9337219349006948,1
0.38845115049187257,1
0.3201606557957777,1
-2.053857310003478,1
-0.6575601352045443,1
0.8858887507741169,1
1.3848324162156953,1
1.2205020488853804,1
-0.4513481986518355,1
0.007250339281981445,1
0.8678468709735689,1
1.2341048671504309,1
0.8450313909511101,1
0.702392268655516,1
0.0702619271409677,1
0.6861607396063316,1
-0.02844139584976724,1
1.1073212412618931,1
-0.15281829875019606,1
-0.7609670917258865,1
0.32458030841237206,1
-0.059542299250285376,1
0.9914332914801692,1
-1.97922157296279,1
-0.7946773532167203,1
1.6089506142046706,1
-0.7335073127285467,1
-0.4374984674581916,1
0.3057473592235601,1
-0.23870615907462703,1
-0.2894953956225867,1
0.18322393860484615,1
-0.4098508856967258,1
2.102459454967397,1
-0.6682790600764524,1
0.24230010385578354,1
-0.23394173195876047,1
-0.7818034332271228,1
1.5063030609308523,1
0.8548039396907424,1
-0.5190900999852658,1
-0.3149922063974219,1
-0.5171539354338549,1
-1.317083962542399,1
0.7593331880534714,1
1.170237235179457,1
0.613709636487876,1
1.4144910683515097,1
1.1373853831723255,1
0.7991117001559322,1
1.4416305276440062,1
0.6566196873881345,1
-0.827732024865978,1
-0.6259308620445411,1
0.18633105603484634,1
0.2323200750706029,1
-0.026111749160173676,1
0.5643170291726924,1
0.009581770861005437,1
0.0634793586105109,1
-0.2425918042555236,1
-1.8760387878682283,1
-1.785996689235201,1
-0.13333125452567202,1
-0.3900639118411111,1
0.57285969211576,1
-0.2294184224021592,1
-1.6079958659425766,2
0.3537135728796297,1
-1.2622888579748965,1
-0.34290024849467454,1
-1.1280617584381019,1
0.6839902956693167,1
1.5134538714381833,1
-0.3630241455140876,1
-0.3570753497630757,1
-2.356232602389177,1
-0.1923058789992225,1
2.0329210141689806,1
-0.1289133589963245,1
1.5973830302763377,1
-0.49313428018155797,1
1.7921720822654392,1
1.7498582548116688,1
-1.325263029144316,1
-2.043641339287923,1
-0.17499431827324255,1
-0.08286879259156744,1
1.7296933788458182,1
0.43922051540828727,1
0.10402057157022282,1
0.501418459708607,1
-0.5686369605351314,1
1.4470409020846045,1
0.022466014628506937,1
0.4535428377237616,1
1.0652431947701482,1
-0.7524825951734874,1
0.9891651661205579,1
0.09245625992120207,1
-1.3339629885866715,1
0.4419382172390952,1
-0.0771872620021366,1
0.2474981316855714,1
0.48249050734089644,1
-0.3776014686417446,1
0.5634673753366435,1
1.507504770632801,1
0.6585717734274148,1
-0.7824979240881912,1
0.14170960626167622,1
0.16982307708945893,1
0.7874739746283218,1
-1.2658680176552903,1
-1.289567993861236,1
-0.6185949759410034,1
0.5115542544521618,1
-0.006432501967513048,1
-0.28666962117358796,2
-1.3955801711616407,1
-0.7696029480953825,1
0.1467090811810025,1
-0.4033731960005592,1
-1.9571042378910566,1
-0.8714915285353448,1
-0.5358144900191532,1
-0.3485572689811047,1
1.7078014033266051,1
-0.8518043872945965,1
1.3114201010768654,1
-1.679352019627159,1
-0.7067952050451326,1
0.47769512297185046,1
0.820514918220576,1
-0.7832214325491746,1
-1.5175755297516156,1
1.1658583550352186,1
-0.04170248105669837,1
-1.8836997815098038,1
0.10864439289025218,1
-2.100881457841944,1
-0.061276716750005206,1
0.3636463822436132,1
-1.015633390923608,1
0.4292450113190243,1
-2.256184973374437,1
-0.23585187379134906,1
0.20474478466315715,1
0.27939221720880464,1
0.16081175095918823,1
1.6081984453139901,1
-0.8464285629515909,1
2.9843123470562136,1
-1.6381657647630379,1
-0.725530195058574,1
1.0898747590906686,1
-0.26620984606561715,1
2.3157795265204983,1
-1.1321285029539594,1
-1.052969959708908,1
0.9131178466855965,1
0.5899664745985079,1
1.9288612040983908,1
0.2337873438552743,1
-0.1619348300573608,1
-0.42122224546110376,1
0.5298699103420307,1
-1.0300764260703632,1
-0.32144360611437645,1
-0.488674707334241,1
-0.37667994747358446,1
0.48884323376405237,1
-0.24047172538475942,1
1.5341542592062059,1
0.13859122803470694,1
-0.2017854041505011,1
-0.2827141547562167,1
0.37445911737239274,1
-0.3196090554115926,1
-0.609965854577448,1
0.18517096168132033,1
0.028086001909976625,1
1.11640606064233,1
0.5687520695827276,1
-0.8447865734191181,1
0.9461356777474081,1
-0.3368906520324117,1
-1.7868693972964986,1
0.013342530604900652,1
-1.9625611803487832,1
-0.7604412949549649,1
-0.03232021949611035,1
0.7641268489657908,1
0.10060568820281533,1
0.08063489140426519,1
0.17783906681481365,1
0.5920285185840797,1
-0.3557117414372905,1
-1.2921875195123453,1
-1.5821777092089941,1
0.5770364721427703,1
0.2045277154130859,1
-0.3316678858729354,1
0.9144070962025268,1
-0.6732706367872704,1
0.47129339876012394,1
0.11588097532018386,1
-2.12209508430038,1
0.7550409751127838,1
-1.739879779026883,1
0.9059131787928395,1
1.6649307580477881,1
-0.7327858306078947,1
0.13605929560102842,1
0.5720512222567394,1
0.4517269421256426,1
-1.2531915663429027,1
0.47664450550295384,1
-0.9640325980487443,1
-0.7086008216362313,1
-0.4976911667623395,1
0.4697175014597995,1
0.8950173961707405,1
-0.7345070071332469,1
0.9811387045477982,1
-0.15054795642983954,1
0.2132188428107792,1
0.4897406947837382,1
-0.37870026605533547,1
-1.4721515290314193,1
-0.5197909847045089,1
0.5313331013120098,1
-0.05075280637262768,1
-0.3456347124843701,1
0.031174244689842853,1
-0.27357139157430665,1
0.6975990963941723,1
-0.8054265158047483,1
-1.1158947828003891,1
0.04354632112424305,1
0.919532230935752,1
2.3352960838987493,1
-0.6374722280876693,1
1.405537414970032,1
0.6533935620462343,1
-0.4807969982702714,1
0.005906492048345353,1
0.4960735509057949,1
0.6017585816571961,1
2.189523181880507,1
0.1802054213299501,1
0.8238724008403171,1
0.2917417999701495,1
-0.355540521703772,1
0.14341933762084916,1
1.474274663632944,1
0.48094522124057637,1
-0.06883371522014509,1
1.2195015172872479,1
-0.46457625999994134,1
0.019718114152706516,1
-1.6955184759891782,2
0.08972619088471089,2
-0.22275388717889796,2
-0.3085900642680861,2
-0.37141863387441065,2
-0.6573979182292059,1
-0.42802401995859574,1
0.3075978554597377,1
0.4098912711202185,1
0.029616872702368048,1
1.1638173818185562,1
1.9089530812388433,1
-1.3263647876149725,1
-1.616073382556015,1
0.024877493579614468,1
-0.24962245122250276,1
-0.06855436107937747,1
-1.026402443573084,1
-0.09957888553932345,1
1.2281083878933157,1
-1.0622998522997893,1
-0.7709263088861421,1
-0.612588856771595,1
0.642161253141306,1
-0.12495799362299946,1
-0.004590876439502309,1
-1.2182256230250692,1
-0.45633000660942974,1
0.17612245557265607,1
1.7941381626552015,1
-0.49288265542734544,1
-0.34610235652016824,1
1.6354597960647381,1
-0.7133329876238174,1
-0.2821163540683145,1
-1.2790485545899848,1
-0.14407188353474518,1
0.4700910553065341,1
-0.7162192562621407,1
1.354243528458576,1
1.279411533498985,1
1.6613758612769938,1
-0.9936730942559704,1
1.8246935469739332,1
-0.3973356955876101,1
0.37196432621381675,1
0.03493988767266359,1
-2.462465696657984,1
0.3979345739723365,1
2.150447952739041,1
1.9790658724939247,1
0.1845632087488766,1
0.07739441929751732,1
0.23792684325653918,1
-2.6356347366207675,1
-0.2137017302520184,1
0.6311735562241807,1
-0.5514037567010395,1
-0.38119881852853277,1
-0.3782963817116731,1
-0.4716036937742151,1
-0.7761893994897462,1
-0.4364461399219796,1
0.31193406243503286,1
0.11395223144196524,1
1.0673897837795414,1
1.3258447753889662,1
-0.13445397224016617,1
0.24629594915783512,1
-0.9251507522950655,1
-0.3301565471255859,1
-0.12406356031404141,1
-0.11664038824052543,1
-1.3964181034136216,1
-0.6951899861232679,1
1.1488628097938776,1
0.10218267727087359,1
1.2691895471374017,1
1.4935609761525936,1
1.4429226216901272,1
-0.31797056445056643,1
0.6098020133763271,1
-0.0046969406241352965,1
2.1510050839833332,1
-0.08301050509215713,1
-0.17548464438645128,1
-0.5030778980309633,1
-0.5080979216373741,1
1.4058760636572767,1
0.5301721435079989,1
-0.5015832200226411,1
-1.171602389527474,1
0.6733219523664024,1
-0.861883464015582,1
0.2788014486389447,1
0.1444790872451074,1
0.900321872146771,1
1.4158905526151018,1
0.8642399491452559,1
0.7814153721537619,1
0.6850051543854121,1
0.4142171442973189,1
0.2008879742554093,1
0.42778920046316277,1
1.4406582295455794,1
-0.12730318872943303,1
-1.2465141913270903,1
-0.41390394979337514,1
0.008950302681701031,1
0.560611878935457,1
0.889823543318698,1
-0.614690409988329,1
1.5608470850506542,1
-0.6805397972217102,1
0.37988528686004813,1
-0.29514683769112865,1
0.28797114334733226,1
0.17615659498839648,1
0.2419245065038313,1
-2.3816861696254406,1
-0.6961284288490087,1
0.3379529537343684,1
0.3237279220312378,1
0.1576488034494798,1
1.6209218564885732,1
-0.44716518358306,1
0.4328285251661675,1
-2.0157710448323916,1
-0.29746197629741966,1
0.7876354725800957,1
0.1587649684174098,1
-0.9415968162834697,1
-0.07555665902030125,1
0.5296596386560392,1
-0.420523438351999,1
1.843329388226266,1
-0.22552298340884652,1
0.027611871499240465,1
-1.2403408858745173,1
0.2095720403745897,1
-1.3682783714032818,1
-0.8344518730383406,1
-0.9409103914857344,1
-0.3146299930997496,1
-0.7632689188077354,1
-0.4033933518728758,1
0.9226213239544092,1
0.5080449505302478,1
1.861422956488733,1
-0.7054787269957015,1
-0.6139480958512862,1
0.15519672847551444,1
-1.0265858964092196,1
-1.2571404099124817,1
-1.8017467349083893,1
-0.7385273461281291,1
0.6229025716296064,1
-1.5328699807699084,1
0.7216688918571055,1
-0.1847232862793525,1
-1.1432720219666006,1
-0.8524273110206069,1
1.441153765368404,1
-3.697910953921446,1
0.7871675090127063,1
0.05406184396021972,1
-1.2728227877459417,1
0.7262095033359087,1
0.16919794885299883,1
-0.5427434216606914,1
0.5624259493194675,1
-0.42243485064549,1
-0.5048039556683246,1
-1.9191172628840805,1
-1.026671405928462,1
0.5723122586679956,1
0.41093879843636155,1
-0.07600145200076364,1
-0.5444773545897407,1
0.9278873307173019,1
-1.3074976146329973,1
0.986998345618251,1
2.415395403026176,1
-0.0898411296534286,1
-0.37372909654123293,1
0.662782605146558,1
-0.17669643869781432,1
1.4669300089309072,1
0.07938894957079487,1
-0.27941659862982515,1
0.13394308473609898,1
-0.8851118734711967,1
0.811724617043592,1
0.015440732546183247,1
-0.6537722821124953,1
-0.7302765353936969,1
-0.15078525911774154,1
0.6451384395807646,1
2.054960849657387,1
0.6356513913064884,1
0.1268154793946434,1
1.2526693256841641,1
-0.06616257088750409,1
0.15365350236473443,1
-1.0352510772594448,1
-1.1579131913586342,1
-1.538788742354844,1
-0.19018133468316298,1
0.3968437243412276,1
0.29015125370740436,1
-1.2259843229660001,1
2.2098326256630694,1
-1.0794887555920072,1
0.15199935213342808,1
1.2443288707195954,1
-0.33208004073043185,1
0.6338701281777532,1
0.7479929800983474,1
1.0147205161194168,1
-1.374259086526164,1
-1.273420447201472,1
-1.1263356845530348,1
-0.08713183407511811,1
-0.02652091113348559,1
0.38231715826584045,1
-0.37693932874794994,1
-0.28700302858600013,1
-0.4396945905434974,1
0.027735334222312908,1
1.1389646368832724,1
-2.9357858361670672,1
-0.04373642336291136,1
-0.015362863452514633,1
-0.9104364687202801,1
-0.21766846073151824,1
-1.9228046718671712,1
0.3251238152555691,1
-0.18867332891970073,1
0.7526086533059702,1
-0.846940292484517,1
-1.7739933683225053,1
-0.4884838913911411,1
1.4378009444287905,1
-0.41935758607622464,1
-0.9137573106313608,1
0.7149277486698682,1
0.584537340024195,1
-0.7263514407508413,1
-0.8327146494246842,1
-1.1706407954165692,1
0.8151377506984436,1
-2.216565759008802,1
-1.1360922819987316,1
0.7289728364625051,1
-0.31752664559187677,1
-0.736337751830926,1
-0.606252150067042,1
1.257564938916966,1
-0.587160341341263,1
-1.211613813940568,1
-0.6943202066890518,1
0.26984491489693946,1
0.007333398474856461,2
-1.8089319358487923,2
-1.112904194916975,2
-0.6957605021217165,2
-2.2817538962689747,2
-0.24731839410050255,2
2.241627488036018,1
0.2933400380500985,1
-1.5658575123256155,1
-1.0221383599697123,1
-1.4634579366545568,1
0.9234821335668144,1
-0.7563033061352733,1
0.5233829642078643,1
0.7559608771145679,1
0.6417649188377174,1
-0.2390666025115696,1
-0.365021401487345,1
-0.6163440035671189,1
-0.06608412201142395,1
-0.2685786064483793,1
0.21020234771970517,1
-0.5545489735215593,1
0.05249757182889496,1
0.9370400652183508,1
0.797629187911791,1
-0.81750580248397,1
-2.179768002571749,1
0.15542988606136263,1
-0.875037181781716,1
0.25303388211478,1
0.3516617434384415,1
-0.5237802199541706,1
0.8432244766412403,1
-0.5349821645033636,1
0.2346867151627701,1
-0.5682204517201449,1
1.0344457488253769,1
-0.1465939578951355,1
-0.6998934296121102,1
0.051723725667645465,1
1.7429866021485885,1
0.6227126021953535,1
-0.6156800300938227,1
0.4780046708151911,1
-0.14670299411030505,1
-1.7715616416774815,1
0.7117482917846089,1
-0.7666649797820957,1
0.10548037536045664,1
0.8578625421324049,1
1.3203145529719855,1
-0.16189711833416884,1
1.140669389726979,1
0.10693016202232122,1
0.0897623756663213,1
-1.2582763788722429,1
-0.11818492980183083,1
-0.8837813007225399,1
-1.2497973919243994,1
-0.013067188792323487,1
-0.818050012845247,1
0.23164847753074566,1
0.006665500065258085,1
0.3447750992478057,1
0.6312594510815425,1
-0.588070782365761,1
1.013448205994064,1
-0.01274911617661865,1
0.7113822467139629,1
-1.2008450159400765,1
1.5936783872799043,1
-0.09316788692487697,1
-2.5084771217238124,1
0.6028611853571632,1
-0.20566506001762586,1
0.5215716211237318,1
-0.6357343577613865,1
0.23775900512413273,1
-0.1603168914292282,1
1.8609404008321195,1
0.7153135652099522,1
-0.34596626070464204,1
-0.22642911567857502,1
-0.5603082049288632,1
-0.2803922157718572,1
-0.6200049194740261,1
-0.17244558012876335,1
1.063979113751862,1
-1.0370527573477113,1
-2.381494151091031,1
-0.2731705377695748,1
-0.9856577444251298,1
-1.2449046065771532,1
-0.6320194134098267,1
-0.5473717510961681,1
-1.4921194526961234,1
-1.820419085301416,1
-0.358029246213894,1
-1.191912436418858,1
-0.10434378348560881,1
0.8372750097779114,1
1.0656461183030883,1
0.5053780008232307,1
-0.967987022961816,1
0.7597374971430508,1
-0.11544129349661214,1
-0.3823988382473827,1
-2.4126875365489115,1
-0.8323112294517553,1
-0.9484098933105941,1
0.2737475833178454,1
0.369921453961521,1
-0.05423664918158139,1
-0.2789398446165934,1
-1.0439719772257856,1
-0.14072316351511502,1
-0.07421196888943443,1
3.452273217645455,1
-1.074707641151841,1
1.0344007506577615,1
-1.7041999034243747,1
0.4304641190725178,1
1.6383523848928037,1
-0.7499915451666216,1
1.5900760192122163,1
0.11700530458107722,1
0.6491644496399221,1
2.3723073136234465,1
1.0456918341055879,1
0.8886452751696907,1
-0.5665521636081963,1
0.26005948778866345,1
-0.24975176887976297,1
-0.8303794779018734,1
0.32222720349540407,1
-0.41132879531472766,1
0.19037462936569136,1
-0.04927716453676014,1
-1.0348979773198095,1
0.08812979345437706,1
0.8452537496830762,1
-0.9915706277297185,1
-0.6618121275886274,1
0.5863540220451487,1
-1.1964449436320843,1
0.013412851301335339,1
1.7478866251021579,1
1.3309293088988412,1
0.1683409619748562,1
1.1668281407187018,1
0.20886084329636934,1
1.520508883325351,1
1.011946800834415,1
-0.7364410048363418,1
-0.4442923756745875,1
1.0844589462197765,1
-0.4121661623551622,1
1.106204641124613,1
0.08249155698460345,1
0.7137019116438758,1
-0.21028960195052018,1
-0.6468790799999333,1
-0.1111933359118715,1
0.12687896934373538,1
-0.5584060641359082,1
-0.7422777549444916,1
0.7773710216297532,1
0.9396663341365276,1
-0.1945869127385742,1
0.12007880493709332,1
0.06853221142035991,1
-0.22735125623319707,1
0.9300557914546983,1
1.0904314653147429,1
2.193323886092163,1
-1.3794555978674885,1
-0.3622604009572613,1
-1.3561219429156308,1
-0.5199821944770893,1
-0.22727893427621873,1
-1.4390565982030425,1
-0.5791936272063682,1
-1.1257635360882075,1
-1.4518780537707443,1
-1.8900118876870495,1
-0.22712055742182213,1
-0.36588003727895624,1
-0.1888888028217298,1
0.010178572726915261,1
-0.010177565489358505,1
1.48951967573432,1
-0.666627927304823,1
-0.3766701736925408,1
-0.5329213094481513,1
0.000509957287559592,1
-0.008259362338094258,1
0.7157456573157069,1
-1.0644465878371978,1
-0.8531620446043418,1
-0.1745384395621524,1
-0.5507083939327289,1
0.15006387831416898,1
-0.26765258031144096,1
0.4820881894220847,1
0.2653955967687624,1
-0.5869187397313222,1
-0.9093960936672326,1
-0.39428926211379894,1
-0.44497252211640664,1
-0.7091776445142326,1
-0.42044417186686756,1
1.3449273614222206,1
1.405475435332659,1
1.4347196773062962,1
1.543631835830638,1
0.5877820097456574,1
-1.1104906052329948,1
-0.981590639515964,1
-1.6839824593988113,1
-0.3385986735875496,1
-0.1496771728951333,1
0.35159703063672115,1
0.30944688486820565,1
0.48217643770527646,1
-0.009523598948070058,1
-0.8256465907544147,1
-1.154373824301291,1
-1.460949997144366,1
0.682291957823706,1
-1.8750327694578597,1
0.25257773107490206,1
-1.0775186732460336,1
1.357220225068448,1
0.11479313537261397,1
0.8275017114256908,1
0.9713925364359628,1
0.23836531624566806,1
-1.0543843889938773,1
-1.1794055182839491,1
0.2959880719945453,1
0.8872758106852123,1
-0.0387267295128201,1
1.045110825726546,1
-0.27070996222330296,1
-0.09990310369538087,1
0.8554562468974907,1
-0.4916504472375155,1
-0.32019984096442056,1
1.50469581362373,1
0.5471603558457592,1
0.9450510233077467,1
-1.5745293907717046,1
-0.4080926580065422,1
-0.4195554111087976,1
-0.42990322588955143,1
-0.21459306286539065,1
0.2373003622208697,1
1.1884382177714534,1
-0.1289310442007718,1
1.2027217336752958,1
1.269294000779574,1
0.35529816772219774,1
-0.08961285184595526,1
0.4818752417649277,1
0.19586081284514179,1
-0.6917185848150995,1
0.7581749626780053,1
0.9723693926641429,1
0.16702993416031237,1
-0.19255503453212142,1
-0.6038197896735522,1
0.06593692146177706,1
1.0474857892933738,1
-0.32391915455208636,1
0.3762975127787449,1
0.40301210241272334,1
0.5692815935950314,1
0.9780386796709143,1
1.8309335000188212,1
1.4579622742452032,1
1.7458644994287549,1
-1.04234800746963,1
0.6138561846357181,1
-0.5252891548509266,1
-0.341675289645584,1
1.2490431952830818,1
2.4072659193603596,1
-0.057636521308424074,1
-1.3873110285443546,1
-0.29001043912576663,1
-0.4104469058660052,1
-0.23246262912644458,1
-0.08432151743207969,1
0.24599702282299693,1
-0.24900513266145213,1
0.5569213773630726,1
-0.3316433195415131,1
-0.40648684023153375,1
-1.4426422463836972,1
-0.01944392287015097,1
-0.024123621689400455,1
-0.9963541780896921,1
-1.643223067149388,1
0.04874312538515347,1
-2.4021372394876113,1
-0.10675831945772228,1
0.2911156847926171,1
-0.2123596393705542,1
0.4247172874226983,1
-0.5203459584244433,1
-0.8837714706692745,1
2.3740260946603016,1
-0.5097256567653142,1
1.3677774245094683,1
-1.4200285111875206,1
-0.27267559081012127,1
0.5124648452577757,1
-1.0493324024219717,1
0.3926638168317049,1
-1.1441770791822834,1
0.9825994140216026,1
-0.17814237481461498,1
1.001395609743865,1
-0.696594375040516,1
-1.6757468415256356,1
0.7230984830419808,1
-1.3207925520811616,1
0.5519625997054581,1
0.463418407962065,1
1.0492624509389619,1
0.159657734506494,1
0.8589023383375355,1
-1.410777187215836,1
-1.426537746173292,1
0.5360977443456462,1
1.3786388833617902,1
-1.4578967980468829,1
-0.3934587578569337,1
-2.732412476310889,1
-0.8349889655935675,1
-1.3900117730489594,1
-1.2649366042035874,1
2.3189173170357513,1
0.0470092483028342,1
-0.14834037722806406,1
1.254326093785044,1
-0.2386151728323955,1
-0.4319798022705529,1
-0.05049319361625378,1
-1.000217619455844,1
-2.025614888111058,1
0.983069171328307,1
-0.38187210173771335,1
1.681081808882464,1
0.02500694409181906,1
0.3341422445909832,1
-0.226234196469418,1
0.30761396916611733,1
-0.2974772319578299,1
-0.5224174291554072,1
1.7709492692738216,1
-0.5455254491738959,1
0.013501873797677307,1
-0.012606521765368443,1
0.4614001735088807,1
-0.4415979489419555,1
-0.944442824615943,1
0.5706382012636714,1
0.5326350622286565,1
-0.8480407602693093,1
-0.3747217093754465,1
-1.1851298509209403,1
0.3072991391362497,1
0.30383725014958934,1
0.44338176262155354,1
0.7858636717778719,1
-0.9501297962799474,1
1.3780539834868826,1
0.008883944593967555,1
-0.6893322829569711,1
0.1637503470319309,1
0.164415206611596,1
-1.4293542371237058,1
1.5829670503845419,1
1.289975994160356,1
1.012640816087256,1
-1.7477211692983996,1
0.24693553295204873,1
-0.9212472634694925,1
-1.00997949349039,1
0.9931729575266364,1
-0.3599972466615776,1
0.24405852466937536,1
1.2427964022522517,1
0.7388024833565341,1
0.6400760436147177,1
0.32475436562304794,1
-0.3680972695152383,1
0.645517818209594,1
1.3557824082963856,1
0.4034063330154094,1
0.2877391850362015,1
0.44984731542835643,1
-0.3615771010123119,1
0.821549001239046,1
0.18469022040893476,1
0.06354985536443439,1
-0.15218112176451,1
0.030334823352795474,1
1.4053251663482047,1
-1.3481076236911433,1
0.6198223016617969,1
-0.21618176840397252,1
1.1969684411076729,1
-0.6538002531306745,1
-1.1607236079193912,1
0.4963781236000113,1
0.6502048036726529,1
0.6419329007399827,1
1.6535556150659263,1
0.260309785593687,1
0.7504073196000417,1
-1.050129203475041,1
-3.07946824527818,1
0.05333631126968545,1
0.5710496956657506,1
-2.3120429222148196,2
0.5312406275393221,2
-1.203317823840548,2
-1.0776758640192432,2
-0.9908403681348769,2
0.14909752560188164,1
0.10156627800728098,1
-0.007192458530960935,1
-1.9022618881436022,1
-2.0244962148421455,1
-0.3537911108008541,1
-1.9285092060868614,1
-0.5789173217422008,1
-0.8918695983591161,1
1.3773374806342442,1
-0.42690858278809685,1
0.8284567460379287,1
-0.9806383551136536,1
-1.0706006000088018,1
-0.03137345991216432,1
-0.09828602608015945,1
0.03424507875584669,1
0.20013260570604663,1
-1.5911507001925174,1
0.4471942680326073,1
0.8422039379037957,1
-0.6453746456524913,1
1.2757035618034147,1
0.17637082362014583,1
0.24094980444818212,1
-0.23477447054612224,1
-0.7456794803002561,1
-1.0166966306171752,1
0.6328966203716558,1
-1.5987496914885968,1
-0.39701195805846895,1
-0.9016908311710026,1
-0.5829891888746661,1
1.6477574557200307,1
-0.5300031920724235,1
1.3906638681653425,1
0.30303813788162504,1
2.2059859340755423,1
-0.8168269583917201,1
-1.091801291748402,1
0.5554587722794626,1
0.31692134795245686,1
-0.7721846952577353,1
0.05385683006421772,1
-0.33726676483116386,1
1.0041419543990064,1
0.7969458274371428,1
1.9336708746455453,1
0.474851193481604,1
-1.2297059563855586,1
0.6002236363696563,1
-1.0409981038558105,1
0.6300319500785453,1
0.3477579241870036,1
-0.6204732126703785,1
0.38042313290123764,1
1.0363185384923288,1
0.13756757502826159,1
-0.842501268024865,1
-1.6397442349106834,1
-1.9649660611246362,1
-0.29710084163339723,1
-0.38911579817088743,1
-1.4891693642420405,1
0.690620410416656,1
0.6538813891125633,1
-0.1556351264949701,1
-0.37685067843857506,1
-0.04667325036513849,1
0.0765308363494194,1
0.32446457161997505,1
-0.6889031512349493,1
0.44154114727930266,1
0.6217115868967179,1
-0.39788774975700647,1
-1.236595676296199,1
0.24674658943185554,1
0.48460311961157926,1
-1.7900408770262004,1
-0.7743677258789162,1
0.5200681175046954,1
0.15652873024879926,1
-0.0357941510902022,1
-0.09626116504111558,1
-1.6165738452721927,1
1.7645006309140852,1
-0.887322202570453,1
-0.9186419533057292,1
0.1019182292388115,1
0.1557798975369532,1
-0.5017231348341153,1
-1.528659120418867,1
-0.44276064854810554,1
1.140205217800364,1
-0.3341731237012501,1
-0.062382749574900836,1
0.39261681194909254,1
-0.7680509987112931,1
0.948946099973989,1
0.7551484809562627,1
0.9277012130981084,1
-0.8191654330312395,1
0.46804711229009666,1
-0.5868583666517421,1
-0.3188169597263246,1
1.1540091918974205,1
-2.892127211263129,1
0.8002042875032508,1
0.11594773390497003,1
-0.8601115879583675,1
1.2740119515188724,1
-0.2315755000308397,1
0.22819657779205801,1
-0.7801804172288321,1
0.45243936412222624,1
0.3233445037646121,1
-0.7851846137114594,1
0.041976526183185245,1
-0.2613207765729425,1
-0.6715502709695301,1
0.23032420160222902,1
-1.8028635555456947,1
-0.1655737684446328,1
-1.2529170903083613,1
-0.013253227073126206,1
-0.3311474467707334,1
1.216087915214868,1
0.9144793702206191,1
-0.5261476761803873,1
0.951171855598257,1
1.6177588234032856,1
0.5177324867846118,1
0.3408135419545502,1
-0.963586306723799,1
1.1660960987992501,1
-0.385194416669017,1
0.7451215594137115,1
1.0713325201443193,1
-0.5055617416769429,1
0.3966062016918101,1
-0.5577487520356637,1
0.36528663015960994,1
-0.5649080876608348,1
-1.0174451308064223,1
0.05663781534468542,1
0.6604752434404696,1
-0.9405716131800193,1
-0.2860476308373378,1
-1.0877299842579318,1
0.555947150611654,1
-0.554033138123909,1
0.8717463944681343,1
0.21828149138555442,1
-0.30772567893927627,1
-0.4294346374251513,1
1.255304235118669,1
0.36441338631714404,1
0.44890521805265027,1
1.9349097450785289,1
0.2821564419093836,1
-0.9054340330192738,1
-1.4926470369608653,1
0.21725850816480724,1
-0.7345209635854487,1
-1.5833275709974381,1
1.0599809483827205,1
2.63197787426516,1
0.6248143403196526,1
1.549231468120883,1
0.7148991817530193,1
1.593034172101243,1
-0.8020616460897456,1
1.5195185500012114,1
0.8697106139002718,1
-1.178009648777147,1
0.4081686608772544,1
-0.7696882001719199,1
-0.20827305235885168,1
-1.1640324608144763,1
0.3694117288603547,1
0.25468917289996235,1
-0.9966367615817268,1
-1.0783324851928795,1
0.14568999720652168,1
-0.29631716737421737,1
0.0860364222703791,1
0.03361469766807727,1
0.5117208857919163,1
0.6932381377393944,1
-1.0216018454799103,1
0.2656024856315733,1
-0.19400590869052145,1
-0.42563214407455247,1
1.010361389990345,1
-0.15433785103252692,1
0.3622686383805497,1
-1.6115483823032881,1
-0.18630359973541677,1
-0.18006088512625973,1
1.1277931899608598,1
0.032337168044518194,1
0.9701852116830956,1
1.74902806277653,1
-0.16368860015424067,1
0.1158254961595396,1
2.0725641938083985,1
-0.4755340588426754,1
1.2470793346674462,1
0.15145392983980932,1
0.578612157899725,1
0.8469464181499808,1
0.2008805880145883,1
-1.241081659020347,1
0.22885042248500634,1
0.3248427283781128,1
0.8439742654561468,1
0.17889312189827342,1
0.4385346437952577,1
-0.024626848923461647,1
0.21494679121985383,1
-0.1256269836300048,1
-0.6124689728078541,1
1.4310868408957882,1
0.2032786866154519,1
0.45159755755993114,1
-1.1283429508499965,1
0.19227817767109356,1
-1.592183627822222,1
-0.2444355887518925,1
0.06478930801791308,1
-2.645978733039194,1
-0.674047058807699,1
0.9107189005189905,1
0.35658460566490896,1
-1.1590013574841744,1
0.03241460593172473,1
1.4047220224739314,1
1.2122703479922425,1
1.1507881834021498,1
0.41345469034496873,1
0.20694906671363023,1
-0.07322009656023235,1
1.2032851400445488,1
1.0024921000229619,1
1.055464910965518,1
-1.2087928181048428,1
-0.5939829891535666,1
0.05888059375424804,1
-0.05295080604230489,1
-0.4569914696230009,1
-0.24094368446101286,1
0.31190820245161927,1
-1.6939736869431614,1
0.7682899154365022,1
-0.6898768850376359,1
-0.6810706824160505,1
-1.6111141358391414,1
0.9328068253671093,1
-1.348497976731164,1
-1.1859837876074193,1
-0.5986962135225748,1
-0.36729934459670366,1
1.4738870976117187,1
0.9484411128533089,1
0.35714501689676337,1
0.300404253728182,1
0.08958026959192077,1
0.7364616527027498,1
0.9216760920150633,1
-0.9405358153566092,1
1.7838141189057832,1
0.4170754384931403,1
-0.5445652739719931,1
-1.788631362846863,1
-2.1306443601909892,1
0.16184899223728733,1
-0.49943385827966374,1
-0.981758617437547,1
-2.7142049145729086,1
-0.2975980714272059,1
-0.008965131596128599,1
-0.25307151396135086,1
1.1982023604166352,1
2.086319449763892,1
0.2729822162484378,1
-0.20268760008233797,1
0.47206131283505776,1
-0.909173323904185,1
-1.4682292141984,1
0.1967917315217431,1
0.49663716380772227,1
2.1429971379704353,1
-1.1841840912718948,1
-0.46054384882447824,1
-1.3121072438710744,1
0.6156428653687667,1
-1.3502942440269117,1
1.6910913621179022,1
0.3275141575732812,1
-1.6430854490964644,1
0.8116908764616558,1
0.20584494051795638,1
-0.9375072430816634,1
1.7647351125675967,1
-2.8889383653063057,1
1.0131805735899204,1
0.17230714031352395,1
0.3823700743205362,1
1.0218119378021309,1
-0.32074288862688777,1
0.1755578452134784,1
-0.20161108766494218,1
-1.6824034617781476,1
-1.8561267787253743,1
1.1611416960862833,1
-1.4302442195607932,1
-0.5972188669480704,1
-0.001345164838201081,1
-0.0026541040153863402,1
1.7215909461850636,1
0.49203269443688824,1
-0.4047600516674212,1
-1.1302148016714009,1
-0.3634110784878384,1
0.01196326167782772,1
-0.9588521495972735,1
0.36351532553307586,1
1.1015572887885583,1
-0.06654912624404634,1
-1.4685589750283377,1
0.7300640889389028,1
-1.9658255687526147,1
1.2627031936185995,1
1.5172060906628515,1
0.958982539688433,1
1.3828191240487608,1
0.011725211486725272,1
0.5186499936174203,1
1.9804268033728856,1
-0.4333716205000606,1
-1.7627039433472356,1
0.9263462328436638,1
0.6632684125744817,1
-0.06253956752008699,1
0.8876889316692375,1
-1.4504612094816458,1
0.23264393308090148,1
1.5807866535801165,1
-0.02491669131307368,1
1.6022616110193528,1
-1.6195958840416496,1
0.036390069855346485,1
-2.044159470027374,1
-1.5739649883058564,1
-0.146231261751272,1
-0.23521363536990894,1
1.412210703492429,1
-1.233545292735721,1
0.9913445798844602,1
-0.23241498601738975,1
1.2742532575250822,1
-0.6101902333115516,1
0.4292851965355528,1
0.6139418615204202,1
-1.2058584539103245,1
0.08517037966914798,1
0.59989800999754,1
-0.4135478561405609,1
-0.4356745927244043,1
1.21192959243875,1
0.22460132835877494,1
-0.16911123021641764,1
-0.5505764978486024,1
-0.5538071984040612,1
-0.37123465671604083,1
-1.1929918497119365,1
0.8497986574698455,1
-0.7776721139449982,1
0.4726952242827946,1
-0.6705254949346813,1
-0.20211725048389811,1
0.17481459330117152,1
-0.455222372808052,1
0.4746407066265728,1
0.4197178805279815,1
-0.20361490997825651,1
-1.3515772682078524,1
1.3836612372313257,1
0.7499209667009015,1
-0.01318489069775022,1
0.24336337082369383,1
-0.21281718086885942,1
-0.017465784371263542,1
-0.9334225894015644,1
-0.6006967404621595,1
0.010108667980775374,1
0.6849434085649762,1
-0.2829949254919116,1
-0.1336749894908218,1
0.22474049257364873,1
-1.5202729700391466,1
-1.306635127573597,1
1.438104477285136,1
-0.44632526193007255,1
-1.026004661624579,1
0.04445525986244965,1
-0.4043888917580074,1
1.3550950124345986,1
0.19424292965153864,1
-0.26267449342764665,1
0.2363313718335539,1
1.4648102833921066,1
0.7826817233478655,1
0.5677661662643054,1
0.3606651254308991,1
0.031064133954544444,1
-1.414674411435622,1
-1.3235007769606684,1
1.24700400813034,1
0.6088429523605853,1
1.6963686384169656,1
0.39018560711891237,1
0.35851004848131457,1
0.33604980450587835,1
1.1847521470397737,1
-0.15526609899921345,1
-0.6712565959304769,1
-0.13859951625194528,1
-1.1313027348728473,1
-1.8955512638175762,1
0.48777035732414853,1
-0.33921860792618047,1
0.347188752991844,1
-0.6555603130673977,1
0.2728913350227308,1
0.29435284952754054,1
0.06305094798440532,1
-0.8964590728998006,1
-0.7606922395867259,1
-0.19084433005321852,1
-0.937919219950038,1
-0.3996277927554327,1
1.2575278123368234,1
-0.1009816324502064,1
0.5857769124756879,1
-0.18151627229953413,2
-2.3919983796494586,2
0.19430985927122915,1
-0.3777932784074405,1
0.9680937578906549,1
1.2358304476182826,1
0.5766557718114388,1
2.784241668193122,1
0.11581726929564404,1
0.07896765645752385,1
-2.4346213714173253,1
0.3975312675863814,1
0.5993868313612325,1
0.5992795151715121,1
-0.4506322745355696,1
-1.6446638316283055,1
-0.8308260419368756,1
0.791704365844647,1
0.18309941264479204,1
-0.08593724695555864,1
-0.5628247123443237,1
0.23251359481993947,1
-0.43826107740823833,1
0.7629371322778578,1
-0.19567233407880705,1
-0.7932352419634129,1
0.3059132457286783,1
-0.15411915632503198,1
0.6301663881696448,1
1.2397986540125914,1
1.5602555559013587,1
-0.09936680337605763,1
-1.8860572028656266,1
0.05793112585190992,2
-1.129242497103431,2
-0.9061141504345278,2
-0.9802837492308334,2
-0.6439519190400897,2
2.0891639583594923,1
0.2489907846250559,1
0.47510005125598986,1
-1.7248682620205527,1
0.7514671450990758,1
1.190456286257765,1
0.07941199113118634,1
-0.2333913587288504,1
0.3910860860929355,1
0.4991253996626059,1
0.16480938565453998,1
2.269821199387689,1
0.3194399409512882,1
1.8901491663297942,1
-0.2342591030650111,1
-0.3316295782170939,1
0.8085140695250126,1
-0.7285416409923123,1
-1.8449406951465444,1
0.7444495425969984,1
0.010549540172566372,1
-0.17105863208791738,1
-0.40396648607619584,1
0.37394255716355373,1
-1.0559199831515536,1
-1.894847537436829,2
-0.31237522395013645,2
-1.2280608533332227,2
-0.8673467697956974,2
-1.4930485130783087,2
-1.6413348275618929,2
-0.34960019124674363,2
-1.305191842448039,2
-0.8603550354923469,2
-1.4339913394621164,2
-0.9168830287073496,2
0.11936534131484845,2
-0.930662234920453,2
-0.6242436553813866,2
-1.0782342610499889,2
0.7330346243058902,1
-1.0495837963764145,1
-0.9962716892456037,1
-1.4425491274863202,1
0.24005365185160635,1
0.4341681111805373,1
-0.008441722689847215,1
1.160893842485684,1
-1.2069631522836206,1
1.1201589239008736,1
0.5060617104134848,1
-0.43035890862654025,1
-0.24198561976193322,1
0.729504717641281,1
-0.05497213166123295,1
0.14913879809183136,1
-0.14419860987453975,1
1.4529774912163398,1
-0.2863049408360427,1
-0.8116647900337236,1
-0.746333444030498,1
1.9949672930415683,1
-0.5845992226639559,1
-0.344468660990671,1
0.8790454391551951,1
0.7034896224527236,1
-0.36275013453045607,1
0.9866234352951304,1
-0.0444458589441305,1
-0.049508525146168034,1
-0.07010948009823796,1
-0.81290040810181,1
-0.2192174233168678,1
0.7712364944445066,1
0.8097917904696323,1
0.6794221873472217,1
-0.6859210220700965,1
-0.906169192006178,1
0.05669589162511739,1
-1.085391294878717,1
-0.41711778371925146,1
-0.0361413854013582,1
0.9820850413570529,1
-1.760132142274814,1
-0.7635194756632493,1
-0.7822216540331498,1
0.5070281821136229,1
1.9657207592208183,1
-1.1260379359020842,1
1.6323521169122008,1
-0.20622576899323758,1
-0.5243155492262768,1
-0.35718758667770295,1
0.6092281571687077,1
0.8749745176307077,1
-0.4269300043019869,1
2.367505827842724,1
1.7517079171393188,1
0.14396747652499575,1
1.0674990714299495,1
-0.8438423684440586,1
-0.9554544756723684,1
-0.24118962990774415,1
-0.5550246675082803,1
-2.0081287400761894,1
-0.3708894172932717,1
-0.05792183750237124,1
-0.05069913999951425,1
-1.5666061842173309,1
0.38273982924649164,1
1.1420036226962669,1
-0.3513410349077116,1
-0.730219492274706,1
-1.2600178356126266,1
-0.5884557843014354,1
0.009542233296514751,1
-1.3676527971065429,1
0.4578094392662816,1
-1.4667184605516919,1
0.38780663133691984,1
0.3462463254485306,1
-0.27049896083252467,1
-0.14969832740600067,1
-0.10356776985746352,1
-0.3224883345539408,1
-0.7533600037885311,1
-0.7151593379355944,1
-1.4152165706472801,1
0.20177397947522413,1
0.34867975209699076,1
0.27457130941935254,1
1.1802151250056763,1
0.3307194671651464,1
-0.39126818278939,1
0.6510883609798631,1
0.231026411330207,1
-0.645866407682192,1
-0.639523744837133,1
-0.8039473158635652,1
0.7115625523946274,1
0.5382664847272608,1
0.42907167022109893,1
-0.34065112018525534,1
-0.65642727251545,1
0.7843925462685607,1
-1.4928649433232397,1
-1.93589681308389,1
0.002821451501365344,1
1.251626211622297,1
-0.1857719515599732,1
-1.4992120120473833,1
-0.8619996227722369,1
0.46522392122501827,1
0.026817433396976526,1
-0.1776956390040316,1
-0.416110195900207,1
-0.44565459761159737,1
0.15988385351330148,1
0.7772283869352803,1
-1.2492864627749671,1
-0.9939564691072031,1
0.29009033990754257,1
-0.1168955196706471,1
-0.367008517991819,1
-0.3729607559466824,1
-1.8171189748870824,1
-0.3261265370380094,1
1.465935270311031,1
0.09563888092004652,1
-0.12082951539780326,1
0.3683154738873363,1
-0.5005964654997552,1
0.39169776534755374,1
-1.1812381633270712,1
1.3280509342219873,1
0.09030233748661763,1
1.6966109149496271,1
-0.9101291720953537,1
0.08817216924894629,1
1.557140880380552,1
-0.8457833227742462,1
-1.184308819361189,1
1.3755433698631623,1
-1.0332697141554663,1
0.7720993664267601,1
-0.4199245638942863,1
0.9522356556118357,1
-0.5167616630609505,1
-0.7769899809831681,1
1.9144125901334463,1
-0.1443349502707184,1
0.440215563126942,1
-0.9969261799874206,1
1.2927850668229797,1
-0.08016752417104188,1
0.9992223064340836,1
-0.9417652394216445,1
-2.1219611464089776,1
0.4636736708485728,1
1.2711584430911118,1
1.7568492314413553,1
0.064354093496943,1
-1.4092513196692835,1
0.7989714695576062,1
0.04594373302748017,1
-2.1573844504038355,1
-0.30389737978785547,1
0.09305225612384974,1
-0.5959575982914307,1
1.5154443928561465,1
-0.9718938964273764,1
-1.5791799039760528,1
-0.9360318698184354,1
0.2265148079355369,1
0.09351230615009892,1
0.902327369729479,1
-0.9482820109322292,1
1.7009702638116717,1
-0.8174370822976167,1
0.43506615937229004,1
1.3575137777516486,1
0.09187692576455676,1
0.01964020454583305,1
0.7767202590963661,1
-1.298541687247972,1
-0.43133886863189047,1
0.7798401334038536,1
-0.8231289747371178,1
1.5376643991635492,1
-0.09941209723719423,1
1.7966463797580405,1
-0.13108302251774626,1
0.6316826729083381,1
1.2241804521847695,1
-0.74902364518236,1
0.9903106008952092,1
-0.6008229897848806,1
-0.44915455531061904,1
-0.3998875578608262,1
0.20768265606009123,1
0.9163031221791003,1
0.8809523807929918,1
-0.7648563848530069,1
-2.113144700522251,1
0.5274658062795643,1
-0.5375856726122372,1
-1.1000854457333813,1
0.8281379551846907,1
1.260731648887494,1
0.8712241797076449,1
1.4388030902303095,1
2.673471419474153,1
-1.1028246978055067,1
-0.2806942821799701,1
0.6006032062461439,1
-0.7418002404599271,1
0.2945795409081889,1
1.0096253653725327,1
-0.7825554507290099,1
0.1912897647316742,1
-1.586365034297089,1
-1.6013571212161104,1
0.2814445424030882,1
0.25246190346029385,1
0.6024197962772351,1
-1.5468233491646437,1
1.2592264708447143,1
0.2584343224265603,1
-0.3761460782700922,1
0.6143355438329297,1
-0.34100606832732094,1
-0.9987102935196714,1
0.1773725215937776,1
1.8347423464361836,1
-0.8417349671522097,1
-0.3953328656034049,1
-0.49807299290445084,1
0.4566309028709754,1
0.6752917423917298,1
0.29519340835835844,1
2.3178353595701466,1
-0.1936219881806853,1
-0.43140185748299015,1
0.26638080847588247,1
-0.3603313377122699,1
1.4931920890176895,1
0.4110588797965878,1
-0.3867507087926076,1
-0.4075794730674906,1
1.1010127105818088,1
0.2339050776358071,1
2.1935933279854813,1
-0.17595130804019612,1
-0.25007172911145586,1
-0.496479449372504,1
0.38671818235750127,1
-2.358875498624864,1
-0.5099565028710361,1
-1.494105814315418,1
-0.5892742049141249,1
0.03355802607591976,1
0.4679767295025313,1
-0.18528035518082708,1
0.486144682006292,1
1.1085278161243026,1
0.2882196484751158,1
0.24949579471818326,1
0.8673788615982544,1
-1.5910831540514592,1
1.6032962346632995,1
-1.0332043103253332,1
-2.3129151528526912,1
-0.08801712190677277,1
0.3971245376024739,1
0.8598890337924927,1
0.48965279250935984,1
-0.5954964480937595,1
0.545105418953688,1
0.07773597091848967,1
-0.099078665380442,1
0.4987429365149742,1
-0.5788870529825231,1
-1.0301925319995888,1
1.0046545445511534,1
1.5958737100626186,1
0.4534926397468463,1
-0.8354786818472166,1
-1.819574120712937,1
-0.8378442173685337,1
-0.4302055795461968,1
1.7568731696991005,1
-2.414599842996946,1
0.3733185015330821,1
-1.2098390654149263,1
-1.0932408365449782,1
0.638516195125309,1
0.2896431859101607,1
-0.12438625729000997,1
0.7756899412424907,1
-1.0566251894672214,1
-1.192759056018991,1
0.32270294517453635,1
-0.41012586920474686,1
0.27679800935255444,1
0.8819370954999476,1
0.9102657100635213,1
3.5720510575413766,1
-1.4829398073159163,1
-0.3153846000926845,1
0.7629405656974232,1
0.3273270279644041,1
-0.3540428796702022,1
-0.2803415092676573,1
1.2773815765272287,1
0.7335352540385017,1
-2.0209707756265596,1
0.5463653278546811,1
-0.06988273767915831,1
-0.03363400921120017,1
-0.13120219285633575,1
0.7904810500358656,1
0.3579524184844149,1
0.2957503556710248,1
-1.1938698549847402,1
-0.4182939408909658,1
0.8939874530836229,1
-1.4845259102672985,1
-1.0080846368900427,1
-1.2142050445160935,1
0.6284676442004224,1
-0.7742305582522455,1
0.34938060865443243,1
0.7439460157396088,1
0.33322641812182485,1
0.5865673733043316,1
0.35055731735634915,1
1.290809293003188,1
1.0948190138571015,1
-0.7952447887674488,1
0.7639015336924152,1
2.0876564306425234,1
-1.0726769512295753,1
-0.3271733130278478,1
0.48956986896793103,1
0.6152749969764632,1
-0.9350412256112143,1
0.6828726396489974,1
-1.6595394105147665,1
-1.0786501267832465,1
0.4173923199429112,1
-0.40790317273261695,1
-0.37388585087672466,1
-0.1101888358386046,1
-0.09607706832043555,1
0.0699538023448629,1
0.2536403232822587,1
-1.3724737977079446,1
-0.9389016603065414,1
0.733898403290599,1
-0.025596350480687015,1
-0.7256106127761108,1
1.7202998783739134,1
-1.296174541993938,1
0.8478717100927824,1
-1.0709318056618229,2
-0.6148106899876682,2
-1.2216118682469495,2
-0.22863855998768653,2
-1.0307465806349616,2
-0.3143989279413164,2
-1.804028088650857,2
-1.299818684465971,2
-2.6236064472244207,2
-1.300868396765297,2
-0.7487646684834515,2
-1.1399795621604352,2
-1.6527872877553784,2
-0.5672119640831578,2
-0.9199487480704909,2
-1.620632608053672,1
0.4693562238040524,1
-0.046014342591116565,1
1.131105199764703,1
0.04696782129178579,1
0.7662281784092521,1
-0.45960834640656767,1
-0.2862287009063671,1
-1.750603529180865,1
1.0867288614223536,1
-1.605024779468065,1
0.07819791108793536,1
-0.051448488634463656,1
-0.8230761834392143,1
-0.2970954565593496,1
-1.0348667659429327,1
-0.06792430005320382,1
-1.2334157262366825,1
-1.0348968024785967,1
-0.6458611705232595,1
-0.37449632819097317,1
-0.5335962571077664,1
-1.2721241271398995,1
-1.1152600295027835,1
0.9713252187631753,1
0.6255514302987308,1
-0.35182242247966466,1
0.23292605031542052,1
0.3641217866403295,1
0.22445856830232855,1
-0.27314706218470686,1
-0.1378974545452337,1
0.8685996071349475,1
0.9631253041497027,1
-0.6077737692029984,1
-0.005082407828085392,1
0.6376320476341353,1
-0.1202967181077184,1
-0.49118659260118447,1
-1.014512817708418,1
0.5542921252278787,1
-1.538924953707579,1
0.7803286913486102,1
-1.1834999864282505,1
-0.19082330776039227,1
-2.429582148428029,1
0.3243262136184447,1
-0.77900343329819,1
-0.3363750899190916,1
1.4954809860403142,1
0.1508461769663828,1
0.08481214760546825,1
0.3273541096410728,1
-1.2017838965244918,1
-2.013214793762298,1
2.0466720294385614,1
-1.8504940277189075,1
0.26367268979205427,1
-0.051937379554401926,1
0.8159080566641793,1
0.6481815663962796,1
-0.9007447633443623,1
-0.3642245566340702,1
-1.7699521103888083,1
-0.9432969090112077,1
-0.5485576785182935,1
-0.3480085898809955,1
1.1585383267533773,1
-0.6423005411106384,1
0.6988835041476679,1
-0.2090883623818807,1
-0.33773473147437477,1
0.07424563720098223,1
1.3863761439019593,1
0.09931315210645321,1
-0.6032837628605917,1
-0.36949861013881613,1
0.4818905028853102,1
-0.9387638539039302,1
0.13493716268750813,1
1.2573001845881009,1
0.15798356339846284,1
-2.360194112493594,1
0.8925734951819704,1
-1.7405260227767028,1
-1.1405737955878223,1
0.08437264291932665,1
0.5310527018436273,1
-0.4156714360852574,1
-0.13130818660546772,1
-0.5070656304345857,1
-0.9369016435231784,1
0.3310574638148775,1
0.02294421786202508,1
0.8434456585054019,1
-1.3512407540295188,1
0.38891666781410855,1
1.141220879959776,1
-0.397261336347142,1
1.4992240098704568,1
0.11904933073568277,1
-0.9957057134656141,1
0.10381279738978284,1
-0.875361437744944,1
-0.41888321405598716,1
0.33291197236525033,1
0.04000532049733247,1
1.0265054476829025,1
0.327210610504569,1
0.0739999816028975,1
-0.30127457458077633,1
1.0920013493938616,1
-0.14607396474961593,1
-0.6159375763125576,1
0.2889450094850449,1
0.1308511712939803,1
-0.08149403697698782,1
0.9880744608378635,1
0.4340323909542427,1
-1.4217018584899428,1
-0.4518735238723734,1
1.0941349978153472,1
-0.73701060450465,1
-0.14022803718835408,1
-1.8401953638149862,1
0.34270953732916104,1
-0.00994873460625231,1
1.635855063116464,1
0.5982982020370867,1
-0.06201411408942228,1
0.5487204423268577,1
-1.212393262257403,1
0.4914784311729781,1
0.60455393803895,1
-0.36416744367066317,1
-0.03924143229178623,1
0.1678391105592761,1
-1.3092861950553654,1
-0.01353603123435369,1
-0.08166913289033204,1
-0.32355546118478434,1
-0.41723937776701064,1
1.239962883211734,1
-0.343321719271204,1
-0.4633196553700996,1
0.32246720258786626,1
1.122047852303411,1
-0.6903067467036705,1
0.20208082883159428,1
-0.6010862512062803,1
-1.3350446542845034,1
0.8174219125135495,1
-0.9487742543019917,1
-0.6450241067859135,1
0.3905003499129514,1
1.4632235829735851,1
-0.011809502447974704,1
-0.8890442773022433,1
-0.8350136303935696,1
0.5855753357340694,1
1.1041702265868565,1
-1.5680392624009065,1
-0.39721734147400456,1
0.48368056482827787,1
-1.9717024834561472,1
-0.7442112135959371,1
-1.2729597616450385,1
1.6573222900532336,1
-2.1568005882213375,1
1.0700956434938425,1
0.4737372005755763,1
0.4631777382661874,1
-1.817675984855465,1
-0.13265095420391426,1
-0.4585830308037031,1
-0.4625288062789618,1
-0.7221552518674735,1
-1.8433529608349208,1
-0.04383496557408959,1
0.13726643951462628,1
-0.3683590159356087,1
0.7002214216980587,1
1.298596054389851,1
-1.2232877043538617,1
-0.3336710295563202,1
-0.41306237760022874,2
-1.094503245579047,2
-0.18583100304415412,2
-0.894759760162425,2
-0.5445738657819296,2
-1.4567332225600205,2
-0.4891214871742831,2
-1.4053380541129976,2
-0.5030477957191917,2
0.14167461659756692,1
0.8262179985769469,1
0.3075509421595949,1
0.49060510600340923,1
-2.0128071949653696,1
0.9859672064221979,1
-0.41027232049836226,1
-2.12476523394245,1
0.2709511467497231,1
-0.013596394243851293,1
0.1002177448698379,1
0.6063413257174747,1
-0.8493201368660978,1
-0.43252498411367646,1
-2.1336714454741976,1
0.37063794813627654,1
-1.187794476755786,1
1.3361237154315568,1
1.1998147742269627,1
-0.0608082573731237,1
0.9814078314758169,1
2.634453086389846,1
-0.8114024128892687,1
0.9988394801382612,1
-1.134227083668405,1
-0.1996497619467999,1
0.9256550648384869,1
-0.9368691615270035,1
-0.40204556823622406,1
0.10815056404869758,1
0.49267632256247107,1
-0.12392441891060392,1
-1.034545591877738,1
-0.3878874585419355,1
0.27825138164480545,1
1.5437875278541047,1
0.3583294496556708,1
0.4801792596850498,1
0.32690649421475076,1
1.2310950657059543,1
1.2049616124612375,1
1.3297619508614793,1
1.683562725813165,1
0.9997907357168223,1
0.2504901009123828,1
-0.6477474398034523,1
0.2582905908380528,1
-0.6018289960751042,1
-2.175360931304246,1
-0.06322858194987963,1
0.3726687834298201,1
1.381640836428428,1
2.190618190478026,1
-1.7677257393221328,1
-0.17001995288242627,1
-0.5631951695719765,1
-0.3705869137441736,1
0.37390588626991944,1
-0.37637055678508935,1
0.7163748818378656,1
0.2761738807809187,1
-0.09178606037893254,1
0.5308814651906845,1
0.39126100620158577,1
-1.1935490751644011,1
-2.3918447243811176,1
-1.2936002868141285,1
0.7428393108327963,1
1.120630228930167,1
-0.5276885400223427,1
-1.0402789160760868,1
-0.4489534836281176,1
0.8949897054618142,1
-0.8530059208732121,1
0.05083162035537718,1
-0.3062075610205969,1
1.5051296030317087,1
0.05186001511501764,1
-0.8281415179053392,1
-1.594894810739486,1
-0.21138215646439162,1
-1.2088283520017034,1
-1.4346555772167062,1
0.9120915265295587,1
1.1491859047620974,1
-1.8430414678216096,1
0.09190100035611527,1
-0.2291428260320432,1
-1.4391341443257142,1
-1.0810098594510498,1
-0.633029034429781,1
-0.49254990186857545,1
-0.040055266668853076,1
-1.1165200124251256,1
-0.45301774380912435,1
-0.8765830549202744,1
1.0692145773752666,1
-0.4001844825957449,1
0.9626105091701647,1
-0.9040543907343577,1
-1.1482233501422152,1
-0.8528027404306692,1
1.884521058976225,1
0.7619346309229347,1
-1.6009935411664789,1
-0.480510921287369,1
0.133130784548782,1
0.2151202596476451,1
-0.8605286770854502,1
-0.8441685628289509,1
-0.5967270440835128,1
-0.08188505234367784,1
-0.596098887795109,1
1.7891937617782627,1
0.35666884206702626,1
0.1292776135819737,1
1.351859704460118,1
1.289382171967942,1
-0.6299303452326451,1
-0.46372525149022,1
-0.010461472093872036,1
1.3037991745918727,1
-0.8579351088518031,1
0.6771274734342232,1
-1.418473146475281,1
0.3950448327626224,1
0.5655702742205819,1
0.29616867039755096,1
-1.403384229237167,1
-0.47754512835811225,1
-1.5115245210175203,1
-0.17932841119658127,1
-0.6212327753315425,1
0.19087515091045656,1
0.876834128226934,1
-1.7729120320478886,1
2.3291594913201736,1
0.6803796655251956,1
2.189509916686024,1
-0.7100381035044945,1
0.4530489523099655,1
1.0581043658502427,1
1.1964150029224712,1
-0.6039866097887803,1
0.8070155415751615,1
0.1777417025620927,1
-0.3643921492727599,1
0.04159291370516148,1
1.1039326707019157,1
-0.23948884651742647,1
-0.6172204984604985,1
0.7695423756179939,1
-0.08563399965414385,1
-1.0048598082866855,1
1.251162011893457,1
-1.887152393127833,1
1.4392937089920395,1
-0.2657539483692402,1
-1.1698844669049038,1
-0.7393367118937879,1
0.5182013511063576,1
-0.09399384164296933,1
0.3855764707838853,1
-1.2233438025240497,1
-0.3972031391371782,1
-0.6044587230240127,1
1.4005150071189167,1
0.17431193246315035,1
0.7242754140361095,1
-0.4337743109144199,1
-0.4849979687129252,1
0.08650051827280593,1
0.28692310902964435,1
-0.6453763514837249,1
-1.3965873943904885,1
-1.546279433101673,1
-0.3260185265851108,1
-0.25749440980888577,1
1.739124822654215,1
-0.08208487598769737,1
-0.4982495029054887,1
-0.07099975051933333,1
-0.4439072478106147,1
0.7034898412200422,1
0.3512072333927342,1
0.9654368182454675,1
-1.5003708814938566,1
-1.2831404979550645,1
-0.2556588059708759,1
-0.0819403462941182,1
1.1555632553991202,1
-1.4496625487441979,1
-1.0966038810540581,1
1.0822965787317074,1
-1.5575116750445481,1
-2.136157232400655,1
0.004884107784437442,1
0.004683788279505682,1
-1.1701394881436655,1
0.5405567589798511,1
-0.47840548170348296,1
0.5256577135881325,1
-0.933299455271554,1
-1.3267819818150437,1
0.10316352241719393,1
1.1123320903684002,1
-1.0347158997506236,1
1.2678801114823828,1
-0.317886652692874,1
-0.5210705622953101,1
0.9155267786450222,1
0.8381958529452903,1
-1.0104598323269238,1
0.5500630691941967,1
-2.6686906723828234,1
1.392654168377089,1
0.8053343505007663,1
0.2008477789906819,1
0.6226687700134016,1
-0.445282956293434,1
0.31195280982872087,1
-0.18205803942713372,1
-0.8633315115976086,1
0.11410541101298508,1
0.9790112667945814,1
1.1274948160976719,1
-0.5288127954988885,1
-0.9878367740205548,1
-1.0097878927350599,1
0.8850628653690833,1
0.7050424956859493,1
-0.21835466501198236,1
-1.4296475049447233,1
-1.5249082043722726,1
1.3101863251494423,1
0.6219473396459808,1
0.39060079126966846,2
-0.5008373362595531,2
-1.7796348708707561,2
-0.6379276674337387,2
-0.5018197003686462,2
-1.1187965366440624,2
-0.9601021899336065,2
-1.8644143587631454,2
-2.1967714930118003,2
0.41067885611195276,2
-0.39858265108083096,1
1.5600778357488612,1
-0.6488617562700492,1
0.12544463007977236,1
-0.8124374572145718,1
-1.1889244685819649,1
1.9216426104580306,1
0.04180014114636442,1
-1.9338233474175506,1
0.005245517500824148,1
0.7329500674499918,1
-0.003977390354193397,1
-0.9172438211849163,1
-1.3622152424380112,1
-0.825029148962897,1
0.6938721312788213,1
-0.8390567688967202,1
0.7645923283689035,1
-0.10068160711343621,1
0.8473478282813174,1
-0.23612181579625535,1
2.0484530852174174,1
0.023510682282632756,1
0.10965867605020704,1
2.2551052066144788,1
-0.9512355291274993,1
0.7441705856120435,1
0.08414775898916799,1
0.4515783039105279,1
-0.23522813058771283,1
1.364096386339014,1
0.2601194216509302,1
0.03813755998448809,1
0.3237794892065759,1
-0.6737626972797167,1
-0.028563409002961924,1
1.5788624381116267,1
-0.8397626087104548,1
-0.8833833833435072,2
-0.5338775934936941,2
-0.9861834190007657,2
-1.3198537813653342,2
-0.6443990315508089,2
-0.6905666939709042,2
-0.030668866975568157,2
-0.3254740747820227,2
-0.6448817302782917,2
-2.001206545838806,2
-0.21845095003636822,2
-2.148043968109221,2
-0.9501223329748181,2
-0.6367310231226532,2
-0.9833359877252442,2
0.6426967628428795,2
-1.8168265894703755,2
-1.4261412607189967,2
0.28723628821809677,2
-1.0943921822556097,2
-0.05185829886670698,2
0.16175339884777162,2
-1.0219239848699881,2
-0.23492729075445296,2
-1.368394624269252,2
-1.0927595062516864,2
-0.9981792196982548,2
-1.3988238071112074,2
-2.0543499839234647,2
-1.2262222055795857,2
-0.3913427699837733,1
0.23821882863613528,1
-1.1978795177189308,1
0.36923055379504655,1
-0.32225284195538395,1
-1.7023846703149101,1
1.2917588905675097,1
-3.018374221726902,2
-0.9090676594514432,2
0.04366354202524544,1
-0.017247375466871762,1
-1.1835774132861854,1
0.179424263741373,1
0.5427603043869836,1
-0.30019698571892217,1
1.9104809524994133,1
0.10360564750523762,1
-0.7847050276582191,1
0.7974081713340239,1
-0.17684277167878137,1
0.025801387527360182,1
0.6474824488164393,1
-0.9940900788668768,1
0.385381815482666,1
0.44850279270502574,1
-1.1238179406313389,1
1.246602507124569,1
-0.8376318675784866,1
-1.2771727692477537,1
0.4157216267275277,1
1.3910637195945834,1
0.34144944968009405,1
-0.15290608752493998,1
0.8697546523120755,1
-1.130943869579644,1
0.9275434875645473,1
1.1741661675473223,1
0.15575113598714196,1
0.4546517439544339,1
-0.3072840663697727,1
-0.6260506126926147,1
-0.1055300405066145,1
-1.6619962092269434,1
-0.5670677079983835,1
1.2647572910116043,1
-1.8844813274985854,1
2.380842836899369,1
0.05766517879890402,1
-1.7285391792487852,1
0.30749847839741085,1
0.4226663115635157,1
-0.7029623734305455,1
1.0192570752581842,1
-1.0800554916133587,1
1.3581318850586601,1
2.003382855408122,1
-1.6929092345093728,1
-0.7130738148787491,1
-0.6111335090190149,1
0.20502203123876409,1
2.108889191233967,1
0.6653122587930708,1
-0.2740322134691375,1
-0.2012230857608129,1
-0.159493861358577,1
1.4439642844745353,1
-0.028089316561568354,1
0.16208850382881268,1
-1.6073310643784338,1
-1.174637344307245,1
-0.7511130049119827,1
-0.08937148161829626,1
0.8584104312508066,1
0.7036639862203978,1
-0.5434431525928779,1
1.1753053865050407,1
-1.3251914669905207,1
0.31706347612815267,1
2.1157114060883577,1
0.5134467005175491,1
1.3634181819282172,1
0.032019333120076134,1
-0.33239814811428514,1
0.82367709573282,1
1.2680936818511963,1
0.08042046208985815,1
1.3888647400031697,1
1.0735775945352737,1
-1.0742546952310874,1
0.2675536693336705,1
-0.03043229749091403,1
-0.9075819641101158,1
0.8792598993888148,1
-0.588709501325198,1
0.791065566077514,1
-0.9176025198411444,1
-0.3529724893931348,1
0.2678507409931827,1
2.2723124742816667,1
0.46453221140064477,1
0.3430878261563873,1
-0.3731798385533475,1
0.6450207944559784,1
1.388287157691469,1
-0.1790061686634914,1
-0.3879620817539239,1
0.3933735404078185,1
-0.30388648069151625,1
2.0469195504453026,1
-2.168607349901395,1
0.8748232338330256,1
0.94530415140853,1
-0.01998493198495284,1
0.8635705880947867,1
1.1749227081724067,1
2.836403870986561,1
0.13464143104662699,1
-0.44269371898583326,1
0.9121619511845707,1
2.0938926081095195,1
0.6510318677934274,1
0.05438343122751384,1
1.5692487642173996,1
1.5477227096001585,1
0.6563052175385532,1
0.26047338648368307,1
-0.891949731237217,1
0.6431345883595583,1
-0.6117196901687693,1
-0.5642094464552021,1
1.5529371702225392,1
1.1395346418050802,1
1.122593147198977,1
-2.035834417845438,1
3.0106182774454817,1
-1.739144494597647,1
-1.780488007760911,1
-0.27567888049297407,1
0.9009187522702784,1
-0.6223387692006139,1
-0.11563279235599772,1
0.15591551725684522,1
0.6508268751708417,1
-0.913850706471929,1
1.1708753959693787,1
0.3543403875328375,1
0.23898312725848736,1
-0.5491190946274132,1
-0.3876417275078512,1
-1.5961550024209348,1
1.3045531817140363,1
-1.145498883914494,1
-0.012841694190162147,1
-0.061674729134734735,1
-0.2147406418060791,1
1.6209458223153534,1
-0.057583963616331606,1
0.7972466266263717,1
0.4619190148862232,1
-0.7467776375503773,1
0.02970811634070807,1
0.2055537144644299,1
0.06177160676766742,1
-0.14615382703608812,1
0.6053856041679693,1
-0.22387128067619033,1
0.2205851559992015,1
-0.8847853449631198,1
1.0905156012410804,1
0.6834079749024327,1
0.20360020269986,1
0.3745670406893437,1
-1.4755034959983588,1
-0.9245078769098526,1
1.3481578663331304,1
0.5540643558181191,1
-1.188982130270561,1
-0.7715128824682275,1
0.4399288570202124,1
0.08440624298723103,1
0.016941766077595136,1
-0.19526229886026156,1
-1.355373266362451,1
-1.1642108066835961,1
-1.4506375151925808,1
0.13352291282550585,1
1.3534564940851401,1
0.9623782865735129,1
0.08836472186829154,1
-0.6129918653588958,1
0.6568922867400246,1
-0.6342453234154473,1
-1.3190223588519865,1
1.3020781998084858,1
-0.46268927565038054,1
-1.592387841070707,1
-1.116633818073966,1
-0.46334416273486023,1
1.558132752696232,1
-0.6990498957807295,1
1.2544923361214084,1
-0.2380611493352784,1
-1.0430620182540031,1
-0.6687995133552156,1
-2.1809802378844463,1
-0.43714186368982655,2
0.030759468667410476,2
-1.1526218542087692,2
-0.9856848541718378,2
-0.8411457037990034,2
-0.4128933774383593,2
-0.8040854819409186,2
0.18654504526115537,1
-0.37324142383428927,2
-0.9347080150449248,2
-0.5845219589133247,2
-1.2595877250028338,2
-0.21063977118355454,2
-0.11783447664618475,2
-0.04551754031574346,2
-1.4067826712925284,2
-1.864495955196921,2
-1.0284887933915967,2
-0.3111123794334175,2
-0.18671261775171488,2
-1.3677359990069808,2
-2.8154138021379356,2
-0.9024337032121673,2
-0.9188189070497425,2
-0.5483003044074682,2
-0.4638793481581061,2
-1.0102818668183826,2
-1.008534344902414,2
-0.7860304991415752,2
-1.7444732237130247,2
-1.564496169905526,2
0.59869076881005,1
-0.8468134141219249,1
-0.963658827880916,1
-0.7540666380264974,1
-2.044663325286469,1
-0.8560841551174149,1
-0.09209687893596856,1
0.4463051657122269,1
0.16923048904570145,1
0.16274250401265344,1
-0.03692512556555145,1
-0.8847721764731676,1
0.8017848911506348,1
0.6862825666242616,1
-0.8761144487484199,1
0.2542260913269829,1
-0.42231473301072375,1
0.4832347305664968,1
0.37739661368828525,1
-2.379803661773273,1
-0.6186555542149679,1
-1.599759505026756,1
-0.020113489415919644,1
-0.5026587286915384,1
0.13431085599202058,1
0.8614007318230007,1
0.251471616909962,1
-0.7023579616165282,1
0.03972891076511093,1
0.07460128332804737,1
0.30696276583151844,1
0.9976268451317791,1
-2.0609293463362763,1
1.093888894457762,1
0.9299393286415815,1
0.2565472388816212,1
0.7229348708093237,1
0.8549608566553218,1
0.7034239252271359,1
0.2239288410879296,1
0.035092251077233495,1
-0.5994573846168942,1
2.1824372045479046,1
-0.18449919305322593,1
0.014131736311421313,1
0.3924158441530534,1
0.20383549611962684,1
0.5158506515243827,1
0.7236902143039113,1
-0.4239765626845614,1
1.0249478074468055,1
-1.5159126611135598,1
-0.23372131714859415,1
-0.49276127796605923,1
2.21309894887345,1
1.0280169220422086,1
-0.32711518378908416,1
0.815133495949917,1
-1.1768937113529245,1
0.8729644317986652,1
-0.0932693053521131,1
1.1851910433220838,1
1.79472073653584,1
-0.9742246707138187,1
-0.3937047547350002,1
1.1463501556333617,1
-1.2442291268396677,1
-0.11697302958927751,1
-0.1521031661742669,1
-0.5355710078694523,1
-0.6951401483721007,1
-2.062416905271528,1
0.4264372438242346,1
-0.11162387036276779,1
-0.6276342704217717,1
0.3589780797936731,1
1.652163806011029,1
0.4209532499149246,1
0.24049467737518215,1
0.5735793586209568,1
-1.5834806103116275,1
1.3774627810154285,1
-0.8183895108885867,1
-1.1472490579520922,1
-0.6854908003295872,1
-0.9971117797628348,1
0.7153079001927187,1
-0.1966944602720177,1
-0.4273395722471635,1
-2.6486174470559254,1
0.8938158702725505,1
0.18691266865760675,1
-1.5116841041776798,1
-1.4341666516933333,1
0.5758404421816589,1
0.16480019544895427,1
0.5934202422432006,1
0.42351235389031994,1
0.5482967663323356,1
-1.1935265027211248,1
0.754364380025663,1
-0.27258073770429053,1
-0.42179673315236266,1
-0.5375029675370608,1
-0.7959792379547942,1
-1.0964122318127298,1
-0.37971215516803025,1
0.7150832702352222,1
-0.3216304572767668,1
-0.7012177263469151,1
0.004269786847222044,1
1.5067569043849367,1
-0.2924717111998953,1
-0.5178244103163568,1
-1.2497028052649475,1
0.7991244774901207,1
-0.7852475149628109,1
0.11845372358735358,1
0.5294904811524221,1
0.27976504099347393,1
-0.6450894721952717,1
1.1246956923168698,1
1.444302425788815,1
-0.49490634975436915,1
-0.20473352775508957,1
0.8619732699773681,1
-0.6526937670253546,1
-1.1523120258997552,1
0.11131799958463541,1
1.4160078998057601,1
-1.1349797490536826,1
-0.021023768660683936,1
0.10507309076970031,2
-0.2586238320927411,2
-1.112829831866018,2
-1.8717691093466007,2
-1.5219352875970764,2
-0.5150278513803546,2
-0.3774099123082688,2
-1.9879273281998542,2
-1.1308076739062387,2
-1.5232778218830922,2
-1.4748358985066905,2
-2.241229402443695,2
-0.5158158499364637,2
0.08244945360358333,2
-1.0120696639666484,2
-0.828633972186757,1
0.90673051339582,1
-0.8562204105181836,1
0.31560326854705656,1
-0.09698735993018583,1
-1.3211071399549565,1
0.2243800432224087,1
2.8237739639825863,1
-0.2839988939732042,1
-0.12667277922762687,1
0.9526538576963735,1
-0.2560005652171233,1
-0.1923920284315909,1
-1.3560720920149967,1
-0.3993391124651691,1
-0.05915489264025764,1
0.45399695263564194,1
1.7488052951116675,1
-1.4238100158229572,1
0.4622763126521454,1
-1.1089258171252498,1
-1.0003517372745052,1
-0.7047476964530901,1
0.28017511982744503,1
-0.3320266281365495,1
0.039605776908354574,1
0.6793429176582143,1
0.3826268950896692,2
-0.0009129204505123396,2
-0.47274623487196626,2
-1.284895841150256,2
-1.2110452136624905,2
-1.6999833732642529,2
-1.0794863813878814,2
-1.0110477185759454,1
0.45091216766437514,1
-1.2020048593135326,1
-0.6959515210253244,1
-0.9539485933869654,1
-0.2613041520704011,1
-0.8722538197278664,1
-0.0820202769799101,1
-0.7238370947426401,1
0.7571116265389095,1
-0.5910424745332605,1
0.9361897396812496,1
-0.7999335261523659,1
1.0402409082592674,1
-0.44383111204093145,1
-2.14669867042307,1
-0.6913296714876372,1
-1.1136343863375813,1
-0.0027203058939214127,1
0.1471466725775708,1
-0.05312532805855823,1
0.30212034758036976,1
-1.6244627375513327,1
0.4151656025426491,1
-1.5900451357165406,1
0.1117197615237901,1
-0.43034369605565753,1
0.7067108185360738,1
0.14288412740205825,1
-1.4628304793879126,1
0.2015692528393325,1
-0.20603627859991394,1
-0.5177629982363561,1
1.6728452277575234,1
-0.5402484200921985,1
-0.40643492539385073,1
1.5009299366974072,1
0.9549611112023262,1
-0.5063128211127139,1
-1.6013477727011736,1
1.0184742344019795,1
-1.152444410602916,1
0.5175950107613415,1
-0.09949564000728725,1
-0.12054512775761998,1
0.8652161398346326,1
-1.5602547044678958,1
0.6499869033039806,1
-1.4109709615192603,2
-1.510658371680076,2
-0.6819875414917557,2
-2.238523245957683,2
0.5007364793679298,2
-1.1287991219281037,2
-0.6366216299639105,2
-1.9567936122696707,2
-0.5825933433333368,1
-0.44601239855586605,1
-0.1375459878899332,1
0.43003153575997377,1
0.8040805418779867,1
-0.08479005778102496,1
-0.23565005142458806,1
-0.6452899834042778,1
0.429674112117461,1
-0.20926585912272871,1
1.0168097849370448,1
-0.45512488208954516,1
0.8285205377002975,1
0.6140101814170166,1
-0.05778510420096137,1
0.012011103806849685,1
-0.15668410973746075,1
0.5227034808147695,1
0.542029191124732,1
-0.017598266665645297,1
-2.4182458642478655,1
-0.812956191626055,1
0.3147807898255065,1
-0.3839319968126446,1
0.3128187928646206,1
-0.5061330595917972,1
0.24431492267381158,1
-0.7511765495797382,1
0.1901017340750025,1
-0.4092484048455653,1
-0.39895957229624995,1
-1.2907067023507763,1
0.4667978417009065,1
0.9335616865544292,1
1.0141362701624914,1
-1.3986382873112781,1
-0.0036393731757168196,1
-0.1182595834666548,1
-0.263455638717318,1
-0.436721946228714,1
0.010025548104749886,1
0.867961266844304,1
-0.3897826675161072,1
-0.682509038862123,2
-0.2937538022246434,1
0.3317474502388103,1
-0.2005915697767509,1
-1.6099730398592877,1
-1.1721929514821279,1
0.2854200204499039,1
-1.1986286390559524,1
-0.19426182133988074,1
-0.21823875287333247,1
-0.2602866573828989,1
-0.685453737432782,1
0.1451230863340712,1
-0.34107343252375266,1
0.3841314496607452,1
-0.6663496289952168,1
1.0103166752286423,1
-0.9244231927260047,1
-0.5196752321043681,1
-1.3732951674203537,1
0.5265459332027851,1
1.4071550729650668,1
-2.0253364010729014,1
-1.5464200327365187,1
-0.5862957310647211,1
0.5799417685780848,1
-0.21854415174903363,1
-0.23651711029995265,1
-1.2905124451501475,1
1.104226876188867,1
-1.470081306963216,1
-2.0483746683333233,1
-3.3048574512776168,1
-0.6401931624536615,1
-1.2047381809680935,1
-0.6009401315667355,1
-1.0953045812183593,1
-0.6691710086151429,1
-0.8238666755058556,1
0.07416579867360493,1
1.0588111470600698,1
-0.023527009007956456,1
-0.5183094222692108,1
0.49978612474392214,1
-0.8767678333085752,1
1.637626045730821,1
-1.3692417439742133,1
-0.3122052947964892,1
0.4593573063655036,1
0.44385352660593264,1
-0.45082428183110984,1
1.581858749447378,1
-0.7612592002141829,1
-0.22852468173739307,1
-0.14792975818900267,1
-0.06098693226072114,1
-0.33462297367138927,1
2.2251639266907572,1
0.6386835441164013,1
-1.7071236200697675,1
-0.41480445169293484,1
-0.32195794365848346,1
-1.4654170753341205,1
1.4400776545783045,1
-0.7709794032094801,1
1.112664692119316,1
0.6084508327156617,1
2.0601699952441037,1
-0.31761195870451153,1
-0.6324037070780918,1
0.15936605007569665,1
-0.41373756417474716,1
-0.14267246207160839,1
-2.4310109783292697,1
0.057039891154769116,1
0.5583197250637726,1
2.147264713913614,1
0.8674674148628231,1
-0.3339858326335347,1
-0.014541876796884713,1
-1.7327844816414024,1
-0.8896526383212753,1
0.5330039299479556,1
-1.8519094836340613,1
0.7746077671024645,1
1.055563171265725,1
-0.043316317360185506,1
0.3756403194939695,1
-0.27855076116568783,1
-0.5056150469170749,1
-0.9127738887627314,1
-1.2821731439104123,1
1.035840643837499,1
-0.5295841021193427,1
0.07932467999167278,1
-0.3336196624765239,1
-0.13699779952492522,1
0.919168586545318,1
-0.23301564201420988,1
1.4578325640936867,1
0.2693282115882839,1
0.37131327332107816,1
1.7439681519694363,1
-0.49050536251888344,1
-0.8092065811201944,1
-1.1317680602674052,1
0.09979094014242273,1
-0.19448744116517785,1
-0.6295665343396283,1
-0.8372519550528454,1
-1.8114493206770894,1
-1.836557588374056,1
0.7729013904068749,1
-0.28319812266381,1
1.3947661632551294,1
-1.0401276174953575,1
-0.3104162754510232,1
-0.9566393331514449,1
-1.5489766382346608,1
0.2699614477713762,1
1.3133734650814317,1
2.2144323861310924,1
-0.5542610450946459,1
-2.3409039681300574,1
-0.19198561340480663,1
-1.60396799715209,1
-0.7224073102581579,1
0.46328750038391275,1
1.6400828466427153,1
1.4101332033655527,1
2.0000806214835136,1
-0.09528531807209885,1
-1.4174553746660112,1
-0.05634006925937379,1
0.5065351137665203,1
0.28735028419873626,1
-0.430961102960496,1
-0.2690897576255889,1
1.4741246548022706,1
-0.30535027076716875,1
0.008803044419799445,1
-0.0136241973295924,1
-0.18678885426761904,1
1.4808574829282348,1
-1.838622841943323,1
-0.7496710820025182,1
-0.9903742386724097,1
-0.3819252514864461,1
-1.4271155052283233,1
0.920603387910557,1
-0.2825917016342433,1
-0.8251785552659351,1
1.4230838534999786,1
0.5764880458692789,1
-1.2335313380044364,1
-0.11830631013590549,1
1.2298913004348897,1
-1.0702271299619663,1
0.5071999225394802,1
-1.3150997357871537,1
0.47738160685986947,1
-0.9827840016968116,1
-0.21525314356884245,1
0.49674128622330305,1
0.7740221131830044,1
-1.1389557744811043,1
-0.25280563631838465,1
1.9586644437371283,1
0.6934492732871854,1
0.5563060379768304,1
-0.3760133138249683,1
0.945684837820176,1
0.4096585664990262,1
-1.36617651313612,1
-0.46325322983973677,1
1.3021281852384243,1
-0.00860819715882889,1
0.06011508827625732,1
-2.450268994267081,1
-0.8906037689692508,1
-0.9472093566303663,1
-1.485899718069708,1
0.38877671477112397,1
-0.0564581547796148,1
0.875959261375888,1
-0.05698515238363753,1
-1.2555223291552062,2
1.098198570707223,1
-0.6959260648342869,1
-0.504467434579554,1
-0.5561871698433368,1
-0.8987339861970752,1
0.5017197504147154,1
1.0026083027477593,1
1.132793695823554,1
1.5433546772099287,1
-1.3388204505709813,2
-0.492289514837466,1
0.7430135280952876,1
0.30229052166507264,1
-2.0727216402259727,1
-0.19843610163643446,1
-0.0021075424532344417,1
0.6460866574283459,1
-0.38948979885843155,1
0.16507924231148005,1
-1.3345539410074316,1
1.0571931393854812,1
2.480643542607296,1
-0.04508305567393153,1
0.12441721282148369,1
-1.0798063048662623,1
0.12429390731998927,1
0.8052231313387621,1
-1.011182690327267,1
1.4440307130390322,1
-0.38779918930059243,1
-0.8297481576021256,1
1.917912451010652,1
0.3230340039652587,1
-0.2584284899344658,1
0.3904386841734243,1
-0.01284145384086979,1
0.14098793629489176,1
-0.7547784552724919,1
-0.7517070610499257,1
0.9594677872999098,1
2.903711623660838,1
-1.7128042584539944,1
1.0428070813499744,1
1.2684579155596567,1
-0.3073742309106127,1
0.10100501213621121,1
-0.05156041275869934,1
-0.9297213622053897,1
-0.9485932781351456,1
-0.7609335008221588,1
-0.20713042870748594,1
-0.9152527871357912,1
-0.6658989361981226,1
-0.5271193507981791,1
-0.7762331645604743,1
0.48669879194027993,1
-1.9084177986368405,1
-0.5642414819473046,1
0.3208711842229769,1
-0.8146387766449098,1
-0.22201745107089801,1
0.983999141275578,1
-0.49841394931039695,1
-1.7537981302480965,1
-0.1073249220714143,1
-0.20741136570817748,1
-0.8527587817956928,1
1.8914142053503733,1
0.2656664169720534,1
-0.5237518945611438,1
-0.1694700486857934,1
0.7977620751962805,1
0.19795213737342457,1
0.2572095071875656,1
0.06696292593690459,1
-0.16522455406564096,1
-1.4130938276825538,1
-1.4330918084230262,1
0.3488765072609805,1
-0.9181777635348164,1
-0.5552263664329403,1
-0.6214714000080038,1
-0.666628212671613,1
-0.6804907899155906,1
-0.6122457218555126,1
-0.355222484133261,1
-0.07460477248183564,1
0.1964678083068757,1
-0.4230923005997674,1
1.677483658231187,1
0.33075048982972904,1
0.43915662470638284,1
-0.9668618836182894,1
0.1922987562708628,1
1.0756091693952785,1
1.2359781242266616,1
-0.8984530512407056,1
-0.3527128922254353,2
-1.03823787050997,2
-1.751710457926891,2
0.16173081121339367,2
-0.8482824717791986,2
-2.1402645678184395,2
1.4551146247659545,1
0.5887166856375956,1
0.506116747689912,1
-1.0629757651989438,1
1.1201031286525251,1
0.5863213483633719,1
1.5038733188989069,1
0.13948410179856885,1
0.3041069120467976,1
-0.07265592946755087,1
-1.5808939153508532,1
0.6914195915459374,1
-1.232651110719327,1
-0.8374733499288758,1
0.8067382852153687,1
-1.5769250535426067,1
0.3508529639189334,1
0.7917503386505481,1
0.289465982908253,1
-0.64854119475855,1
-0.5706172699921181,1
-0.5069901332535527,1
0.02545706126963791,1
0.9017643794349514,1
-0.11406441631157249,1
-1.9189678626387787,1
1.0567400852910878,1
-0.30075556964346606,1
-0.5571033898808857,1
-1.4115323760990457,1
-2.0309741396523187,1
1.0752843554055018,1
-1.089221568900013,1
-1.0948441539679223,1
-0.5870770149378202,1
1.9594195508743208,1
0.22374765045461129,1
0.25594485776962067,1
-1.6034525950762681,1
-0.9132208293281084,1
0.9887771253996228,1
-1.66236481182954,1
1.9194887364076338,1
0.03548650433257193,1
-0.645421995908629,1
2.3177205365428177,1
-0.054024187709824235,1
-2.002069191073302,1
-0.13460763183253202,1
-1.7712863061591888,1
-0.3962388761471919,1
-0.1436127365279985,1
1.019381552067402,1
-0.06724285231764064,1
0.9491241422013886,1
-0.2866207415029513,1
0.39461708246619126,1
0.8725639525759141,1
-0.08777291129718166,1
0.9685167479188944,1
-0.12679114416485654,1
1.327734181836716,1
0.4021111515770301,1
-0.7056374005398581,1
-0.40426466737309813,1
-1.26637731580131,1
-1.5543080565596001,1
0.8610860960977248,1
0.19808341210783492,1
-1.0358854612132968,1
-1.006509312942594,1
1.1311086353376734,1
-0.09591063092591634,1
0.4023888794483193,1
-0.08096581581752318,1
0.208607768465957,1
-1.5617065827028271,1
-0.39013158897094047,1
0.5289843387819135,1
1.4603084170776695,1
-0.2883184965046035,1
-0.4937854772330254,1
0.5867021732686251,1
0.16196751816402466,1
-0.5547262339416669,1
0.2923888141602865,1
0.802069323267387,1
-0.25348979673720895,1
-1.0879838111872715,1
-0.13630018989753553,1
-0.21663819645726906,1
1.5308512140121302,1
0.18725338865893285,1
-1.0802568173750482,1
0.23674286837796304,1
-0.4755767410772518,1
0.676539357342493,1
-0.2852041841507334,1
-0.802040251713502,1
-1.029557415741758,1
-1.5247085903006756,1
0.020342020174841664,1
-0.7509192236373793,1
-1.0232483891996842,1
0.30270383659776423,1
0.8557819447333592,1
-0.37272307206405336,2
-0.07998181411248521,2
0.5391629300272712,2
0.09340262436095226,2
-0.35322615949849673,2
-0.7873821606328687,2
0.18779862371188089,2
-0.5266616913822553,2
0.07292467501002313,2
-0.07883844218559989,2
-1.1212621738620607,2
-0.3087722958666418,2
-0.48089763417389264,2
0.023478213484465205,2
-1.6128146113237132,1
-1.3725093117818377,1
-0.2767830188463821,1
-0.8471924706908229,1
-0.4911624797203279,1
0.7670782683531814,1
1.4081703183449623,1
-0.8329126021071008,1
0.6935036351505534,1
-0.849883080824504,1
0.4284015764213866,1
-0.5259401543807699,1
0.44234161206036837,1
-1.3357271206745098,1
-0.45815386295382066,1
-1.0964652280119846,1
0.6876693474600899,1
0.13157092000089365,1
0.31049649168861054,1
-0.82001213129542,1
-1.5788214283624287,1
-0.4658086062312892,1
-1.1117577790387638,1
0.8431610749293651,1
0.3548488143308139,1
-0.5684803086223607,1
-1.6979573829112322,1
-0.33458065194521824,1
1.7663638498043368,1
-1.6298593740617386,1
0.7969322971131543,1
0.8103268699294538,1
1.4546950506208027,1
2.089993278436168,1
-0.9083087169164904,1
0.2162104353148278,1
-1.265660515544712,1
-0.6743963408024237,1
0.5458898630488971,1
0.598500356578015,1
1.3431590134290419,1
1.140387299449932,1
0.2737484835640748,1
1.0640164461525,1
1.6765551531346983,1
-0.24859742508394522,1
0.7095851720719952,1
0.9174597841564185,1
-0.4850429752464839,1
-0.7227867465401164,1
0.3792678585679789,1
0.5280206649853254,1
-1.011801864938467,1
-0.5919664422752834,1
0.4660257080786591,1
0.46729564036836285,1
0.5803678038677399,1
1.3518630629054367,1
0.2259546953531987,1
0.46789200235006284,1
-1.1343204399888551,1
0.5019742653391863,1
0.3610304498162711,1
-0.3027385216264394,1
0.8909534362577863,1
0.5105072928884431,1
1.7039670333064083,1
0.8429226499074114,1
0.07955646151161812,1
-1.2143846657396942,1
-0.6432125046551506,1
-0.6293736415318798,1
-0.4163407776423831,1
-0.7798060132167094,1
0.44082332593324797,1
-0.6803876743694981,1
1.3649923835805255,1
-0.7958650754380037,1
-0.6292831025159548,1
1.7727050944197065,1
-0.8218397726265085,1
0.0791475801886391,1
0.707745140228721,1
-0.926685205825978,1
0.31357219262414215,1
0.08240864506026198,1
-0.19340818407380708,1
2.109197063092118,1
-0.22748859062236274,1
0.22786707688991534,1
-1.6205393751278623,1
-2.622165972498758,1
-0.14116515599989152,1
0.9944298939960299,1
1.367991961970254,1
0.11528251342503457,1
0.6305808783058564,1
-0.17960691836144663,1
-1.6138216066146356,1
1.4877967517768003,1
-1.3672347866088392,1
-0.25681239396022576,1
-0.4665986255422742,1
1.6630551777894855,1
0.277216098130881,1
-0.17105176725797788,1
-0.4962205927910463,1
0.9522182475073387,1
0.7540114110938438,1
2.2177130223410573,1
1.181508006416998,1
-0.6787322806424131,1
-1.5320586734007948,1
-0.45538948293438686,1
-0.6760629609736212,1
-0.4322652831732253,1
-1.6105889213788704,1
1.3247437399822157,1
1.0387839862119603,1
0.1294348817342277,1
0.4468162012661981,1
-1.5592845109496063,1
-0.1450907882661071,1
0.34536829439167965,1
1.388724325599033,1
0.9131019396235255,1
1.0262973060974108,1
0.625443682434119,1
-0.11322406845411355,1
-0.0660328049194371,1
-0.43493206138624274,1
-0.6737625194933419,1
0.39323168776194994,1
0.044812110973519385,1
-0.9606882042650693,1
0.30700999791892897,1
-0.7129622980880299,1
-0.834871992315812,1
-0.9982857516403733,1
0.6300449191505613,1
-1.4477070690177714,1
0.07425258396899384,1
0.5020713641066318,1
-1.951393586291117,1
0.7285838583951023,1
-0.38861530051750004,1
0.8738641057329939,1
-0.7255047943926161,1
0.07709829908865132,1
-2.7092534359457927,1
-0.15000930878298022,1
0.3929824456645196,1
-0.6899817273279384,1
0.31726770755946115,1
0.2663431154957812,1
0.04391304680726953,1
0.4912038053042904,1
0.12326231650897018,1
-1.5634811545349283,1
-0.9174948462515141,1
-0.036385276362493855,1
0.18192152495527755,1
-0.4494766363390112,1
0.8514928192864489,1
2.0445885303670375,1
-0.4010626956049522,1
-1.6443118883474357,1
-0.23341763729061085,1
0.46497488854618413,1
-0.43694596545752673,1
-0.7652132691280038,1
-1.7558275828651537,1
0.3089916170813613,1
1.1774104742404208,1
0.2240353876376939,1
-1.6080469137911935,1
-0.05388583392305518,1
-0.26821690857278485,1
-0.922448919446841,1
-0.28282207470032106,1
-0.6504457103283436,1
0.44380046089001174,1
-0.3110079276009772,1
-1.1754380478244102,1
-2.123234912664111,1
0.9323247564379014,1
1.2452609163761181,1
-0.6691740131744145,1
-2.087168170754743,1
-0.08994182007445967,1
-0.28408621576446164,1
0.04058050868321155,1
-0.6809535805902265,1
0.054821594295047904,1
-0.7031895527597185,1
-0.332536037497312,1
0.5379809343846795,1
0.160463020701499,1
0.9000510602633128,1
-0.9493609425120412,1
1.1963120294207297,1
-0.17760392993120133,1
-0.20412320753141297,1
0.33939599999696324,1
-0.9744300484124758,1
-0.8568925114846588,1
-0.3517370355042126,1
-0.7519804943926206,1
-1.5400820871488294,1
-2.4504863888234514,1
-0.42454697452740403,1
-0.4219453565689515,1
1.0259252231637805,1
0.08499652058821874,1
1.0297319572915258,1
-0.5396292107688205,1
-0.9218662836957617,1
0.540552316793525,1
-1.8320566484661296,1
0.9665229938718732,1
-0.5980423124505787,1
-2.062748204069839,1
2.8092793412463397,1
1.5100689730374992,1
-1.8860336152971928,1
-0.23394770264666315,1
-0.061209660546830115,1
0.3231776688476404,1
0.7437111952137279,1
-0.18477413036976786,1
-0.008745217981976349,1
0.5409879662140115,1
0.9755356631682668,1
-1.5757151219827046,1
-0.04897357512340208,1
-1.6218707819602736,1
0.1740679014212748,1
-1.0244202036553147,1
-0.5090176991439703,1
0.3486483173951676,1
-0.955815631146765,1
-1.8279948768613465,1
-0.09825803222564262,1
-0.5355618695626059,1
-0.24904630232260672,1
-0.13857958238441834,1
0.2947055759187836,1
0.5784673963485021,1
1.099648412836736,1
1.1807864846792937,1
-0.6803856982486746,1
-0.7854388078576495,1
-0.5562337989892091,1
-0.271982417479733,1
0.4628607224367113,1
-1.9003731004932483,1
-0.6417932766599327,1
-0.11630249260587716,1
-0.004806027483917661,1
1.6059668659485749,1
-0.6991704677769067,1
0.7244204605022673,1
0.12010593245411728,1
0.9079186529074225,1
-0.4444376754292116,1
0.41875850871788345,1
0.4772587991962228,1
-1.0586852159319267,1
-0.20867914450543223,1
1.2911063448776066,1
1.1090578341576673,1
0.8349106035725321,1
-0.0810426788868084,1
-0.9909547913238598,1
1.2316697179161837,1
0.4264621245310244,1
-1.9350303719330608,1
2.357096670406198,1
0.5659224918212066,1
-0.9336316643159044,1
-0.872661496137306,1
1.4120411478541675,1
0.4538409359121629,1
-0.8583452599114927,1
-0.07665398762148916,1
-0.5562583865944124,1
0.683264140664597,1
-1.828958598980785,1
-0.8795031116204483,1
0.12516382526600506,1
-1.3409159625118778,1
-0.732628903044242,1
-0.039666853913531364,1
0.25970794830831195,1
-1.5716031278092981,1
1.6370909916478813,1
-0.30205991492247247,1
-0.47102370483660466,1
0.3932989146791719,1
-1.7905219725571742,1
-0.7046974824569084,1
1.0012576859048368,1
0.44194543389475005,1
-1.768971110249017,1
-1.4177917072326471,1
-0.5220171212914179,1
3.1191692812405516,1
-1.6803970093729952,1
-0.6040517771886249,1
-0.15772412149421416,1
1.3930237365794227,1
1.9158484882001972,1
-0.36463573459744586,1
0.05164651974344092,1
-2.000357124097271,1
0.2590897819509143,1
-0.475960669746712,1
1.083118893169978,1
0.731601962075779,1
-0.9655867777001832,1
0.010415752913500803,1
0.102878119052043,1
0.6630250875052708,1
0.867159934269764,1
0.8005864327484883,1
-0.6616800763550506,1
0.06420746800237827,1
1.4782900411124527,1
0.9724669575593741,1
0.9466449262662592,1
1.5284472470520694,1
-0.012379921456776783,1
-0.3043156527928445,1
-0.6668777096037846,1
0.3086732759731673,1
0.2589286473505682,1
1.064362034328396,1
1.2121476201959904,1
-1.3135933806222766,1
-0.4887937213185836,1
-0.582592161290261,1
0.3957540721236818,1
-0.7874253710273895,1
-1.039924403391602,1
-0.11900765801841189,1
0.4185450289566203,1
-0.5675612249827647,1
-0.7161213473331325,1
-0.8147706171003386,1
0.2976204493656477,1
-2.9332717610808414,1
-0.7216211732715754,1
1.0281310324298618,1
-0.09266978167454042,1
0.1630083984347546,1
-0.40230212551895933,2
-0.5017596116988973,2
-0.046327777329345746,2
-0.9430678653260819,2
-0.5185188093701997,2
-1.1665992173750996,2
-0.5749750281549261,2
-1.8716187064161975,2
-1.2152879359105337,2
0.5956619553049683,1
-0.6052831224415904,1
-1.0112226566589442,1
1.2144835245767578,1
1.0590055843938322,1
-0.03834684019520043,1
-0.406248419275629,1
1.3505902640729355,1
-1.4441366461128096,1
0.4424383565169798,1
1.7342674151376474,1
2.9810977829827836,1
0.18758972799686377,1
-0.5221341426268586,1
-0.011895652465342896,1
0.11419420667137428,1
-0.34254551278444606,1
0.6564048682596565,1
0.7311730499968668,1
0.7128747008192294,1
-0.12277465118778001,1
-1.4011222711239464,1
1.2188808198947303,1
-0.9158256028786176,1
1.7677619184504243,1
0.38803070496828657,1
0.9479728575696081,1
0.036187739125960794,1
0.3658581573841337,1
0.9937924777506345,1
0.5652094741790895,1
1.5648528305468137,1
-0.5960321192241853,1
-0.07678539518972888,1
-2.5504919968373616,1
-0.07637366156411768,1
-0.1716692730668685,1
0.07043316826684308,1
0.3524620600065747,1
0.46280712529129364,1
0.29365319737935075,1
0.705939855555067,1
1.5567197445743282,1
0.5084756739345591,1
-1.1994831972407873,1
0.34779291802737394,1
0.43642922830233644,1
-0.8668679796782939,1
-1.2982674574385313,1
1.1849259145770608,1
0.5564905630412211,1
-0.15471319720395632,1
-0.6000059589208601,1
0.5870058455664183,1
-0.09323227726022659,1
-0.39402249907782233,1
-0.8145874808170411,1
0.9739375530727186,1
0.7408486463960186,1
-0.5676161396432478,1
1.594293663854959,1
-0.11862399761391264,1
-1.7834865425657511,1
1.461031367524609,1
2.137466446694175,1
0.4936286837829618,1
-0.23644683312227457,1
1.0008373039411,1
-0.580668977621088,1
-1.067500745323855,1
1.2206094080235685,1
1.4999922796899567,1
-2.0713468217020186,1
-0.6066232611668371,1
0.6578597638652611,1
-0.3330139809462707,1
0.5182691530799485,1
0.24411062981854836,1
-0.9676023919551304,1
1.421866101262861,1
-1.627897460661902,1
-0.9764193831806414,1
1.1118969043512117,1
-0.5473437200167842,1
1.1579511119394752,1
-1.9989071469333788,1
-1.8285107194948516,1
-0.5579737895329925,1
0.8600525316369209,1
-0.8560732422671464,1
-1.8371347875560144,1
2.0054731073908307,1
0.028933884155666646,1
1.1848636666353256,1
-2.1407653829281155,1
-0.6076656394341609,1
0.38362910413294066,1
-0.44126673323600124,1
1.2194213391032367,1
0.17580920451754126,1
-0.21751886574878848,1
-0.6200625478681726,1
-1.070705151719708,1
-1.0852665612916408,1
-1.2652403666180747,1
-1.0950929046247986,1
-0.4269409232250325,1
0.4225601485902529,1
-1.657660266330215,1
-2.1818469608003177,1
-0.4720684033725557,1
0.3857995871781995,1
-2.5503399633517514,1
0.04306973403089197,1
1.155548899344203,1
-1.127459637416844,1
-1.006470875645393,1
-0.008958734978221474,1
-1.0690338587980523,1
0.8071930578397064,1
0.5147168793501659,1
-0.7862654848004031,1
-0.29042101064715814,1
0.008547725926226369,1
0.1050602729689048,1
-0.5644592337780289,1
-0.7894307057115707,1
-0.4111499996944665,1
2.1203967011381635,1
-0.921210206361428,1
0.7347243125907855,1
-0.7019235912950973,1
1.1073654660537728,1
-1.1308070619445156,1
1.7788402692268634,1
0.14311460897743916,1
-0.18234889837659554,1
0.45805620723391977,1
-1.7349321317024047,1
0.3140615297405022,1
0.06870537600888597,1
1.638315929204753,1
0.1874679682592751,1
-1.7836426066935773,1
-0.16568857358522848,1
0.8440788576511848,1
-0.3314193147009332,1
0.09000290628210288,1
-0.3940765463839034,1
-1.3485607161852642,1
-0.18916194825520005,1
0.5071554899323047,1
-1.2253359562160298,1
0.43449763445121325,1
-0.8650480056383887,1
-0.14856716962083355,1
-0.6490737749999161,1
0.6060074446338249,1
-0.30355049818537133,1
-1.7095999962099278,1
1.9689782018535726,1
1.2330303880475637,1
-1.108628106712523,1
-0.10918206208626956,1
-0.05851657661196345,1
0.5773633961550255,1
0.6912345027515248,1
0.6359377763526223,1
1.1140312464166233,1
-0.7180905913778697,1
-0.7360380964867976,1
-0.22227312156610457,1
-0.09921421565195268,1
1.0597211498270043,1
0.9860769836363653,1
-0.686009679598338,1
-1.587713079460787,1
0.724620713884774,1
-0.5832235201609206,1
-0.04687661116747785,1
-0.3780701365946938,1
-1.1905424273517542,1
-0.004287167101476075,1
-1.1496393442337869,1
-1.01832520493846,1
0.35354988855048164,1
0.5270315460242928,1
1.0707720427857013,1
-2.2703435794330895,1
1.3357573341121034,1
-1.5441465985943024,1
-0.03928680971186085,1
1.5875592717246663,1
1.0335486071225939,1
-0.5170696664492673,1
-0.8422634905836046,1
0.9358173110281937,1
0.31128939739048156,1
0.534825177594315,1
-1.5223163076677952,1
0.5861770810547997,1
-1.3497748032454266,1
0.47705984553756575,1
-0.9659378588665637,1
-0.31344924096422444,1
0.18298463562845724,1
-2.1664251441777234,1
0.35946052210782437,1
-1.4500354275707592,1
0.18226330524197137,1
-0.6526994606419415,1
0.45366675890347186,1
-0.5123172219843889,1
-0.14710582416842194,1
0.523942681384103,1
-0.6760134120116699,1
-0.6232380195270905,1
-0.5779998182881845,1
-0.44654173905543143,1
-0.5885474932555562,1
-0.9286976831500982,1
-1.2671940467875933,1
-0.6823865548714974,1
2.4778443430801698,1
-0.6074362778218867,1
-0.37652929507460553,1
0.7349294157102844,1
0.6128038518440564,1
-0.7631366559219993,1
-0.6633625187265033,1
-0.6534651826395421,1
0.6672648027049534,1
0.3897242169356871,1
-1.0372800953906827,1
-1.2002507065503547,1
0.09883623725243018,1
0.8332827234098518,1
-0.16901403715130392,1
-0.5853672657506573,1
-0.10635020786942535,1
0.06582873492493893,1
0.11941768628945179,1
0.22465227721197512,1
-0.5995668582977323,1
-0.28641612810611294,1
-2.319078038595243,1
-1.6302546970908256,1
-1.593380305005214,1
-1.0207549000005292,1
-1.6103623782391163,1
0.12063517724205107,1
1.481342639831515,1
0.2865152607507057,1
1.1840585131879349,1
-0.8913723629076769,1
-1.2176188800157688,1
0.7606920744115327,1
0.5403976722659588,1
-0.09678108502994062,1
0.8984571140802242,1
-1.4244707560105574,1
1.5369585938901158,1
1.3567312267255267,1
1.3507781837971133,1
0.6510175984356802,1
-0.841740660939423,1
-1.7144817119556823,1
1.2481996696676905,1
0.6811081583795855,1
0.6054512442999102,1
-0.9922350451172948,1
-0.8018505110718738,1
0.06291790894957576,1
1.1125494688853264,1
0.7393723741786561,1
-1.5236239906177587,1
-1.1553801992924104,1
-2.749216037976026,1
-0.9023993675236003,1
-1.5532050891331115,1
-0.4483721725595003,1
1.805605782541247,1
0.5981926158953959,1
-0.570923692970031,1
-0.06394977342444262,1
-0.4716648448574005,1
-0.33332541514678626,1
-0.4996663155744814,1
-1.0337092699401804,1
0.13636360658257474,1
0.6742397940753319,1
-0.5586559552105684,1
-1.4642275798004276,1
-1.4937877563205488,1
-0.8181335724482212,1
-1.505432517627266,1
1.0778312555203478,1
-0.18006012760514012,1
-1.3939791622204918,1
0.7511228750816323,1
0.3774798514339896,1
0.08847509433644943,1
0.5043439115832791,1
0.62355545716043,1
0.2346876797423117,1
-0.7241281668010392,1
-0.336158052964301,1
0.3627422479637777,1
-0.25853207994737787,1
0.9604129495195965,1
-0.5417911690472629,1
-0.24975911379257246,1
-0.5339127765009957,1
0.8565231162357415,1
0.037235434167740306,1
0.2005099410769663,1
-0.5421904150362657,1
-0.06303567339383656,1
-0.9419888518374706,1
-0.6426332497984191,1
0.7891802296340376,1
0.36828206820821036,1
0.8252654695072771,1
0.953837859732727,1
-1.3743875437779542,1
-0.9723692322041322,1
0.5579783715368156,1
0.5016699894923793,1
0.3264909797633053,1
0.735395032341568,1
-1.5420663628110511,1
1.1751017414077043,1
-1.2276163775525908,2
-0.44008656155933507,2
-0.40139086264584883,2
-2.374059758810489,2
-2.1209205815859358,2
-0.8321012751626048,2
-1.9423847012774897,2
-0.5917584727916053,2
-1.2997629071928243,2
-0.12027127029352876,2
-0.04105573283190148,2
-1.8640259840606117,2
-0.0864357575166471,2
-0.37875558195447906,2
-1.0885821664571271,2
-0.7249477451662674,2
-1.1960810635205146,2
-1.0153898588841526,2
-1.6708099392418831,2
-1.0854168684501024,2
-0.01466778010482878,2
1.7280286351002405,1
0.17283442355425627,1
1.8504260043718237,1
-0.5002073347419028,1
-1.1711650196372887,1
-0.6858367517816172,1
0.39275981225373524,1
0.24409872533386578,1
1.1084737046382616,1
0.2527642498156242,1
0.5920907741966575,1
-1.3594131854799933,1
-1.4974419730456785,1
1.220323322817073,1
1.3235662859989912,1
0.23299021581169085,1
-1.316835350906861,1
-0.036349072842999805,1
-0.7585085169912825,1
-0.05006118954264185,1
1.0782646020315092,1
-1.0093254922042303,1
-0.20942313566304763,1
-0.40941445654088293,1
-0.7253713002685775,1
2.0739743180726142,1
-0.11711508795636567,1
-0.2828557168988256,1
1.6945648098987078,1
-0.002984872551071063,1
-0.9391742284221772,1
0.08940828570840817,1
-0.3802633713036578,1
-0.7102644825595469,1
0.1734552298406116,1
-0.7576793834440081,1
-1.0371594320233257,1
-1.8216101872353077,1
0.17207696645976164,1
-1.026781254947947,1
1.534766262130068,1
-1.3347518523001891,1
-0.38072448128665304,1
0.11045445226540498,1
0.44342856595351055,1
0.3846843948632348,1
0.6210037074256172,1
-0.9401651391560439,1
-0.4650032884134839,1
-2.185912199258643,1
-0.21564791604371922,1
-0.906407574626154,1
0.4373493570356479,1
-0.8789732274090666,1
-0.14360673342679275,1
-1.0590162817458209,1
1.850126933352259,1
1.1900111009954215,1
-1.5629933244585368,1
-1.3133507560053677,1
-0.7864921733557911,1
-1.6827584226956327,1
0.6922883667530261,1
1.1445348519150365,1
1.4493060320862963,1
0.18404977942289266,1
-0.890044798318457,1
-1.1119238901963502,1
0.9376671600726451,1
0.6832049186988123,1
-0.7082240405833956,1
0.6756338402900437,1
0.17311646803648276,1
-2.238994332766926,1
0.5548338403198483,1
0.09127737853806077,1
-0.9284419303394691,1
-0.31766814712456976,1
0.5094982088166414,1
0.1864531770637393,1
0.046900076731410216,1
-0.9915813885388819,1
0.4447533472551484,1
1.378901291103136,1
0.9272899673263094,1
0.05338257278002501,1
-1.732335205969845,1
0.9185354206311257,1
0.8189888578546702,1
1.5846818138329464,1
0.14013435508547234,1
-1.0339000686102089,1
0.8089415692030132,1
1.150146517678384,1
-1.6894915676974243,1
-1.0563267106773304,1
1.3299210651372004,1
0.26979260166695074,1
-0.9393188143116864,1
1.4438258615307928,1
-1.5132181473571553,1
-1.6917910824939666,1
-1.246606514866394,1
0.5100798851247458,1
0.088065640461945,1
-1.3777084640743225,1
-1.4023053830627075,1
0.09786312235378478,1
0.3141023674043777,1
-0.8409041898101836,1
-0.29197368527636847,1
-0.4258377183817352,1
-1.2712550268054594,1
-0.7713281450122333,1
1.591513088800597,1
-1.4084289408555026,1
-0.9451251922523505,1
-0.806671358380116,1
-1.039037711731471,1
-0.050444673294785726,1
-0.20973052497677402,1
-1.0866587201348183,1
2.305784399532581,1
0.16421942937347245,1
1.5693428155736453,1
0.740133743030604,1
-0.29331273479339875,1
-0.6787077919034258,1
-0.9393052012540607,1
-0.24008139098726783,1
-0.7796657934592621,1
-1.8534231563270154,1
0.8593291197895059,1
-0.8364287816542694,1
0.5822451747104741,1
-1.2226265445425906,1
-1.5485055563717525,1
1.0772096415698826,1
0.975598299629927,1
-0.7825640899137878,1
-0.3910306197786806,1
-0.3121035175219006,1
0.2006635451616812,1
0.3723926883415969,1
0.020279361930819622,1
0.08921223716441298,1
0.7740791605546126,1
0.9182858090454982,1
-0.14115683582120658,1
-2.3259718284400264,1
-1.695653613721253,1
-0.016300106946792264,1
-0.8402769103679513,1
2.0251252838909997,1
0.40073060381852127,1
2.838594123121843,1
0.21916007219522235,1
0.4366453752321351,1
0.6491124025459643,1
-1.7221202327685043,1
-0.49198609401623694,1
0.1100881583673115,1
-0.5429628143336879,1
0.25209241504227725,1
0.233493002406535,1
-0.7589959308393809,1
-1.30582001125583,1
-0.7072494189726939,1
-1.3012811142530758,1
0.004221277290206111,1
1.5804493201335463,1
-1.4912068766577347,1
1.2969686760146906,1
-0.525540951931642,1
-2.51591336051722,1
-1.22611367436949,1
-1.0904236923378996,1
-0.9936651311280159,1
0.19237847148832865,1
-0.005738318951760213,1
1.116627247496845,1
0.8274392075134027,1
-0.9474664913371744,1
-1.7298228930588972,1
-0.9301662571920762,1
-0.6359665427665807,1
0.027754501440764304,1
0.6307676687709184,1
1.033939089572147,1
0.3937695369961045,1
-2.130419268023079,1
0.6668757378996012,1
-0.7640840643624818,1
1.0533017798788766,1
-0.021676072305228437,1
-0.31847387192665333,1
0.0627146831961233,1
-0.9684358157200532,1
0.3579569154220039,1
0.5782256352636288,1
0.7527234856536551,1
-1.8608894246420622,1
1.8599242994365974,1
0.34665919815050455,1
-0.4629350545697244,1
-2.402019872400348,1
-0.47874957916543365,1
-0.5767539513335163,1
-0.5126037385874579,1
-0.6475119523989108,1
-0.12848993169801615,1
-0.06539658873284754,1
0.8885104288846347,1
-0.5852509686616948,1
-0.6779500111572364,1
-1.276203723399439,1
0.6598701884152052,1
-0.137235095952327,1
-0.06000582868491952,1
-0.6688780526396605,1
1.3773501013405336,1
-1.2043354328483327,1
-1.4029335021474738,1
1.5453953697192473,1
-0.030351302613926757,1
0.24882994691942892,1
-0.5746788825475999,1
-0.14289464268755894,1
1.054496237238489,1
0.3125908855860628,1
-1.0674769236523405,1
-1.3343382094235632,1
-0.43534673823017983,1
0.7381347083637331,1
0.41790072305233944,1
-0.7878721594144331,1
-1.0884877296932447,1
0.6895002469297533,1
0.426636380123392,1
-0.06785336876869422,1
-0.5323816529338236,1
-0.4615673458149594,1
-0.9132727206901933,1
0.7816280281556673,1
0.03626767605608735,1
0.6078355541293559,1
-0.33514369632166346,1
1.1221512574412709,1
0.376153262920816,1
0.16982868555581046,2
-1.1204083784595178,1
-0.3684019855108209,1
1.071065248955355,1
-0.3774599593406758,1
-0.5008131626261627,1
0.4521195441233821,1
0.4259604073285008,1
1.35267667722234,1
0.8690036094889427,1
0.627143502886109,1
0.11290601466825514,1
-1.0176899256600958,1
0.32441224427995374,1
-0.31483815416305255,1
-0.35360596085531826,1
-0.9545182228742408,1
0.9736522150989849,1
0.7065175449633065,1
-0.3913430711480419,1
1.5531167372882504,1
0.3967184708318848,1
-0.7415707006480048,1
0.9704134675859317,1
-0.31402777840315077,1
-1.9235201903204069,1
-0.035125538518869695,1
0.697737947458495,1
0.5485103244194397,1
-0.6838549460453216,1
-0.7819824063053004,1
-1.147826891296404,1
0.44711275321571026,1
-0.5794643738917112,1
0.9579418513264399,1
0.7196380719327088,1
-0.04293386189058164,1
0.48289729112046925,1
-1.9484527579667195,1
0.5456193372859481,1
0.6689627973793824,1
-0.6263383987605808,1
-1.3909185044395285,1
0.5073977664865095,1
-0.8824014936511759,1
1.0490517383247546,1
-0.4927606770350004,1
-0.9257529600720267,1
-0.39282008724370376,1
-1.7117593245754006,1
0.1100749154410454,1
0.14451332940055236,1
0.6561346354733079,1
-2.0335011701588117,1
-1.667279225495002,1
0.24394017711624227,1
1.94741034945689,1
-0.975297926977341,1
-0.14961481930933582,1
0.036023378031641407,1
-1.0750512044415643,1
-0.6579042380847718,1
-0.45667107994914596,1
0.3245059531806542,1
-0.3996699719405723,1
1.0196374381525333,1
-0.5838542931624376,1
-1.1569254895412238,1
1.3145942512151205,1
0.0492455717764602,1
0.42004590353205856,1
-0.08962476976478587,1
0.18832235170466086,1
-1.52231312204654,1
-2.6051331651874015,1
-0.10055261865381421,1
-0.02120097169861087,1
1.1964430496927432,1
-1.5378734900666626,1
0.24105497474296997,1
1.0115354128866665,1
0.4442752918250308,1
0.7062432227153632,1
0.7617830904733505,1
0.5720686416866365,1
0.3154982883883426,1
0.4306199057177317,1
-0.046275004454959835,1
0.4100417559904261,1
1.4543630330871489,1
1.1621215136268437,1
-0.5140178444276648,1
0.5057216087428872,1
1.0060445089737724,1
-0.7858294573789604,1
0.3929639529140435,1
-1.0683731793186177,1
-0.9306890942859256,1
1.5872228401961468,1
-0.9549020354895568,1
-0.8932703957115359,1
-0.6134149965256338,1
-0.04472604227224953,1
-0.6713422527624424,1
0.07569906515497533,1
0.23768664085757105,1
-1.2508528334676667,1
1.2692560489711535,1
0.6274377615576877,1
0.44803554018818725,1
-0.06583239042455478,1
0.467957538130639,1
0.2934583573137828,1
-1.1691148823640942,1
0.3227894383572618,1
-1.0696258924450652,1
0.8283728975574475,1
0.6462724189039797,1
0.3842852529461387,1
-1.0267694966260354,1
0.49966863134148926,1
0.45292614060244746,1
0.34426314009018616,1
0.49621247949034175,1
1.1193124377308832,1
0.886261317608875,1
0.15137449946376977,1
0.9173131296676543,1
-0.26720448558965676,1
-0.6762804285284518,1
0.15375778740785612,1
0.8963016355249801,1
-0.13800484845776204,1
0.5760883213293587,1
-1.5807067155747023,1
1.4748526469431147,1
0.22365363470007543,1
0.4345471214838811,1
-1.2171090602045722,1
-0.6115795077675238,1
0.22240692363032857,1
1.0765728520016016,1
-0.05353440740653172,1
-0.11862385859906023,1
0.7329158522111408,1
1.3024409201004485,1
1.1596026072346814,1
-0.24324858486956374,1
-1.055210095449896,1
1.1960608004175335,1
0.36027159885802984,1
-0.4496358975106923,1
-0.9393180757003375,1
0.5123901170170604,1
1.6056763701025134,1
0.35109055993038313,1
0.78780445676186,1
1.2713871251099624,1
-0.42816918044932045,1
-0.8621934866138051,1
-0.28904663815267917,1
2.1358074408577736,1
0.29417852983243803,1
-0.03889133229261875,1
-0.3901244683102907,1
0.4895113142570616,1
0.3132363186450396,1
-0.9041009795607088,1
-0.05214545829548458,1
1.1021535484985945,1
-1.585631921364245,1
-1.1047545837299602,2
-1.4375146626447923,2
-0.71829953233141,2
-1.1836758087602208,2
-0.3929963496532362,2
-0.12251157010548691,1
0.36392147246042567,1
-1.1024734872500148,1
-1.0341149445378692,1
-0.10009117916042498,1
0.03893112181286797,1
-0.9112331372200841,1
0.30301306879282064,1
-0.6179898014500319,1
0.8858800060554674,1
0.32737789395072214,1
-0.5776519963806814,1
0.4674104655008409,1
1.0086785730372054,1
-0.3691768928035368,1
1.6720758004669745,1
-0.09951109875654016,1
0.0912590443222081,1
-0.3562423185475869,1
-0.8536117790019191,1
0.18999152588065835,1
-1.8899910928720205,1
0.8115506979419932,1
-0.6998928387572113,1
-0.2042454741885012,1
1.0135140928816915,1
-0.343931824776598,1
0.7485943952101229,1
-1.0676586093311957,1
1.386890716838621,1
0.057601490598770504,1
0.3794983006788077,1
0.5325766955293462,1
-0.6497613219216667,1
-2.551703712359713,1
-0.25428181224832425,1
1.4685164359711431,1
1.3642680632485695,1
-0.8902173811523183,1
1.5229397351772709,1
-0.9391467339333919,1
0.5034115550775784,1
0.9848518171536963,1
3.000155737812249,1
0.8005408702832623,1
1.3084207093189084,1
0.42450257275511794,1
-0.4301882228206045,1
-0.11870982254860084,1
0.4331246602970779,1
0.6652985114931121,1
0.07447018800418045,1
0.6345157219305805,1
0.49593259359329106,1
-0.3527049932132923,1
0.6786189568113309,1
-0.6408207903645089,1
0.40127885399343277,1
-0.8464914919407968,1
-2.055958519612002,1
0.567923330338451,1
0.21998231502829196,1
-0.13994071349679713,1
-0.6525647910560979,1
-0.9342614517110897,1
0.6248483145568615,1
0.2200190458302577,1
0.18736495600392541,1
-1.0653469047038737,1
0.37629926060130653,1
0.06724278377662539,1
-1.3274167569755666,1
-0.22501832356270673,1
0.8865994665327872,1
0.4512819687068078,1
-1.0676109322396627,1
-0.21846925356705518,1
-0.4337652856362159,1
0.14597784589732818,1
0.0477750665332078,1
0.9141461254679389,1
0.7288676966947726,1
-1.4672444436137768,1
-0.18343685510558835,1
0.1867046279560885,1
-0.6226353418040785,1
0.538763838131217,1
-0.13608806638420223,1
-0.5234384103590624,1
-1.9484046576762897,1
1.2121945286383415,1
-1.133231881236024,1
0.9195948496044831,1
-0.1463494195446839,1
-0.5688739369491633,1
0.6546354410784103,1
0.8286365889751826,1
0.9840865274004618,1
0.4334462473583344,1
-0.7913613483714614,1
0.013438218800543324,1
-0.23659616614424994,1
-0.6234831273612991,1
-0.5297287514655984,1
1.2587039841176786,1
-0.46257189392954984,1
0.6167042927892616,1
-0.8346210050811195,1
0.8573080502451168,1
-0.019909041137213573,1
-0.43379758592597145,1
1.3421975546131444,1
0.08185185874189788,1
1.4586836937579741,1
0.8532376914912637,1
0.579756922649599,1
1.588014739638362,1
0.052813298173944666,1
1.0605008442508048,1
0.09824136548266989,1
-0.10953900518413259,1
0.5712570992417337,1
0.8114739736926643,1
1.1137374581905017,1
0.9073539425661009,1
-0.3380381975896746,1
0.1406165618001723,1
-1.0718055803777797,1
0.35101588126817873,1
1.3136833269461072,1
-0.22955104444038554,1
0.7006610207957814,1
2.343831511618916,1
0.6740922185025541,1
0.5915821320123795,1
1.7653189849297124,1
-0.5082498246687076,1
1.0339984389125638,1
-0.06840957278593027,1
0.2936478084146609,1
0.14537796967488162,1
0.8708656221260204,1
-1.590817819079979,1
-0.9624687444599348,1
1.2192233338888787,1
0.5692846598369709,1
0.2056872946939491,1
-0.12534313129972768,1
-1.1906774936979383,1
-0.6810139680571887,1
-2.4494897678627914,1
1.3870657998442306,1
0.28291343892787396,1
0.5008158934296063,1
0.6966924970286428,1
1.1281764811193349,1
-0.38678169646497346,1
-0.36106277206792387,1
-1.6807963933127628,1
0.5564124480227494,1
-1.4259039801448483,1
0.78808117993554,1
-0.7709644680299671,1
-1.0318853117195477,1
-0.5852665092507557,1
0.24004230877891158,1
-1.712308825518773,1
-0.8118372520446986,1
0.02575999742880114,1
-0.020467445957007134,1
-0.13995514194120165,1
-1.0979294929153247,1
-0.39635719307059164,1
0.4262572178019267,1
1.1035124895459951,1
1.805040641926399,1
0.4746254177705372,1
-1.0306241495107649,1
0.5240507681217607,1
-0.3915148405868589,1
1.9724191821181756,1
2.1043148800930758,1
-0.33001265089526716,2
-1.1799230713453575,2
0.18822479355669677,2
-2.2228298357602774,2
-0.6825714157191348,2
-0.6106530280176141,2
0.17149982635923772,1
0.6551395812818127,1
-0.20554426633091097,1
-0.3529319899974816,1
-1.6766809600990629,1
0.6382143860671233,1
-0.5378807965908946,1
0.474004591413291,1
-0.9280697300220416,1
-1.6448192930186862,1
0.5485037834466717,1
-0.5730066637723831,1
0.4459197178456422,1
0.6277480563936468,1
-1.2542658965363933,1
-1.059694337522323,1
0.9074166626449085,1
-2.0940409794427475,1
1.1417545639081046,1
1.445959161572221,1
-0.19919527739422732,1
1.7472671180866148,1
-0.2719871596426036,1
-0.49162084881680335,1
-1.5523279055598445,1
0.26150600920131967,1
-0.07569579212770648,1
0.19418190539407665,1
-0.8527333285124264,1
0.9710748922653837,1
0.5374017691248131,1
1.3685495922866182,1
0.015108465381363137,1
-0.7185921033205533,1
-2.0040644115671706,1
-1.24924241690057,1
0.340483330647612,1
1.0020146970750639,1
0.1810894434674859,1
-1.3371342634950376,1
1.243116777888479,1
0.5344649252729217,1
0.29894672508615366,1
1.2249680092023933,1
-0.9305173908993511,1
2.267740306348549,1
1.2883751961836385,1
0.8554783258307074,1
-1.7264039622952614,1
-0.17816981596099712,1
1.4291015587078386,1
0.4105219695799164,1
-0.7306391959634959,1
-0.6972451298636366,1
-0.19278961395595856,1
-2.0790611303744693,1
-0.7708700867453068,1
0.08435912400974362,1
1.1161434053819514,1
-0.5310671994219041,1
-0.13901435629106904,1
-2.0475883762059093,1
0.35427644868930586,1
-1.5653705115430514,1
0.7352437337629151,1
0.4196172381293228,1
-1.2560795170614447,1
-0.7894264149973333,1
-0.06620289250107135,1
0.783177933949536,1
-1.6064942715005384,1
-1.8525051614377697,1
0.6663537345967672,1
2.2861418706494443,1
0.14772890170008732,2
-0.6859761278294007,2
-1.0858272684865862,2
-0.8773506971940698,2
-1.0349486376423402,2
-1.3160817292320008,2
-0.6202664843500355,2
0.07977261962595773,2
-1.7287737877344134,2
-0.6264977566756716,2
-0.9329645070001216,2
-0.08854290297735884,2
-1.4235202666477498,2
-0.21514839840977598,2
0.08625170816698112,2
-0.14149203358391704,2
-0.16729179148035567,2
-0.329332661655513,2
-0.16396853461884264,2
0.5651689867790131,1
0.9086534892105226,1
-1.0705485996797284,1
0.8128067320364124,1
1.0999704427326138,1
-0.19145956792021973,1
-0.982198909598855,1
-1.7152321432038593,1
0.40366961589805384,1
1.2593193863990595,1
-1.4589070669998823,1
0.23426996095030092,1
1.0211342129195626,1
0.846673578205322,1
-0.28065060977351886,1
-1.3991323621057428,1
0.31340045749847906,1
0.16601738167068694,1
0.8922160076590345,1
-0.9082737608849577,1
0.02776211873581013,1
0.35581659220580075,1
-0.204479184404662,1
0.08287533293856093,1
-1.395783375504488,1
0.29506130888559123,1
-0.960263769079056,1
0.5845361238490566,1
0.7043128933193367,1
-0.8783969354569049,1
1.1455337169056163,1
1.6502892300092433,1
-0.0839634658844243,1
-0.12980237057549,1
0.4778673885449325,1
-0.5345845914033496,1
-0.8706749245358089,2
-0.06206361352534974,2
-0.6620977032759978,2
-1.1318749623730493,2
-1.1768026224144734,2
-1.8564879979689648,2
-0.8471209295304393,2
-0.3579216189046572,2
-1.2612473555921984,2
-1.07054669561062,2
0.10213611615131782,2
-0.7273605959410261,2
-0.00016338321090977583,1
0.0645344929364903,1
0.464281825123765,1
0.04698518798939853,1
-0.42615189500258777,1
0.880142631271769,1
-0.25178001847848797,1
0.7145832733649913,1
0.5475061277059862,1
-0.8072317178694469,1
0.8902600233487709,1
2.590518560068818,1
0.007401840541114695,1
0.2308981384017638,1
1.2605243198466443,1
0.101997098902092,1
0.3271013234630356,1
-0.9913875416713145,1
0.44971567363474324,1
0.9201069448073341,1
-0.4125059258243826,1
0.6272500920981463,1
-0.21175712122514534,1
-0.5196007611576943,1
-1.3736201698492563,1
0.46477342766781043,1
1.5433222677360532,1
-0.1693318097255294,1
-0.11508682880998367,1
-0.4374182470309272,1
-1.781103807726752,1
0.8209850434577224,1
1.591515096999165,1
0.4318427710561221,1
-0.9251516317152357,1
-1.3508939098406088,1
-0.3478549795715469,1
0.745013960929843,1
-1.4086991853399977,1
0.7106536861760172,1
0.3497007041072063,1
1.671384970724734,1
1.358243620483331,1
0.7452012907248469,2
-0.19810669929681193,2
-0.23548540531741546,2
-1.7094757851746272,1
1.1654594019773141,1
0.43907742753811907,1
0.5261313210382979,1
0.6558915517609076,1
0.6512048717959809,1
0.651529847844672,1
0.46982340636154296,1
2.6506106236713407,1
0.951665928592892,1
-0.7452177654223977,1
-0.8012732059192692,1
0.02644169093877497,1
-0.1357135274640548,1
1.3806986249921742,1
-0.8075933260847156,1
-0.1370782252682212,1
-0.11814435918573969,1
-0.7567161078653472,1
-0.7701880539060468,1
-0.3087773266576539,1
0.34378579191630215,1
0.2664324550770126,1
-0.3272375602650382,1
-1.2576521796869171,1
-1.343121006802365,1
1.1374172266177067,1
0.41805692307621356,1
0.5848780442752209,1
-0.1183507317054608,1
0.04897087740502552,1
-1.206333071705701,1
-0.2684263294687125,1
0.9658927922806091,1
0.7522781433493559,1
0.2538999295342635,1
0.2732270089701734,1
0.4314564925399607,1
0.5914049504830836,1
1.4433961136341127,1
1.8364091000671723,1
-0.3649467645846801,1
-0.19209891208948268,1
-1.3691491646168166,1
-1.223424548948135,1
-1.2394515036461826,1
-0.03127375557265853,1
0.3354092836044301,1
-0.11909241631168076,1
0.9377756539293659,1
-1.03303461574151,1
-1.6004624632091464,1
0.5033185489171832,1
1.2976375566249263,1
0.13577244801466273,1
-0.6814161586479803,1
-0.7231421176804212,1
-0.057476808582980383,1
0.01834251987087777,1
0.8333663982845069,1
0.24641766072904403,1
-0.5588913405624438,1
-0.822945228029384,1
0.4777083455191782,1
0.07870434116571245,1
0.5779346771777137,1
0.5210622103326418,1
-0.2966760039934952,1
1.1369473409954591,1
-0.9621857927853461,1
0.18794995268995296,1
-0.04129288364547267,1
0.036797951065452555,1
-0.4383041556897795,1
0.0726072981481706,1
0.12673873305533292,1
1.7966008648884424,1
-0.45385647682897073,1
-1.1224295916600873,1
0.9983981977890873,1
1.0633883443372123,1
0.16557216346737677,1
-0.7335723236341248,1
0.46121938191193823,1
-1.4832710820779706,1
0.047049122147492406,1
-0.14062279501278052,1
-1.692871025585,1
0.03419232403929803,1
0.4889743556626909,1
0.2659374155226547,1
0.9262505565382855,1
0.9119449872545451,1
-1.1891880542500792,1
0.803118438971358,1
-1.0700523281268288,1
-1.3628510606177051,1
0.33636078128375474,1
-1.3572070900457243,1
0.5399351063237489,1
1.609283437923954,1
-0.03086000206245733,1
-0.5255920501696727,1
-0.9839903788106561,1
-1.821504681680858,1
-0.6932126676539895,1
-0.5171456727289523,1
-0.6283290384781255,1
0.6213687669676405,1
0.9743996883615355,1
-0.6638084939596787,1
0.33932152552686196,1
0.016702975114490523,1
1.9037801492373905,1
0.687389059922376,1
-1.7556091090588908,1
-0.5720601906662863,1
-0.91285875623478,1
-1.7681710447019698,1
0.3173046893232168,1
1.520476369765138,1
0.9089161964588359,1
0.7714456990373418,1
0.20393932368718154,1
0.6706384111816333,1
-0.07900387675627932,1
1.5443839921545606,1
0.9826829538417198,1
0.7333998251802725,1
0.49190511591062797,1
0.062316755287182106,1
-0.2371636891107971,1
0.32088642503651577,1
-0.020127108144216865,1
0.38009268362823484,1
-1.2743560813298151,1
-1.8756911839024633,1
0.07745260525289528,1
0.5653412439875999,1
-0.7213629600835206,1
-0.4686800041794449,1
0.8769692795923607,1
-0.1266052184162062,1
-0.15797008406644406,1
0.15949504428702072,1
0.8982354938670127,1
1.044302370765156,1
-1.414151678081635,1
0.9212661813602532,1
1.4445112693603626,1
0.4754218248535363,1
-0.7155522510293686,1
-0.35422485201450715,1
1.6017361158303822,1
0.856427812074881,1
1.3932288583536916,1
-0.28500335801901333,1
-0.24727596343955885,1
0.43830908389644985,1
-0.6549330327842134,1
-0.9779233838056811,1
2.1624149812850684,1
0.4731285266778158,1
0.3969548576918023,1
1.7062997953468033,1
0.7655052212577448,1
0.2951008636565445,1
-1.3023463597545906,1
-0.5053831569266668,1
0.7808585837593365,1
0.6445585966483003,1
0.2574590649473274,1
0.6327376090126173,1
0.5572582029997525,1
-0.5862742186912121,1
0.1430424136930245,1
0.7973272318467961,1
-0.05348227014311542,1
2.442194303828227,1
-0.09020886769736189,1
0.11821253300474333,1
-0.5939131165080224,1
-0.6442798742892678,1
-0.5263795740705983,1
-0.2913533143632918,1
-0.6283441268924012,1
-0.8940207484249113,1
-0.29075005342211213,1
-2.7908026101901755,1
-1.5856369487542556,1
-2.0460312769644715,1
-0.7727903943334643,2
-0.8672497848015397,2
-0.22961709442524425,2
-1.1357365093256304,2
-0.559945001715404,2
-1.6869052100575452,2
0.4160097346674341,2
-0.8956774154264135,2
-0.859943552264773,2
-0.6422167972606747,2
-0.1006983200005772,2
-0.7808501858427493,2
-1.0779341373528333,2
-0.7478870422293449,2
-1.8580455506202664,2
-0.841551047586642,2
-0.9757549527964638,2
-0.9677569311548726,2
-0.23508442379426403,2
0.3267512798218756,2
-1.122511064487176,2
-0.3166111032611422,2
-0.9472716421601055,2
-1.6583995726153082,2
-0.7072503573495796,2
0.3266233698463531,2
-0.7599454648315298,2
-0.4368957165504035,2
-1.182748569992408,2
-0.5479847271642674,2
-0.3878909761187384,2
-1.1727401599081013,2
-0.0914796756724423,2
-1.2991937365661828,2
-0.9937709129530001,2
-0.45106737043094364,2
-0.15669397267157698,2
-0.05327648009395461,2
-0.5999565559903368,2
0.5002263990718979,2
-1.0163649087711732,2
-0.9063992943320123,2
0.6236717006123157,2
-0.3231063656811662,2
-1.5342263060400583,2
-0.4827380897327664,2
-1.5158549194278728,2
1.0821692381141081,1
0.22851245009188723,1
-0.040498335248067285,1
-0.007888994224222108,1
-0.30737734706930314,1
0.14363201496306732,1
0.09492080512978027,1
-0.25387514304905556,1
-0.6788710805728861,1
0.6501385038689347,1
-0.1591007197496615,1
-0.992626011239002,1
0.1633566858195692,1
0.8553156952802493,1
-0.6864713853221259,1
0.7102604141938652,1
1.0987470753420725,1
-0.7663863848074779,1
-0.39101223789706385,1
1.126217122061313,1
-1.1301234126848465,1
0.2165204033898626,1
0.4714380502581292,1
-1.6229386791307026,1
1.2476563909649752,1
-0.3306055250961699,1
-0.9328908392645797,1
0.5484418433460996,1
-0.6020898751981942,1
-1.0515660319942721,1
0.3407063435065385,1
-0.5788962361803899,1
1.6049582509341567,1
-1.3649118884395086,1
0.3753318030165704,1
0.5331692617196853,1
0.44160908099558205,1
0.3683695116187059,1
-1.8967715868326929,1
-0.7655813263666286,1
0.012325628262235742,1
-0.24290810070605587,1
1.7416123234556657,1
-1.1216371795109614,1
-0.8245573496009525,1
1.4846016795983001,1
0.4479229056586054,1
0.5540566505238623,1
-0.7968079479220346,1
-2.046799395067559,1
0.13873030367152242,1
-0.4825747501907038,1
1.6729626683191836,1
-0.30131071914508833,1
-0.2817068221763747,1
0.19293757052692584,1
-0.14244964704845509,1
1.9645570481279457,1
-0.822985622579613,1
-0.21812465240913456,1
1.0792735199662509,1
0.7162337759559678,1
-1.1867823512571938,1
0.09850088728359813,1
-0.6230004387423953,1
-1.3191020542593814,1
-0.8741924405500169,1
-1.3086885137900115,1
-1.4193242280660485,1
-2.359060913666037,1
-1.2422988734186524,1
-0.05642852774828127,1
0.47477615757575614,1
1.1973344376386117,1
0.029992287968904154,1
-1.6485120385020846,1
1.027784744556624,1
-1.7087202576158018,1
-2.0366374910998033,1
0.8494802801838544,1
1.5311971770061557,1
-1.074468002446674,1
-1.0542639530820206,1
0.3165604312461677,1
1.2558691657201515,1
-0.35625322818101535,1
-0.70929643790665,1
0.043585238857166496,1
-0.6524733113830894,1
1.8601288240543559,1
-0.03613449643101615,1
-1.2647652605861865,1
-0.7628619925528265,1
-0.3510507389786377,1
-0.460622861046336,1
0.06789337653920209,1
-1.0567308524569807,1
0.2879216348099251,1
-1.89071314383104,1
-0.34820465948553886,1
-0.45728085445308153,1
-0.9080401183890336,1
-0.4528146836600692,1
-0.6381377453481591,1
0.4847317580693437,1
-1.331445677871586,1
-0.2208176164559185,1
-2.0219554348758804,1
-1.1018761135060358,1
0.4333745664332025,1
0.07721387404856432,1
-0.7986703450471673,1
-1.590910393342199,1
1.9340502129306372,1
1.0744392752879879,1
1.7444731924578099,1
0.18676279513081592,1
2.6518174805484165,1
0.4402038266844103,1
-0.18915478685483972,1
0.8954187290273343,1
-0.5225927457406008,1
-1.2835057417772975,1
-0.9545051752711237,1
0.14227148187216251,1
0.25989896227976617,1
0.6316731501199032,1
0.048929608090122666,1
0.13347447656785866,1
0.7823709124882763,1
-0.5909203253682555,1
-0.2535679544061074,1
-1.5815449808932374,2
-1.564426572240579,2
0.7549854693293734,2
-0.9462303751257851,2
-0.01695021196735718,2
-0.6855175756220389,2
-0.38674845706691785,2
-1.1391343418822448,2
0.47231814231993274,2
-1.0326588862473394,2
-0.8305675768487136,2
-0.8456470114683159,2
-0.7382348063368942,2
0.31159242437467,1
0.5476576204449329,1
0.20097517477190502,1
-0.9951325897768629,1
-1.015790994635973,1
0.25934316966463206,1
-0.33855656338842793,1
-0.9624733102896567,1
1.0079490134981495,1
-1.8653216440811309,1
-1.0428894363069232,1
1.0811971934326636,1
-0.7816244715804472,1
0.8386221318540807,1
-0.19800406555185476,1
-0.33735152474390007,1
-0.5497198660953081,1
-0.5779035005645932,1
0.5021593506796932,1
-0.43317922987338126,1
-0.8800379128147048,1
0.5645805960710506,1
-0.02831482853067955,1
-1.635087975674712,1
-1.2490573497379291,1
-0.007235138625661354,1
0.926530883998698,1
-0.42444313607856476,1
-0.7538311791924248,1
0.9138932163837815,1
0.15998647456043913,1
2.132862608760072,1
1.1912837745774707,1
-0.0982473558838056,1
0.5735343619682738,1
-0.9580295947072827,1
-0.48150855540494236,1
2.1233403502116093,1
-0.9862271724369682,1
-1.5458858727569595,1
-0.27600913742455796,1
1.1712975021013001,1
-2.4025058043593854,1
-0.951702981158436,1
-0.7667735655744677,1
1.227713852860839,1
-0.7639514790937035,1
-0.48973178285662466,1
-1.3876355375697742,1
-0.10707533922523545,1
0.15625836637344465,1
-0.08229256893998997,1
-1.0084129154601242,1
0.5834949166369197,1
-0.2737627900589905,1
-1.1358838240054288,1
-0.4091915636335809,1
-0.4927411858659355,1
0.6482023720051018,1
0.8917425241604795,1
-0.47115143761221084,1
1.0020414989492303,1
0.20446414628628712,1
-0.9821127009450303,1
0.11262354338073555,1
0.07160161394358457,1
-1.1196025309158992,1
0.31869928775275336,1
0.13914693162142552,1
0.9490327625250476,1
0.11317225628602359,1
-1.025276871185419,1
1.08942719387305,1
-1.2498552923473434,1
0.8707604015254026,1
0.3561153894240281,1
-0.5712029734249267,1
0.5784646462797917,1
0.37462350689657026,1
-1.0775791180145113,1
-0.4083963689339458,1
0.014609297828432294,1
0.3505928567130247,1
0.4529383150941617,1
0.42270750204454466,1
0.012226655451300097,1
-0.38129483409835724,1
-0.6157812763261626,1
-1.4044530484240527,1
0.5899006191035788,1
0.08902425759459043,1
-0.7446510516196275,1
0.1604945047281379,1
0.5325216676744012,1
-1.2643259101727922,1
-0.8474023497763556,1
0.39719423162863254,1
-1.257901756235103,1
0.12468082379832514,1
-0.36625891410584255,1
-0.4576478778906063,1
-0.7612322773602663,1
-0.4962469579419815,1
-0.2140265798994194,1
1.7997683382077996,1
1.2420653640044979,1
-1.1240333083106957,1
0.5557487438530847,1
0.44686066454119755,1
0.8733898038098957,1
1.953673876999396,1
0.26419906041208163,1
2.806602237190765,1
1.469220463960435,1
-0.689639957001321,1
-1.1379048968694874,1
0.5658036035791569,1
-0.27510639935735753,1
1.280620097833201,1
0.8741024913253338,1
-0.0961917368204812,1
-0.03795138818586649,1
-0.7550289751606085,1
1.4722446233834805,1
-0.12400464024462401,1
-0.32569635261637486,1
0.8478908436038317,1
-0.436715518268188,1
0.36986987934081245,1
0.836716295402688,1
-0.4959790093677378,1
-0.4753396761287835,1
-0.8386927047159404,1
-0.9630056375828561,1
0.15704441377814304,1
1.4326158735900716,1
-0.524529000205348,1
0.2727462007392109,1
-1.0843635323704581,1
0.302701613543675,1
0.6457652228650862,1
-0.33354810616928,1
-0.7636753610664321,1
-0.6526823088832596,1
-0.5151845914733653,1
-0.6873590481000948,1
-0.2348986619737017,1
1.4460426504127915,1
1.2808279842577077,1
1.0491421297633623,1
-0.5135931629138593,1
-1.2299075604254253,1
-1.2754651071835827,1
-0.5488430619698315,1
0.7075962973343708,1
-0.17568094724522482,1
0.3106531069178028,1
0.5364745690233945,1
-0.38543356688557745,1
-0.8359170516214236,1
-0.2056614831311762,1
-0.3657180446737426,1
2.1208447641867325,1
0.642296794245034,1
0.46174433355434047,1
-1.7015211522248923,1
-0.5438365689574713,1
1.5763178618592546,1
-1.1166365866053392,1
0.8957981664929333,1
0.4094250215494946,1
1.1373229954897421,1
-0.13540876174072758,1
1.302621023991455,1
-1.524869736789697,1
-1.9325783342723177,1
-0.60397645368035,1
-0.7789894581840079,1
0.7469148925369555,1
0.9135411086365185,1
0.8640769728714682,1
0.3152803398568243,1
-0.3028294835381149,1
0.4202003783905795,1
-0.45667649972412894,1
-0.4840186217214487,1
0.2923291626608031,1
-0.40638627361205026,1
-1.3852563457302383,1
-0.36067604411207177,1
0.5554425905699635,1
-0.047761192819040725,1
0.7656207594629066,1
0.3302801299987148,1
0.7665625846079824,1
1.289776789815636,1
-0.6939019104421824,1
-1.198093299031861,1
-0.40835256158406347,1
-0.15671614287899674,1
-0.3198769120204385,1
-0.7806220411033218,1
-0.10904669892731149,1
-1.3965571166727782,1
0.6182553117765857,1
0.08026396176546621,1
1.091876616666647,1
0.06511303751507767,1
-0.9690148339970313,1
-0.534839960725211,1
-0.09845368016072259,1
1.1096186475062226,1
0.40572428767697577,1
-1.0654996512606163,1
0.3160456886775087,1
-0.45782968154754144,1
0.8848797100950533,1
1.578820810239551,1
-0.9430849195283086,1
0.9916686144105967,1
2.3448438009426074,1
1.6421736942762883,1
0.17799972746985623,1
0.34238718882735275,1
-0.30784145366815446,1
-0.5470436121925518,1
-0.7833265514856586,1
0.9551753002997274,1
-0.6974518307692116,1
0.0606259022676515,1
1.2311585257403417,1
0.2109513876464569,1
0.037440509770030835,1
0.5842317467529025,1
-0.39309521472266185,1
-0.9764522641009946,1
-0.05736375355691723,1
0.5211836324123634,1
-0.42502499427956597,1
-0.9143701911759003,1
0.06438499189667982,1
0.8609724918045704,1
-0.8198096227066559,1
-0.4604164023271296,1
-0.041331090901250346,1
-0.3315755291471649,1
1.092960665349947,1
1.4859065401000804,1
-0.007952145694974457,1
0.5633965050948211,1
0.11870536204122781,1
-1.0174733360308383,1
-0.281937037725131,1
1.1679540338220975,1
0.5051793747221249,1
-0.41414107302920494,1
0.3413745937039601,1
-0.5029097771908758,1
1.4583292890443562,1
-0.31726191511985813,1
-0.05662930897398172,1
1.5874418367114025,1
1.622241210941054,1
-0.402634975872124,1
-0.18308978096217515,1
-0.39508324658085164,1
-1.1957678553650015,1
0.14513486404736378,1
0.08007461002959057,1
0.3283891467299841,1
1.4520979902681146,1
0.6385508881238593,1
0.8044283310712088,1
0.027825227812435908,1
-0.8512057482007169,1
0.7569608488777215,1
0.13257119889816577,1
1.0854296911110877,1
0.7943223212280297,1
-0.9616380238640027,1
-0.22762112400235318,1
-1.0274734100718266,1
-0.7560142541776698,1
0.35825596978548346,1
1.5484683875593852,1
-0.032146646321633394,1
0.3550369692640199,1
0.8767628119080301,1
0.6560520537989358,1
0.06414589900231113,1
-0.21146853974943125,1
0.41611683682433565,1
-0.3190286800900636,1
-0.9527501813651963,1
-0.519490680368493,1
0.5145904995746823,1
0.9022271432684924,1
0.3291406912085644,1
-0.3251421102638693,1
-1.2568497780651475,1
0.9165010800898464,1
-0.3592475402278062,1
0.16160925900770196,1
-0.10490481710986871,1
-0.2857354216195875,1
-1.3170769797087265,1
-0.0984536031428212,1
-0.6159002709774198,1
-0.27216738233630644,1
0.48499169497323,1
-0.18800942214277128,1
1.3089883034220033,1
0.9903244229015767,1
0.4547217230113348,1
-0.7494711341398713,1
0.23944645062291112,1
1.1211776388908894,1
0.09007786297407054,1
0.17049232143504095,1
-1.1293414911055084,2
-2.4725457119656036,2
-1.0742625552231262,2
-1.4067193526571944,2
-0.3975352863461268,2
-1.0089173867317132,2
-0.7937672354151329,2
-0.27368302808447303,2
-0.8165442964239008,2
0.7116064886105967,2
-0.03770582966001066,2
0.12612201828749062,1
-1.06361532392205,1
-0.12184053050175468,1
0.2419120580214151,1
-1.4340832591578525,1
-1.40413040220609,1
0.26115972988945796,1
-2.1185807194051294,1
-1.682392267387579,1
1.639189019568682,1
0.5992860952645084,1
-0.5313316689512076,1
-0.643902776117953,1
-0.4802456391600959,1
1.1418103009472416,1
-1.2678030643082785,1
0.6277900495233877,1
-0.46117991610651393,1
-0.5428736893250917,1
1.3194932277910378,1
-2.189003446509903,1
0.4931727728035662,1
-0.03144503714248831,1
0.10655221023881024,1
0.44809919995827724,1
-1.492879574000992,1
1.61567750325742,1
-0.5584589239177404,1
-0.5830789746266772,1
1.1433976878842087,1
-0.2886678802072406,1
0.7108221363218158,1
1.2860690495197307,1
-1.4208537247312,1
-0.06889417893878656,1
0.22618669915697723,1
-0.4683740319096931,1
0.10875393385282046,1
-3.136218128355743,1
0.15303795348386934,1
1.1333478410801385,1
-0.24392792690716208,1
1.3095862728551921,1
-0.7631646663903712,1
-0.010937911169788053,1
0.5103434122874189,1
0.925410277650704,1
-0.036191536706143584,1
-0.13583185492643765,1
0.9785950289249562,1
0.7534740691976669,1
-1.2193021122620442,1
0.2741401677491202,1
-0.4277767031694741,1
-0.14365640789144682,1
-0.2879592281586069,1
-0.43952979217679045,1
-0.31185716684077686,1
0.19870074432156892,1
-0.10904772622141516,1
-1.7764769764608024,1
-0.7003194819935893,1
-0.8132875898974576,1
-1.7554129430718348,1
-1.1644860811506994,1
1.4060790005490784,1
-0.8923165855395895,2
-0.5743215673802007,2
-2.5505054574048978,2
-0.6768683425311821,2
-1.0458103025778216,2
-0.5445491981030364,1
0.20852746059151858,1
-1.9905874054932882,1
-1.0026698858298795,1
-0.03006320758750097,1
-0.22653145534290367,1
0.521527622977638,1
-0.7508641065196376,1
1.0407480572618657,1
-0.27117624825061204,1
-1.809826127443912,1
-0.7132728230958507,1
-0.4668484291660036,1
1.300261293669817,1
-2.4167283077621176,1
0.2689837374853366,1
0.17819785633699584,1
-0.2336526009421562,1
0.42840278169494855,1
-1.2571436038492836,1
0.5388986649380623,1
-0.3487973082720913,1
-0.21703443739956252,1
0.11392770312743959,1
-0.5382288278701046,1
-0.1530645058932882,1
-0.43209637588156574,1
-0.0935451483051196,1
-0.8841912796679171,1
-0.10063469473817568,1
-1.472817893442579,1
1.3579090372805762,1
0.734779021095464,1
0.6199328925173604,1
-1.3101636012582363,1
-0.7102649651417781,1
1.492554540099083,1
0.6235875540701649,1
0.3344488513668616,1
0.06754904145607535,1
-0.7325195385250965,1
0.6821339575965519,1
0.4072167039421526,1
-1.0898256828414372,1
-0.11034425181882986,1
0.09091548299497777,1
0.8244583298640747,1
-0.7046010956658723,1
1.2946567804859792,1
0.3492241716748202,1
-1.1483745926612892,1
-0.6901633376019685,1
1.304680365255602,1
0.3438265524332373,1
-0.34614814690895823,1
-1.7776121359114327,1
-1.4299103366297965,1
0.392893652303461,1
-1.3666798959815678,1
1.206947622545173,1
0.8901132832942995,1
-1.4905151438254258,1
0.9643367954826564,1
-1.6802865600703731,1
-0.6254038187646287,1
0.4663889353939588,1
-2.0021174986862262,1
-0.7830569789296827,1
0.9906155313959253,1
-0.8400877442593523,1
-1.7786757111319014,1
-0.5505334176082937,1
-0.5489494580885225,1
-1.4115825983793473,1
-0.2864774711009753,1
-0.8141886273147895,1
-0.692584834906894,1
-0.1249729478850119,1
0.5731389294767962,1
0.5591380291286436,1
-1.1013835425979532,1
-1.310641848649207,1
-0.09046225164203708,1
0.4537039905084177,1
-1.0463934180383407,1
0.5466804245794957,1
0.16467826114809025,1
-0.7392082971752766,1
1.141006687601525,1
-3.128787624843625,1
0.6000975666208154,1
1.7118807463293693,1
-0.4919631954424322,1
1.0297972979878438,1
-0.3453821020291188,1
-1.0319205855661557,1
0.7518031944735504,1
0.1518837211557643,1
-2.2737864313739333,1
-0.9129274509571876,1
-1.097011614150804,1
-0.5210928559627968,1
-0.6517024560613925,1
-0.5535295302343264,1
-1.4134912007718108,1
-0.12205754899125135,1
-0.9296287618097275,1
-1.5465975856411214,1
0.6011904945683931,1
-0.16812145247516905,1
0.8137378198537699,1
-0.113742731468942,1
0.30021594698719883,1
-0.23727502580092494,1
-0.19605773451241976,1
-1.029963589513401,1
-0.46813914324249095,1
1.609197133946891,1
-1.082677329222427,1
0.3954081586464165,1
-0.11431146640659681,1
-0.2523157304710281,1
0.33505810444188383,1
1.3120468215636025,1
-0.1685274534146758,1
0.7120005205851966,1
0.4792985529228954,1
0.6016672864400056,1
-0.2311383755873516,1
-0.5331076528521764,1
0.37894823232578806,1
0.12415544320373312,1
0.4075717325064096,1
0.1717677549146175,1
-0.08925578412970156,1
0.39460889334328564,1
1.0037836740335053,1
-0.7955649417680396,1
-0.26644927607159624,1
-2.5404028919344657,1
1.6709834722857504,1
0.7409463585091359,1
-0.48151274105050107,1
-0.48423234639536916,1
-0.9484701260390151,1
-0.41928113822200763,1
1.0915504834634788,1
0.14117013690101615,1
1.6986681622404722,1
-1.6931147384556962,1
0.17608659714556735,1
0.22700866685857227,1
1.4052565102837722,1
0.0795408062095965,1
0.7497356531943106,1
-0.6163267695070664,1
1.36934596294739,1
0.31958423218921306,1
0.4555328511307548,1
0.09009510888460938,1
0.849190685851106,1
1.0629352977317614,1
1.774952710096879,1
-0.5390768284396596,1
-2.5863813556472266,1
0.5664629470734163,1
-1.0779422094575182,1
-1.097163695517033,1
1.0609214461355279,1
1.5192564846345975,1
-0.11714924402883471,1
-0.4239277901356732,1
-1.3777672091089253,1
-0.46648358043167687,1
0.698717806696774,1
-0.1948859231613473,1
-0.48720937726534286,1
0.7221584991692158,1
-1.375595737054103,1
-0.0983061994028771,1
0.6859006168269202,1
0.6153228183443112,1
2.3636730145325644,1
0.4045517867527753,1
1.0467838518162287,1
0.2722872722993263,1
0.35760548994263297,1
-0.9535595165675158,1
0.46170432114411913,1
-0.5390035835736408,1
0.4324258803888465,1
0.1801949919481105,1
-0.034240026262946,1
-0.7778915612457721,1
-0.8624115963488959,1
-0.2673496551868984,1
-0.5368979638430696,1
0.4725978902779016,1
0.008211390976886931,1
-1.368884178332679,1
0.07664578996583063,1
1.0741028197187887,1
-0.8691809279238615,1
-0.11729368107073417,1
-0.6694655588750291,1
0.5139584956906041,1
1.3171065635679737,1
-0.43917753028996603,1
-1.507312119927838,1
0.3328775395853135,1
0.507257896740596,1
0.3980554743594168,1
0.6514453283984155,1
0.30512390027377667,1
1.3967619409868144,1
0.7844000202461017,1
0.5565006691124886,1
0.27868690984005384,1
0.7372061004054798,1
0.6215385799957043,1
1.20367541516443,1
-0.8132537965776808,1
-1.5958945530566888,1
-0.41791899185750525,1
-1.389932979383838,1
0.9745075430374419,1
-0.38879733370823605,1
0.948019576314941,1
-0.008369606252115311,1
-0.07243841441931088,1
-1.317875279889338,1
-0.38568852948750304,1
0.7700967448633864,1
0.8013415868913051,1
-0.5444734157183788,1
0.4784730680507751,1
-0.15045391730346486,1
-1.4200499061365324,1
0.826589579651986,1
1.1378883920903402,1
0.5221845007181887,1
-1.0545051381167478,1
-1.2023360559373846,1
0.6976613875351128,1
0.7039815702224445,1
-0.16126097794434438,1
-0.39215887239199504,1
-0.9730217889298789,1
0.04756159158354312,1
-0.9420473333538539,1
0.02481953798845697,1
1.6103485912133382,1
-1.0387154595032753,1
0.4706575319920901,1
-0.018868917670527598,1
-0.17157913892805116,1
0.05996036304893561,1
0.8373993979842768,1
0.8599883262182115,1
-0.8472280696414495,1
-1.1341818934452617,1
-1.5319310457241913,1
0.2539932206205834,1
0.8505847741259981,1
-1.7921953731142553,1
-0.8940216452915484,1
-1.2986286840850545,1
-0.7035866659628263,1
0.9323145526376108,1
-1.5572844139466526,1
0.4657771070463141,1
0.5791461021202634,1
1.518202433565994,1
0.19318855420793235,1
0.051716686466103154,1
0.3554233405376114,1
0.1394611089501722,1
2.10515156808753,1
1.0933449563729645,1
1.2197943866884646,1
1.0072198832071286,1
-0.7345141350185679,1
-0.011684954229279712,1
-1.17409203916775,1
-0.5550909162468199,1
-1.4692033959565292,1
-1.8392338089485525,1
0.3649792687255236,1
-0.4372566610137146,1
1.830847727818202,1
0.18010986420942052,1
-0.9183795406348257,1
-0.7373311485121005,1
0.0946925987691682,1
-0.06832726329841773,1
-0.6448347545479304,1
0.8529411735531721,1
-0.3156082484659513,1
-0.0167185585932361,1
-2.4564856793890906,1
1.0772520812107444,1
-0.28277485577254313,1
-0.19580054069429678,1
-1.090793772293482,1
-0.052411171005675425,1
0.7561324665821839,1
-0.17387597030207894,1
-1.3171566426134553,1
0.21011288729479097,1
0.7703429068747206,1
-0.49920293619200684,1
0.0068381825234437804,1
-1.379987320420372,1
-1.5609698096307987,1
0.24988726709108958,1
1.3999154506297484,1
-1.7961607219189613,1
-1.1722836358106863,1
0.27351712828945157,1
1.0292793040873773,1
-0.4623858202813799,1
0.3462867430424434,1
2.118627327532211,1
-0.016780775452348295,1
-1.0490234438652617,1
-1.3636253785806158,1
0.4108090906613453,1
-0.4361761827240888,1
-0.43028739800520044,1
1.8198516629706343,1
2.161032403130408,1
2.0184473718072624,1
1.1989827867622984,1
0.7610772115408956,1
1.3005876864705517,1
-0.1643474636695497,1
0.9861300174691308,1
0.11329291591456798,1
0.2651816631656549,1
-1.9634731063069337,1
-0.4910773491588979,1
-0.7816739667827933,1
0.7240557690588729,1
-0.7880019659742893,1
-0.6990810872174746,1
0.6015128891381836,1
0.5365557846961236,1
1.0521501110131362,1
0.4777352926445536,1
-0.5814090908790798,1
0.08142608771011123,1
0.8506575417430231,1
1.1540959921711829,1
1.496106270718061,1
-1.83272130705917,1
1.4170726627135022,1
0.1108331708787763,1
0.3879446031632696,1
0.221044490106791,1
-0.5344480341087898,1
-0.7560901123290203,1
-0.9090355089756013,1
-0.8969810868360343,1
-0.296417430171244,1
-0.33849410508274536,1
0.052846098801747184,1
0.30783976564159354,1
-1.2909643894711325,1
-0.8554749374184109,1
-1.0813203575700103,1
-0.6360129236348656,1
0.5642657875895961,1
1.3610966812774699,1
-0.8762533038075797,1
-0.4861487930705407,1
-1.6977816531092293,1
-0.287258609097213,1
2.819845748419559,1
-1.334805022136948,1
0.14366214959740978,1
-1.2784783784102476,1
-1.7279168713577477,1
-0.7007501399750805,1
0.8446071848964836,1
0.9926680283170157,1
-0.1501409815194527,1
-0.10161641449905233,1
0.9120010398220979,1
-0.633344710285017,1
1.4841935817467862,1
-1.3205369615883542,1
-0.10394042158278204,1
-1.5383872767798408,1
0.35764360041243376,1
-0.07232333524720112,1
-0.7936116092959878,1
-1.0575508619156937,1
-1.0162525259678192,1
-0.7687885441933783,1
-0.7001344725215393,1
-1.06167894731751,1
0.16401697664106832,1
2.0016611953447816,1
0.9403510209474818,1
-0.00350145725994568,1
0.38765511972403893,1
-0.3325948355912185,1
-0.08695880281088712,1
0.7541275057821638,1
-0.3720707908091576,1
-0.13578590273818936,1
1.1937899456866334,1
-0.5370650003413355,1
-2.3195102702161274,1
-1.8939571028641493,1
-0.2214042699393522,1
1.5384722996570235,1
0.9808729946658954,1
-0.5454521731011619,1
-0.2602152836799107,1
-0.015478028658113072,1
-0.23670921509719584,1
0.9643043178210727,1
0.4060244243362098,1
-0.19077745070939348,1
1.9341814172967682,1
-0.33971614266350686,1
-0.6213925030766017,1
0.5735562545737216,1
-0.02084507125491534,1
-1.4429250605575559,1
-1.4825312904253913,1
0.6366685410011405,1
0.8282679932291691,1
1.0620374469713594,1
-1.2526280288996299,1
-0.9092845046959419,1
0.29922011394485415,1
-0.541414040193563,1
0.07417010050485189,1
-0.4949432117922974,1
-0.43871163605296765,1
-1.648733075185361,1
1.7827631049067194,1
-0.16921063918714666,1
2.6316446225635985,1
0.24427453569198188,1
0.585447457230682,1
0.0014749099362622738,1
-1.5193349148561168,1
-0.13591864692368597,1
0.6972159598548843,1
-1.8580894981835037,1
1.6795043633199462,1
-0.8619264361429306,1
-0.25665176270215184,1
1.1226588390335388,1
-0.44459780395853016,1
0.6962232493560334,1
-0.12039431118403641,1
-0.3762897412582279,1
-1.0502273751315976,1
-0.25867718542750456,1
1.9500679313124598,1
-1.1422939045825518,1
-0.5404175536100211,1
-0.5951805938702617,1
0.913405144664709,1
0.40027484524109724,1
-0.8670845102737067,1
1.1268534662666492,1
0.6409177804000687,1
0.2586009794808254,1
-1.2760566079120288,1
0.9556189285343963,1
-0.02340790855847359,1
-2.924189712473333,1
-0.06881964816389513,1
-0.7548060098075411,1
0.3222811602464,1
0.1770952705703261,1
-0.8373723011092871,1
-0.6770232311343605,1
0.351159587216372,1
0.09708752648187624,1
0.8206408645785459,1
1.2322217377981064,1
0.31889749351967644,1
0.10264103572351194,1
-0.9502182602770354,1
1.3479271732273725,1
-0.826538971582641,1
1.3812347762332138,1
-0.5130630565276803,1
0.733993779584224,1
-0.05390260133931559,1
-0.5231730553602022,1
-0.3550382643304505,1
-0.20969649415347008,1
-0.02811572391214667,1
-1.1082239105620513,1
-1.903392509669991,1
-0.5100349298101459,1
0.3445816959346547,1
-0.6447274535642556,1
-0.4807021931641526,1
0.32123993112108,1
0.644407719154068,1
-0.38655464636993675,1
-0.8215510363912779,1
-0.5323712844771527,1
-0.5997962674826772,1
-0.8429109853762765,1
0.2641668772565965,1
0.3274625041363665,1
-0.2118609787558426,1
-1.0597615705902734,1
-0.12395037735471216,1
0.6341065924143741,1
0.46864826443212315,1
0.1553550311449813,1
-0.55483650912476,1
-0.06063736424050689,1
0.5793103904173985,1
0.9512992592905747,1
0.6625658004941788,1
0.6982024130447445,1
0.4052067300628408,1
-0.784576723146962,1
1.1850670976102464,1
1.3245454930477119,1
1.3499648059828266,1
-1.3795835644767735,1
-0.34258509103416973,1
-0.40083183428292923,1
-0.21303154795612356,1
0.8540714643488736,1
-2.232398606534114,1
-1.2017862019238825,1
0.5207519524726304,1
-0.7123737617668667,1
-0.45933766841070434,1
-0.23344295277619825,1
0.36334801370386394,1
-0.18163602967178036,1
-1.269224054458812,1
0.7600758159085709,1
0.36645560320757137,1
-0.6106777459520523,1
-0.08646973067511593,1
1.3921858663851552,1
0.6675251902170933,1
-0.05552467513930367,1
0.1449212321979681,1
0.43788321046754297,1
-1.669847603690882,1
-0.16891490581336235,1
-0.37333171444395025,1
-0.8147538353128447,1
1.4677548483480307,1
0.6068990967566059,1
-0.9055138424262085,1
-0.39859941294300166,1
1.5799975287464612,1
0.5740865382089547,1
-0.9586164718978503,1
-0.8854559555720751,1
0.10498987675438633,1
0.23507894616558195,1
-1.0683833627887673,1
1.2079775340682282,1
0.580248597106407,1
0.5106494732919418,1
-0.3063087743432628,1
-1.8154036598960568,1
-0.5508346447103084,1
-1.2857171042765367,1
1.5511464070281813,1
-1.6294786759268438,2
-1.0616844805451975,2
0.5809913431300257,2
-0.1523167685591788,2
1.48839995289354,1
0.28703163157946604,1
0.5871942731129554,1
-0.46732971423878916,2
-0.43970899485756265,2
-0.869367299151337,1
-0.7271076763316641,1
-2.9606201813377915,1
0.19788608144575145,1
0.12620769002436835,1
0.8081335374078172,1
0.9462155146888279,1
-0.9622632492290049,1
0.35532390713951045,1
-0.26439493165407296,1
1.067849814442157,1
-0.8480053156784414,1
0.06512943248933101,1
-0.9001018940023469,1
-1.2062333806059191,1
0.19762874155935653,1
-1.5005786293807355,1
-1.1642694459058625,1
-0.5043907919172315,1
-0.3807639849797389,1
0.9665664799008342,1
-1.5997996011267788,1
-0.5406162125222508,1
1.0496390040200692,1
-0.07591682445365662,1
0.5873307214300045,1
0.9338294725540094,1
1.1717547317333092,1
0.350282668174327,1
-0.23739981923410472,1
0.08234367466556414,1
-0.37937561657650865,1
-0.44229620573653733,1
0.28045330495482473,1
0.04787290862512565,1
-2.074466700157261,1
-0.35290561420732725,1
-1.1943530672127072,1
0.10983906650429792,1
-0.30169274323255996,1
-0.9657217292964635,1
0.7246588272818584,1
-0.5127111363199668,1
1.165121249517008,1
-0.8778159817610642,1
0.7616224032932113,1
0.41016264379197565,1
-0.8697144749952738,2
-1.4421938369020573,2
-1.6387145212350593,2
0.1473993648160828,2
-0.7163285419533715,2
-0.7261602522872082,2
-0.4100670014557095,2
0.16007231040264414,2
-1.6937413232701817,2
-0.745583646696262,2
-1.2217122191796086,2
-1.3230708845648969,2
-1.265138849192217,2
-0.16634048893484357,2
0.049292574412377034,2
-1.1595007910964275,2
-0.036668325268821376,2
-0.26173887526272555,2
-0.47223986850382504,2
-0.5374972982115912,2
-1.356497806556314,2
-0.8646431277744414,2
0.6511734749351624,1
1.565069824228564,1
-0.4575578143334257,1
-2.0084242341691283,2
-0.2548255611271797,2
-1.0829657456909314,2
-1.5270887407272233,2
-0.28654298080932844,2
-0.7840540699257246,2
-0.18825564361276864,2
-1.239022388901732,2
-0.6270084499897771,2
-0.6327003321701504,2
-1.9912056057362597,2
-0.8459266354566923,1
-1.0482810626965795,1
0.7870759191888098,1
-1.711558416636969,1
-0.5092947374277313,1
-1.400461020023603,1
0.9371283615987811,1
0.3092966279254424,1
-2.329312013263705,1
-1.6362862873298123,1
-0.14908048006445118,1
-0.24334085380715775,1
0.7240886788021912,1
-0.08055374502114006,1
-1.0240013158143983,1
-0.006108962990069001,1
-1.3414187910522526,1
0.01695078649697869,1
-0.8416783330643534,1
-0.5882752131541763,1
0.04324940180825922,1
0.10203278234167264,1
-1.169535729467345,1
0.07150861399049657,1
1.421623943696049,1
0.6972427076732156,1
1.2512564294662247,1
0.4084622627234708,1
0.3748602078288933,1
0.7049407757326202,1
0.3211668570114162,1
-0.03242555839217451,1
1.7021788051651288,1
0.6223078987516691,1
-0.19433999442637626,1
0.051352563787418086,1
0.7191879933293684,1
-1.9371940490108719,1
0.22235499932410302,1
-0.677588198063987,1
0.6111243423704862,1
-0.5033284847735273,1
2.0418117160719396,1
-0.5645689223664285,1
-0.6093600439038733,1
-1.7004116008555599,1
0.1990992089160168,1
0.07083858016232764,1
0.23218912140464415,1
-0.8963969278252188,1
-0.061329852695901174,1
-1.8493389611026623,1
-0.20604638188631355,1
-1.2502576222185449,1
-0.23391193778529046,1
-0.387910546916551,1
0.356776116093266,1
0.6785954877490298,1
-0.8297840180480921,1
-1.338850004208473,1
0.24144702491330625,1
0.9332902853825356,1
0.19203327551677088,1
-1.0360074863763615,1
-0.4067092734674323,1
-1.0472463232362306,1
-2.158551755705723,1
-0.407224005511102,1
0.9812997706124498,1
0.009684283499531574,1
1.5458083987546851,1
-3.029862929583838,1
0.7086660785474242,1
1.5286636463531575,1
1.374603928903181,1
-1.6687141276354904,1
-0.3286151501331999,1
-1.6370505151024748,1
0.2888979661678256,1
0.9253270466902443,1
-0.8720821182953514,1
0.4504705297781142,1
-1.5398559277017487,1
-0.44238058344211595,1
-1.1371877992262946,1
0.9973813078224543,1
-0.5178638850524457,1
-0.35727516212437455,1
-0.49963738043626876,1
-1.4816121604647752,1
-2.4613524271444263,1
1.2135371680508624,1
2.172615134756738,1
-0.00025637090913090176,1
0.558984079507596,1
1.3295177591654688,1
0.3444998809267457,1
-0.7546700487055896,1
-0.8168699328121239,1
-1.4554834508595142,1
0.5648212126098366,1
-0.40531237358134437,1
-1.6564948779772783,1
0.2427984206581239,1
0.3557837893933453,1
-0.11398237455914245,1
-0.8015493334125933,1
-1.3584615909436961,1
1.69062180827323,1
1.3897702974478585,1
-1.0462916986533635,1
1.353278441324611,1
-0.48856316295449925,1
-0.7719673281614949,1
-0.7992244473900224,1
0.14966862989221866,1
-1.064767242508131,1
0.20418922694879066,1
-0.992964788573666,1
-0.6133953818591885,1
1.0506625277531219,1
-1.0907547493731342,1
-1.096685689492885,1
-0.07079942932262426,1
0.45950736283374666,1
0.3855809325353435,1
-0.16445421277037,1
1.023600736859266,1
0.758753028217732,1
0.23169915899021215,1
-1.2678792726339128,1
-0.09218921388976324,1
-0.9299577507178468,1
1.2161097479819571,1
1.0717043673956483,1
0.9065945486766162,1
-0.1889030476598981,1
0.7822340483154933,1
-1.0083499936402867,2
-0.7750814900378004,2
-0.3305656845157081,2
0.13025935665320962,2
-1.0518079337857713,2
-1.7072277603798047,2
-0.09146343901085877,2
-1.2167608602101965,2
-2.52792065813688,2
-0.3092182720048202,2
-0.6424851969665955,2
-1.1322661484922545,2
-1.7774459451893152,2
1.4060361753237363,1
1.279816647696857,1
-1.672055263646255,1
-0.3085068161409386,1
0.7453501777344216,1
-0.35530464951290053,1
0.6554961283461684,1
-0.558865014705831,1
0.5767301998537364,1
1.2410598722609278,1
1.810837735120148,1
0.37255012330284887,1
0.10884045226785537,1
0.23654346938518342,1
0.46558700606165965,1
0.12728238829487057,1
-1.262185331081428,1
0.15687615150520426,1
1.6492341338227172,1
1.074883978596985,1
-0.54833985603926,1
0.8252325841536211,1
0.09616365426909958,1
-1.3881427763517171,1
0.18896915042838916,1
-0.4970201555805768,1
-1.8184679579413296,1
0.5594107000931953,1
-1.1185963627494029,1
-0.020140515045784953,1
-0.25314053709627127,1
0.08349269645614153,1
0.4429315055537607,1
-0.7389585032071672,1
1.7719272702066242,1
-0.23655219025450214,1
0.0988272152791306,1
-0.14186916466309069,1
-0.05820637155850807,1
-0.5624739026678905,1
0.11425664722541427,1
0.5913054040454644,1
0.11245643442881077,1
-1.1350793109644586,1
-0.04653396478915347,1
-0.07190758781813371,1
-1.0455556311335839,1
-1.078222768481987,1
0.9085584420520649,1
-0.6329365859477508,1
1.229481132357676,1
-0.35885621572849297,1
0.47107681032168985,1
0.7842660320459027,1
0.5806391864460093,1
0.10453254956272515,1
1.5118608598445102,1
-0.9366469141256846,1
-0.7370959291993238,1
0.8936791569440421,1
0.5207498536743046,1
-0.6377246209666199,1
-1.2492646595869057,1
0.3266029148249865,1
0.24890145998858834,1
-2.3706003484827725,1
0.9183836871338876,1
-1.1660680535190637,1
-0.21541545499081785,1
-1.344196825808762,1
-0.7524313936647626,1
0.2391976652104034,1
-0.8267531369729315,1
-1.6738618328754769,1
1.353839928973527,1
-0.36488303395699795,1
0.017394120015245082,1
-0.19539144311704293,1
-0.7771410435949873,1
1.6279249930482314,1
-1.2687609030466098,1
0.25488312819474684,1
0.4656745761292036,1
-0.11349540171847795,1
1.074263255631799,1
-0.6780281331101817,1
-1.2067835966369094,1
-0.6622554224639521,1
-0.2993985507603929,1
-0.5609007315919684,1
0.7007655168151957,1
-0.6870782193236066,1
0.37069641843596207,1
1.5490864022901059,1
1.121266711287417,1
-0.0608698682683254,1
-1.093055101639215,1
-0.8901569668265497,1
-1.433237903667549,1
-1.0364944584832436,1
1.6204290377520258,1
-0.5949324238058952,1
0.13897117332296569,1
0.529627475162323,1
-0.04068288296053905,1
0.6322053439345349,1
-0.6240014297294403,1
-0.577745858706364,1
1.2775080209392369,1
1.5589025495252946,1
-0.5708735730533336,2
-0.20131617773716828,1
0.07279357770892163,1
-0.47888907624433774,1
-0.6483340226448275,1
0.04007106561627364,1
-1.9072555292534243,1
0.6527113244393137,1
-0.35427894989516134,1
0.6172880211770754,1
-0.543915572761076,1
-1.1673762548347526,1
1.8215127822662782,1
-0.5575095179659004,1
0.31195354344145015,1
1.059474564690598,1
0.22261493594554208,1
-0.4769917899142143,1
0.8498862946487584,1
-0.22909528906412305,1
0.7803496517498236,1
-1.0977181593429242,1
-0.8392692263270086,1
-0.9866956767667319,1
-1.1220761686834368,1
0.07162410481909563,1
-1.6407889190482876,1
1.2778796647845714,1
-0.7356557369034157,2
-2.0856535610099014,1
-0.7859282301194142,1
0.6682717883963729,1
0.56016690651373,1
1.3801432910859233,1
0.355072773619432,1
0.530065193897136,1
-1.4309037410108885,1
-0.15285313932469585,1
0.628056409501945,1
0.8339951637457056,1
-0.22770697621106617,1
2.1267536259792212,1
0.18453581774903488,1
0.7233793387801492,1
0.881618327116993,1
-1.4350978833187644,1
0.06386200409399878,1
1.254004666350744,1
0.3540322453302476,1
1.8310329093247601,1
-1.4795123309165945,1
0.18197183309754303,1
-1.312606047438712,1
-1.617659598341742,2
-0.27140895200794113,1
-0.6516491874107968,1
-0.5982766622807305,1
1.1603845461124542,1
-1.5892834426443028,1
0.7699398202633703,1
-0.21337249010029025,1
0.17414735023270542,1
-0.3573716061756369,1
-0.37976335110702286,1
0.7681057014874328,1
0.7887221907220063,1
-0.37901882075157256,1
-0.7718584854972593,1
1.0772270368899064,1
0.19995977563488762,1
-1.3482994271856539,1
1.504007065161658,1
0.3725316594775331,1
-0.5181610783310363,1
-1.260844648547852,1
1.6164854419791672,1
-0.8284062195410156,1
-1.2416011931678705,1
-0.28371482554292615,1
-0.12505155096478401,1
-0.4049152050782535,1
-0.41315179379822625,1
0.9207523257911232,1
0.6631142982528425,1
0.4316399989612976,1
-1.8496836174931781,1
-0.8646501244117247,1
1.3437899681942975,1
1.0064253925102595,1
-1.7068803688196135,1
-0.7358484442059525,1
-1.1177704684665977,1
0.7838221495086704,1
0.25896053204058594,1
1.4044102530879023,1
0.3531153400189247,1
-2.140610336884574,1
0.2478273161637402,1
0.5311167059043422,1
1.4144342579020215,1
-1.8689194452782671,1
0.26478459242264846,1
0.48783162447289946,1
-0.22962776879457703,1
-0.33257924112012494,1
-0.6270377451513144,1
-0.41631875458293194,1
-0.08950770587064842,1
-1.1188177931310364,1
1.1058947520425901,1
1.936329132521843,1
-0.5025328425098977,1
0.3530376851163639,1
-1.159966614273291,1
-0.0425198813883705,1
0.689102617970625,1
-0.4812907257711874,1
0.9884276561348695,1
0.6041276930896057,1
-0.302904365868617,1
0.40351785554235625,1
0.03964390809407667,1
1.076807803124061,1
0.5791268900273843,1
0.6877735134611939,1
0.9666869041979556,1
0.41362759307099856,1
-0.9720850815698371,1
-0.7915482528971897,1
-0.5682886559980243,1
-1.4901544926284052,1
0.17924768618306391,1
1.5027047161905098,1
0.24661135637284007,1
0.13083695704590922,1
-0.8591428514938131,1
-0.11981745350963402,1
-1.3834869709059994,1
0.4312723039255711,1
0.6352881338795923,1
0.5032479320725072,1
-1.6450143380608209,1
0.5338707685239008,1
0.5707271562450534,1
-0.7861445565059294,1
1.511702816532358,1
-0.15676567315396053,1
1.3307840631005456,1
-0.4917366542783022,1
0.45901462495894796,1
-2.3829500747633623,1
-1.0914338406028548,1
0.7514485280262286,1
-0.6583393456196921,1
-0.9358109602682991,1
-0.3550669618109468,1
0.8658747835329337,1
0.26111730366515157,1
1.1132358891668812,1
0.9595604469466756,1
1.1310644131941776,1
0.12335204040718478,1
-0.5022163454828323,1
-0.23097749252799218,1
-0.15750798116579953,1
0.12764103100605775,1
-1.4963200032772137,1
0.07721646729741294,1
-0.8448352050570863,1
-0.18197031916169318,1
0.24914959824693925,1
-0.09972271532148728,1
-0.9089463764623325,1
0.23292635529431954,1
-0.4478550997275447,1
0.14859640937969465,1
-1.2731764548675122,1
1.3315446149801495,1
-1.061632123388918,1
0.4159521533666365,1
-0.8399192540339768,1
-1.3462743327311408,1
1.013494553618597,1
-1.764547382160273,1
0.611468449543621,1
0.7821283056642603,1
-1.435435288345377,1
-1.0333623017022988,1
0.4011238171278239,1
0.27935329588570346,1
-0.6778083678838491,1
1.703745035088662,1
-0.1233544143038147,1
-0.2399142796633899,1
1.139543991323274,1
-0.49098990046163365,1
-0.39918888369998146,1
-0.8864403329045616,1
0.37475465949236797,1
2.5298123264109247,1
-0.055640088524895076,1
-1.5778491717296146,1
0.5556209500981311,1
-1.3589834037281099,1
-0.004815127763499071,1
-1.2317213502478426,1
-0.8238480215815597,1
-1.761571851875418,1
-1.7588547961013594,1
0.6916837612193366,1
-1.2914167506760805,1
0.07358225020366922,1
0.700104633674533,1
0.05355796956965809,1
-0.27606023269746166,1
-0.2724583446999743,1
-0.24432803720739518,1
-0.7038068051955425,1
-0.45971908715602305,1
-0.6737839586169074,1
0.19009253430843065,1
-0.16894842713784236,1
0.4106987119548534,1
0.24726902564079392,1
-0.3677016286241027,1
0.48328305979925956,1
-0.19460924570295612,1
-1.145560804995278,1
0.5355781656680046,1
-1.49607050428026,1
-1.2553050924754845,1
0.13798727879811273,1
0.9605826833267029,1
0.8350674078927676,1
1.5970358219743797,1
0.6183052499884646,1
-1.2743557286910636,1
1.0463754748192058,1
-1.1013640710342174,1
0.3858185612064435,1
-0.5193897975757201,1
0.7135895536778417,1
0.5000884254978682,1
1.5458089361693161,1
0.8497833094560945,1
-0.8138113453917529,1
-0.6951130853932538,1
-0.7687651183797631,1
0.4709576407558809,1
-1.19684483804899,1
1.2491013173852135,1
1.3469466781031352,1
-1.1153321022069884,1
0.2713650447163878,1
-0.31837383187200624,1
-1.556593657007353,1
4.060086560493383,1
-0.811003435969295,1
-0.366090039105998,1
-0.21920373552421685,1
-0.3798917912789041,1
-0.12635922406207928,1
-0.6282973667298103,1
-0.9672593680369631,1
-0.623255332724934,1
-0.17381377323063857,1
-0.09239585924886888,1
0.8694057989664451,1
0.25418441077736925,1
0.7917846440706956,1
-0.733316244836256,1
0.2848236096925355,1
-0.03730326067383398,1
1.049319036593463,1
1.4562294756419836,1
1.0961569136288465,1
0.45164597121315475,1
1.4236295759608053,1
-1.0793942978031157,1
-0.992988296202032,1
1.4005138364324712,1
1.1620366391609198,1
-0.5508827157056176,1
0.9095961731790854,1
0.7222953642501633,1
-0.7424942809003965,1
2.2800357178199153,1
-0.8993278971620526,1
1.2228872913525362,1
-0.12687630406478123,1
-0.6825982543479124,1
0.19709236910369954,1
-0.713330978573074,1
1.3821892597171157,1
-0.20584772792499692,1
-0.5623686247735171,1
0.08445590709326796,1
-0.900888354055767,1
-1.0143646364964782,1
-1.2994876535656545,1
-0.042256625307599376,1
-0.0506042071638793,1
0.760022163157011,1
0.6757235900115517,1
1.2889689856981352,1
1.262621644437619,1
1.7815744876523367,1
2.1956549132411793,1
0.9591140492702107,1
0.04440608223639824,1
-2.2382159763371514,1
-0.33400929346365615,1
-0.7747079419353001,1
0.4976388432711852,1
-1.4168418446712288,1
-1.4094165476246412,1
0.9527483048028687,1
0.1749913946781327,1
-1.627296429794081,1
-1.1964557092195955,1
-0.32647694391805865,1
-0.13329298110471136,1
0.6204724922814688,1
0.7166838729130124,1
0.4186116312131826,1
-0.5850007868019712,1
0.7944538146538901,1
-0.15156749559427968,1
1.350930997437716,1
-1.9661313078179006,1
-0.08142438196728248,1
-0.46706709430719234,1
-0.5069298464245805,1
2.770421731165589,1
1.6864941530714075,1
-0.21656590942981788,1
-1.2770737313077032,1
-0.3975097575398434,1
1.1148460891173837,1
-1.1929466591382556,1
-2.25574595782246,1
-1.4164716949627296,1
-0.2545809073880157,1
0.7070653052159508,1
1.5082874367673058,1
-0.3835209795900901,1
0.010489912814480858,1
0.6838858582110895,1
-0.15406484790607228,1
1.455004068910575,1
1.627151572679898,1
1.977558828422242,1
1.0785205164086376,1
1.4537777808585655,1
-1.099974925842905,1
0.6737247402434955,1
1.063732450882654,1
0.8505291014860134,1
-0.3679775629978268,1
0.23128387717384927,1
-0.18964451269143667,1
1.0300774312015184,1
-0.3586258874407525,1
1.3358329298442757,1
-1.864155618649442,1
0.2945315474044122,1
-1.7940268103679056,1
1.0123735545481123,1
-1.1932449260771503,1
-1.2303606572983972,1
-1.5133531663381936,1
-0.5187753280216196,1
-0.40721683548691073,1
1.8155611645636986,1
-0.674355900697311,1
-0.9136269562683684,1
0.10102719300622509,1
0.21164291029479904,1
0.23033952403894578,1
-1.232891094260771,1
-1.3152641683492938,1
-1.7994321790612693,1
-0.6438897045738807,1
-1.645088835599142,2
-2.065883553990259,2
-0.9682080357789055,2
-0.5950538423236654,2
-0.8811684979764723,2
-1.3878444388038997,1
0.7477725270745845,1
-0.3760891375234708,1
1.3935316155317468,1
0.3165393998922963,1
1.4677209912925322,1
0.059481685965470175,1
0.9606412071303035,1
1.660575244887854,1
-0.4162925395835791,1
1.013788975343034,1
0.8820547331542482,1
0.2142687804277412,1
0.9728736517582928,1
0.745408702951934,1
-0.4448962055669991,1
0.9642953759692666,1
-0.18058810594520974,1
0.42400051488234897,1
-0.5708149512591649,1
0.3452416620278992,1
0.5771108012284913,1
-2.069231548043095,1
1.8881897763762445,1
0.011215009337263708,1
1.203008713688737,1
1.947109893170324,1
0.4027494844600435,1
-0.0771252230361089,1
0.24002769826082895,1
-0.5182159593293871,1
0.7670005391198844,1
-0.8402024676351579,1
0.16008752498129658,1
0.16733157899796483,1
1.0019475381037557,1
-0.9170005512286504,1
0.05640089729271114,1
2.0780306199916647,1
1.109058679151047,1
1.7817168500746547,1
0.9096236368088831,1
-1.3743029789648173,1
1.214418172018296,1
-0.8102720246984892,1
-0.854164610935836,1
-0.12148710170267926,1
1.641039591770436,1
-0.001587864570171677,1
0.8154498159811594,1
1.2831621496746815,1
-0.02889401482242706,1
-0.337263873424219,1
0.08111716365751973,1
-0.14978792271225724,1
-0.353986994032794,1
1.4812528359387651,1
0.377465196816537,1
0.5547614782546599,1
-1.3774526422363067,1
0.8569484984369977,1
-0.2438912229989816,1
-0.8104870837046567,1
-1.077252514221254,1
0.4337264535070105,1
-0.2959089002025019,1
0.985595357244793,1
-2.1553601687459483,1
-0.3995336377266198,1
-0.03139801385158886,1
0.12269376514393683,1
-0.6669161271389852,1
-1.421830782914637,1
-0.7133266896164068,1
-0.5058596905558711,1
1.3406477812957567,1
0.6094601398156927,1
-1.2176249767193612,1
0.7112801135069452,1
0.38607648233955133,1
-0.33550856525684236,1
1.0540073087136783,1
-0.9606919325946341,1
0.4623821352991446,1
-1.5891674452338593,1
-0.18934434563635671,1
-0.914355987542924,1
0.8002573453893258,1
1.8897073352606555,1
-1.4750877942566603,1
-0.0375281133651246,1
-0.47288031348981874,1
0.5419043508455968,1
-1.2502278757669554,1
0.4691923981701749,1
-2.157562264988027,1
0.3753033285017553,1
-1.4413474730626024,1
-0.23971698048086726,1
0.15980437184736054,1
-0.7709325088265983,1
0.19550681490895586,1
-0.1996473756873309,1
0.05386500539988275,1
-0.43459544397767597,1
0.011315637640483753,1
0.12033283420191555,1
0.1374046792810843,1
-1.4867273816847928,1
0.6072892452217946,1
1.4451298432132238,1
-0.7637178860322362,1
-0.22261626366728926,1
1.555060493234739,1
-0.28158033958285844,1
-1.5592744411484711,1
-1.2362832736215954,1
-1.6003894814506694,1
-1.523956649571858,1
-0.14199107822225396,1
-0.1524054696866026,1
0.2264244142214208,1
0.03862162426464698,1
-0.009962716476767424,1
-1.1289034455372946,1
0.674122026472756,1
-0.6518240624341884,1
-1.287178664371366,1
1.323419076240415,1
-2.1508510760183914,1
0.6936720018292365,1
0.08708252550240987,1
-1.2113816610308956,1
0.22967222130098985,1
0.007003542750218792,1
-1.051510040260467,1
0.22551776916255165,1
-1.0018589411144818,1
0.2905079706922416,1
1.0996114597032376,1
-0.18909527404790052,1
-0.7722299021702894,1
0.6672925176794818,1
0.3662028939713325,1
-1.692144674112971,1
-0.9939842273237032,1
0.7709802575232247,1
-0.5700137516495759,1
-0.7636949950301248,1
2.4373857139096198,1
-1.5618413679299146,1
-1.2620258329115133,1
-0.28605901229367814,1
0.4833399663895541,1
-1.07904178841901,1
0.5263453947255935,1
1.0242445646877092,1
0.9530235471935087,1
-0.47256821271654076,2
-1.502474027994599,2
-1.2934222232230501,2
-1.5757617072163757,2
-1.748646077423273,2
-0.3489159759268348,2
-0.8844839189076331,2
-0.4636387864688812,2
-1.0937433532069085,2
-0.5361568119481441,2
-0.32921349645109765,2
-1.3506220668346756,2
-2.0088919395490326,2
0.5204061116084757,2
-1.2153017553542393,2
-1.2567881435173949,2
-0.017308990188654932,1
-0.6709954832047034,1
0.7241997658600164,1
-0.7243024037301334,1
-0.8312040613804985,1
-0.7372207053926685,1
0.7877927543646225,1
-0.013599002627979124,1
0.6721072528100734,1
0.8692496354334552,1
0.8584415725182545,1
0.4551012825238554,1
-1.5116811887243595,1
-0.8921559913472452,1
-1.4680997505815179,1
-1.2766075484074884,1
-0.38818514390180076,1
1.163972704668439,1
1.0561753829263987,1
-0.5771757808960725,1
0.07425840806462924,1
1.5108311055856187,1
-0.7632657336507457,1
0.7978992297273362,1
2.0458317324785393,1
-0.8466062970593368,1
0.9369320359254365,1
1.4506227969886754,1
-0.33055242265978346,1
-0.27531264213099654,1
-0.5647579120105568,1
0.1621527698315475,1
1.0943098240300169,1
-0.6251167239574321,1
-0.5095248462339154,1
-0.7369250403806213,1
0.27594746416953636,1
2.4660888644047194,1
0.39208138766294115,1
1.5495520847245874,1
-1.9389006807981917,1
0.3513722327397504,1
-0.6122326280871553,1
1.630814449610358,1
0.7828832942020073,1
0.13578786432612291,1
1.8270156935419288,1
0.8366630783777469,1
0.24289621567125735,1
-1.1193912695052295,1
2.6588976836504172,1
-0.7168112331970573,1
-0.0024303909652125394,1
-0.8027801815213939,1
-0.8923361577942193,1
-0.27583867060289274,1
0.23734407154555534,1
-0.5347285826654884,1
-1.0463678594378165,1
0.9421392371448772,1
1.5173884679671885,1
1.5576349787616928,1
0.25085648674096284,1
0.3650326886911718,1
0.11679489640473245,1
-1.3324029159417534,1
-0.7073819927287553,1
-0.5588680725212315,1
-0.45722612701701426,1
-3.0394393883149644,1
-1.1114411031258415,1
-0.7016184032767845,1
-0.6459959194594274,1
0.29869009632725413,1
0.2547351951084698,1
0.8436478198151258,1
0.6678751819464189,1
-0.888319435012544,1
0.7202367246852684,1
1.0149019233612444,1
0.24536309490093877,1
-0.8545626337799201,1
0.14241666467940206,1
0.627262740352058,1
2.4564840522475713,1
1.6147841928801443,1
-1.2804548322374174,1
-0.37515792537456505,1
0.7100244025263354,1
-0.6111342295141318,1
1.6090598109605343,1
-1.4125053727608567,1
0.007690740068736847,1
2.0101939004676974,1
2.392911555795836,1
0.06952534760381457,1
1.0721349950616152,1
0.0403894814905762,1
1.3450567446228943,1
-0.5726252448111906,1
0.17193701955886379,1
0.6559099682721283,1
-1.9095363278152826,1
-0.5285784588618575,1
-0.67334539963775,1
1.2940880168559272,1
-0.6131543159730434,1
0.06413745990190618,1
1.789765060763961,1
-0.5901723392233089,1
-0.0047955600723609704,1
0.14746196495189082,1
0.7310359018468039,1
-0.46357800544824185,1
-1.2337373617265504,1
2.045139859019142,1
-1.48312090581014,1
-1.2600056879300408,1
-0.08288462896505273,1
-0.7237000060844867,1
0.4072348336351547,1
-1.6702600180184108,1
0.2551842355538581,1
0.12585878462556177,1
1.3764953121912828,1
-0.45926782003769795,1
-0.0720916816139508,1
0.0849156425662905,1
-0.6925512030629839,1
1.8343282719418539,1
-1.4292778580656185,1
1.2256504109454653,1
-0.20212445714878594,1
1.2070985617181755,1
0.026782227452729263,1
0.2854064161125839,1
0.8718371438784752,1
-0.37900186558189486,1
-0.7075762925177896,1
0.7474610675669727,1
0.39443603299348035,1
1.1830405513155893,1
-0.7043002672401981,1
-1.2473785942494244,1
0.014938039130404982,1
1.041401750460351,1
-0.8745055431705347,1
-0.39432102042684203,1
-0.06904455925133661,1
-0.7059654564626686,1
-0.472597110016637,1
-0.10641091604673993,1
-0.18092601183937868,1
-0.19656323686127944,1
-0.29342268896364804,1
-0.8756418058679667,1
1.0312532467338569,1
0.04982022714274057,1
0.9153547359303591,1
-1.0977271856134254,1
1.796861563283423,1
-0.3664175869229633,1
-3.1582312613413754,1
1.8219461454523642,1
2.754950396921153,1
0.34991597707198385,1
0.21659632302460807,1
0.4148827525471434,1
-0.5440595133001637,1
1.279684964839854,1
0.7623543611632118,1
1.015651302331735,1
0.4552785351595663,1
-0.9237078809345775,1
0.10649485041638858,1
0.059395619026744534,1
0.7932317410302971,1
-0.49641273164296285,1
0.19004019052495658,1
1.8342676440541605,1
-0.46559906693209613,1
-0.11372140318429602,1
0.306725628476544,1
0.9264621854855488,1
-0.328314732825499,1
-0.3601437281629649,1
0.1764406475036929,1
-1.0872929985431887,1
-0.7599177773105122,1
1.7220084004896534,1
-0.679412997467284,1
0.9797620014786222,1
0.8420771194096552,1
-0.6073869810376783,1
0.25513384818820534,1
-0.9795622009475454,1
-0.968639446544862,1
-0.0647602013679468,1
0.7986854242455835,1
0.6139259201081408,1
1.256326085671578,1
0.4169354991696419,1
0.6378425433384675,1
2.4118111543225433,1
-1.3956020737893162,1
0.8262376485535795,1
0.25505444043534536,1
0.3887667307317876,1
1.5568910891934924,1
0.31331353215661367,1
-0.29459406967803753,1
0.45410175376811657,1
-0.8001342843075503,1
-1.6318346265350345,1
-0.3570572001532238,1
-0.5805254747754244,1
-0.921108664487296,1
0.5062436497399837,1
0.3902613158404751,1
0.7157791048379404,1
0.5986463362933052,1
-0.2253064729700144,1
-0.6216305940826767,1
-0.13181633096639675,1
-1.5204454686873288,1
-0.7515466272551484,1
1.207736800390685,1
-0.9638241615592203,1
0.3454706414334679,1
-0.1772868614552745,1
-2.5900976871148162,1
-0.18653891069271228,1
-0.26746826211184965,1
1.0378551379498069,1
0.33481447212069065,1
0.656193658894804,1
1.0726417159423034,1
-1.4567010657079833,1
1.391667766732964,1
-0.9476022924209294,1
-0.11330045606016738,1
-0.3235512711347081,1
-0.4467891650593731,1
0.39593353934973563,1
-0.27637633311750875,1
-2.7124737627068343,1
0.7460436311219253,1
-0.653854526461995,1
1.5651628340863413,1
1.060764654069572,1
-0.47067759370021156,1
1.6732260860003243,1
-0.08837075268186169,1
-0.5523890607817112,1
-0.30373142607924236,1
-0.8533970324370659,1
1.0237049797016153,1
-0.5748237694410027,1
0.8323814456864546,1
2.2519867200565367,1
0.2222588960001523,1
-2.3996484187384275,1
0.10039490858545258,1
0.4113056543432502,1
0.2415768659679209,1
0.7615663964860657,1
0.734558437699777,1
1.969271413596109,1
1.6853791382103034,1
-0.625537522626379,1
1.8189250771253445,1
0.14494477952086268,1
-1.5241306531997507,1
0.5330417076921395,1
-0.5555622101969583,1
0.11586243771350391,1
-0.9792104681176378,1
1.5140059314155465,1
-1.109078262244456,1
-0.2528081856595196,1
-1.1679313899137282,1
1.301475412249161,1
-0.5010250058182514,1
-1.4730539520271058,1
-0.17065364287851564,1
-0.525496422206782,1
0.14342808924548864,1
-1.1591103589708827,1
-2.438518060154454,1
1.0645768876400639,1
-0.3526656787588344,1
1.1463914216088433,1
-0.0032041302949477393,1
0.4771344801861205,1
-2.4695454663485283,1
-0.28091379636763397,1
0.25359027525267125,1
1.387368662799161,1
-0.8556500537905587,1
-0.41937115394689994,1
0.6872621275519324,1
0.8096175601392261,1
-1.1025977824277398,1
0.22158567486538036,1
-0.8067228139780842,1
0.3276502114121112,1
0.7695554806455596,1
1.5873519691684819,1
0.002495262098831063,1
0.18640832082503242,1
0.38358201407627546,1
-1.8054980563182517,1
-0.3850625395706074,1
0.9547925151717798,1
0.20545196700703247,1
1.324245443367752,1
1.7675228568540406,1
-1.2396612262084425,1
-1.266162159299988,1
0.5107240253389249,1
0.3822220015877612,1
-0.5849512929048661,1
0.35963013472350597,1
-1.093304208387303,1
-1.5060189161960147,1
-1.1347772336374204,1
1.1122057616507666,1
-0.228615110582609,1
-0.7362544997185346,1
-0.29364194391932313,1
0.14991469801437857,1
-0.7616454522580726,1
-0.46613653213226963,1
1.6495785112538035,1
-0.23031963674917505,1
-0.20640467527493433,1
-1.0188599366804545,1
0.34805090814977313,1
0.09735803241210843,1
0.09996148755042036,1
-1.1141425360719934,1
0.28514763462604414,1
0.4190038215254826,1
-1.3427917969495735,1
-1.0580669341715598,1
0.3653371412203059,1
-1.2726336511747265,1
-1.650166811798323,1
1.4371996133171325,1
-0.14769361909522302,1
-1.9921886727331686,1
0.46351311499913267,1
0.45286972569935385,1
-1.7173129772328342,1
-0.7447711312347012,1
0.48109997098579255,1
-1.3660259956338536,1
-0.6461680623264169,1
-0.16227129021027037,1
0.3321821147816133,1
0.17405474111198876,1
0.18212777791153728,1
-0.4788669187768556,1
1.1844354692405181,1
-1.3936642800379768,1
0.654353954992722,1
1.392259517212752,1
-1.0958818388867166,1
-0.46426502808658066,1
-1.7506542870265978,1
-0.2808890321027859,1
0.6460085689094075,1
-0.10228588759010496,1
1.2053794204256691,1
-1.2431070002234021,1
-0.7939698180144505,1
0.0028374994212986096,1
0.17738999206323805,1
2.3312461783704137,1
1.663781433679794,1
-0.27826180695144614,1
-0.03653887320511426,1
-0.9373496053264755,1
-0.6686022463095497,1
-0.48673020928122457,1
-0.6397975496641921,1
-0.34976907903959237,1
0.9259022042188487,1
0.8393220293173028,1
-0.7452325414762205,1
-0.28426447476976807,1
-0.16778688791016422,1
1.4447210050258905,1
-1.207322606602827,1
0.11530887888301951,1
0.6613590754779575,1
0.055021030393173555,1
0.3318538587836955,1
-0.5647107609822327,1
-0.40705267253831134,1
-0.18629498904657246,1
0.42997955937597027,1
0.07355205781567166,1
-1.5320067256590306,1
0.6631952491128541,1
-0.46295824976384353,1
-0.8597504914899649,1
-1.2117707511060984,1
-0.9096614002204908,1
-0.6598707470884516,1
0.5523864419514006,1
0.6035907914094858,1
-0.9089450577791837,1
1.3093564141274776,1
-0.9022474050002841,1
-0.7521922374438373,1
-1.600910607877204,1
-0.29811974538464164,1
1.5987754416762139,1
0.33181059020845394,1
1.2126958331235702,1
-0.400434963339151,1
0.6568830921221444,1
-1.6906962252964317,1
-0.8757634845515861,1
0.13628760276475754,1
-0.27354316863143396,1
-1.7122940511284155,1
-1.4973824797296584,1
-0.3172880197956743,1
1.4416064814061393,1
0.36318904850249123,1
1.0477194165552008,1
-0.33937265962193264,1
2.1717692428776236,1
1.166922306547403,1
-1.6753772505737559,1
-0.601840781610322,1
-0.1170434339849996,1
0.5316692252118972,1
0.3501824752568594,1
0.01643965427422381,1
1.5287361385251843,1
-0.46717272014025757,1
-0.9586726815368697,1
-0.8252560981081976,1
0.6937600159755888,1
-0.4294911767593929,1
-0.1961757208631021,1
-0.4986820257735447,1
-0.05810256737298572,1
0.004263392309369282,1
-0.28034072684682004,1
1.0282275552611098,1
-0.6830537133686571,1
0.8791211274031266,1
-0.5450893777695756,1
1.0329319218109128,1
0.7038494127950421,1
1.3577319372071968,1
-1.4483813900467684,1
-1.6507100582711334,1
-1.383746014862571,1
-0.407258980173286,1
-1.287512306810653,1
-0.035154892267741766,1
0.6559375087117353,1
0.5830298657937779,1
-1.018005520184436,1
-0.8184009575193587,1
1.337630102732619,1
0.42634772885744054,1
-0.03472133987568566,1
-1.1807762169591771,1
0.5725151775879596,1
-0.10152994442701364,1
0.7618821703670944,1
-1.0439977085293484,1
-0.49815600353503675,1
0.054675340437051585,1
-0.8433693768017716,1
-1.3159793039202254,1
0.7972285200699043,1
1.6652089836432868,1
0.1913697392775014,1
0.8905156611880427,1
1.8528096308123565,1
-0.3711223724845721,1
-0.6712411722679371,1
-0.6284495180493185,1
0.9053845172920102,1
-1.174234324997817,1
-0.8658360979040433,1
0.11967340000888829,1
-1.6463322179468112,1
-0.7125041585966115,1
-0.1610206943832058,1
-0.8457790004510615,1
-0.7196433546370314,1
0.36504840025708,1
-2.0860361125956985,1
-0.426317976527875,1
1.4631325128237214,1
0.9998662203426946,1
1.2018591334954583,1
-0.8534952539647215,1
2.1355554566756108,1
-0.34920721553002837,1
-1.21381246872144,1
-0.04561289751353721,1
1.0719645751286173,1
-0.2749489786439319,1
-2.074312615934173,1
0.8072471754251759,1
0.3524448568083554,1
-0.7324370193715097,1
-0.636746464301917,1
0.3060051896301388,1
-0.08276160060043669,1
-1.0952924105904531,1
-0.9275436066977163,1
-0.314121647667921,1
-0.27041600562753926,1
-0.1872606695426171,1
-0.5402106819439686,1
-1.5057721961627015,1
-0.18975094535806789,1
-1.3826141558063787,1
0.8204523400404258,1
-1.1771111919086228,1
-0.4469633925458804,1
-0.27608781296060403,1
-1.7011839175961956,1
-0.9278826367473744,1
1.7543054315793911,1
0.3581909289463815,1
1.5322459508485125,1
0.18932252397048943,1
-2.318571320618325,1
1.1913954589194218,1
-1.013068542829395,1
-1.266503332400641,1
0.7942854023790914,1
-1.362934828633145,1
-3.3625942578115726,1
0.8023862832864931,1
-2.0570752838427344,1
-1.9687091797317298,1
-1.7507206650756817,1
1.3012251670376005,1
-0.5869415933221475,1
0.6337282711145258,1
0.673815554959845,1
2.411743778156438,1
-0.6909122805091126,1
-1.2662345122873555,1
0.009586320239243374,1
-0.801551481655163,1
0.045224038450033255,1
0.9624699831884359,1
-0.20197447788821427,1
0.3003604959323381,1
0.7814098537020157,1
0.9459642835251604,1
0.08872227962248319,1
0.633408182572335,1
0.16736650193498512,1
-0.502591140502666,1
-0.981440964221749,1
-1.3660042217587605,1
-0.4450455157582241,1
-0.3184716716644984,1
0.37466668527551666,1
0.5217796213383408,1
-0.5108394912153116,1
-0.3946520986855789,1
1.0384800227364992,1
0.007369311258485519,1
1.2866400319603262,1
1.190472629325991,1
-0.6367322893379681,1
0.17788165446006898,1
-0.5108961232464725,1
-0.22754740186984893,1
0.937517232179778,1
0.5497032460116706,1
0.3558570893435439,1
-0.4063954977455123,1
1.1525428465898933,1
-0.9698952998370536,1
0.3142771321554351,1
-0.8871465977624482,1
0.9961262924892702,1
-1.0442748828929158,1
-2.0432629293601123,1
0.6844004527295237,1
-0.1797922711067345,2
0.10515259775682503,2
0.7054157759334568,2
-0.1252529809015833,2
-0.3432563045775194,2
-0.18930975329755634,2
-0.6451827267630504,2
-1.0842426071717814,2
-1.3710998136186563,2
-0.4443940862241087,2
0.09460991394480471,2
-1.2279535454129955,2
-0.7241640866274643,2
0.17972387976139223,1
0.6070766640595818,1
-1.127281510717078,1
0.0954619835185946,1
-0.47160109974838843,1
-0.06439578986943216,1
-0.8744273081483364,1
-0.42252542246764385,1
0.14229635001545773,1
1.282473390233965,1
-0.965119781184664,1
0.4437048974767345,1
0.5760754827800763,1
0.6289785062378723,1
0.43689381651325726,1
0.2842818024564123,1
-0.48400122145394886,1
2.0391774140258705,1
0.014305399134379084,1
1.1663036957591875,1
0.17653577334329,1
1.044814025972709,1
-0.17367771243215488,1
-0.2607143510806666,1
-0.6669073614188663,1
0.13687598908650617,1
0.7466564533094832,1
-1.0552597450933576,1
0.7734774582783517,1
-1.3342046635032772,1
0.13107374171997882,1
0.9766962619569499,1
1.0836173131778706,1
0.6013790313124177,1
0.44658021692313665,1
-0.3608523689066074,1
-0.7771192377707632,1
0.5961324347779156,1
0.8872153691405167,1
-0.6282991777938257,1
-0.6045875944147402,1
-1.1321888212222888,1
0.8823685777574551,1
0.7693368836947617,1
-0.47042842351602304,1
0.28728309324745416,1
2.003010907394281,1
-0.2139062330975465,1
-1.2859556821823086,1
0.68243946460428,1
0.6798484523577215,1
-0.32112799133018183,1
0.5587780735040219,1
-0.12282660089272476,1
1.0313777442970051,1
-1.241771270307291,1
2.372858672411086,1
0.334628396820342,1
0.582143759634761,1
-0.26464510721294465,1
0.20466877039418208,1
-2.509811943385385,1
-0.48657715932630624,1
-0.5646903764372678,1
0.6318565830523761,1
1.762074647393929,1
0.01927064936235492,1
-2.134602560554554,1
-0.9593065489841214,1
0.30168910043634256,1
-0.4786626728199444,1
-0.9984202465619133,1
1.5789466393477045,1
1.3963523291346698,1
0.3734485311273959,1
0.6535748976761357,1
-1.0189088442125245,1
0.15184637902272158,1
1.5026337615657415,1
0.057616739378367865,1
-1.0281353982791779,1
2.410457685456739,1
-0.18259559613934911,1
-0.8844431116084138,1
1.3106392643621563,1
-1.6821784652724767,2
0.026727450334878226,2
-0.030536280960409203,2
-1.4045062319568316,2
0.06106769200260897,2
-2.2288268857620297,2
-0.6150724579529988,2
-1.6836977884573041,2
-0.5623278651615758,2
-0.4578680885727393,2
-0.8409655091435393,2
-0.697452041204737,2
-0.8598169477091179,2
-0.5638902749338154,2
-1.3951022846308843,2
-2.308315349951398,2
-0.8737680644563915,2
-0.8478522580249589,2
-0.9600348891841177,2
-1.9640101029771273,2
-1.4207850003057472,2
-0.7571237852722457,2
-0.5730066418725507,2
-0.7478348190300383,2
-1.8421770081834048,2
-0.5702713761203767,2
-1.2596075170510548,2
-0.5653208522187687,2
-0.7707314053671169,2
0.6611970846479335,1
1.046188537939656,1
-2.112985236663857,1
1.495255526467337,1
0.06702852547135671,1
1.4459608491450948,1
-0.6681539945669609,1
0.20544283379093684,1
-0.06487972939768026,1
-1.5068138554210686,1
0.4297857669289498,1
-0.05823234219288967,1
0.6770077016784195,1
-2.3076408720751473,1
-0.9027997058358579,1
0.4071752474806401,1
0.6835370535494454,1
-0.1261447997306244,1
0.1355651860577826,1
0.22411897025590546,1
0.4661585597691468,1
-0.9568069995810891,1
-0.03154878938885954,1
0.20628900130508732,1
-0.15039470079738584,1
0.553291725526509,1
-1.007145223605996,1
1.6676027978384478,1
1.6406891668525578,1
-0.34891501210695974,1
-0.23727805924066392,1
0.5980441765105776,1
-0.3374736010669242,1
-0.9457911161771302,1
-0.17637342614594356,1
-0.8200539084177704,1
-1.3138100245736481,1
-1.8137998979068883,1
0.3791677455345259,1
1.3017986967821766,1
-0.5761519336517507,1
0.8105470090825009,1
-0.33201136771214745,1
-0.4239842459996036,1
-0.9252924674231833,1
1.1714096623055659,1
-1.5044294769252284,1
0.7991213936798364,1
-0.5614561407995096,1
0.45133499403437055,1
0.6170631945786794,1
-0.223958253093792,1
1.6305209219056562,1
-1.0584272963584482,1
-0.5286950788640848,1
-1.0871831965717385,1
-0.5218696303944033,1
1.0362898543722345,1
-0.0642566849537436,1
-0.27998517809109225,1
-2.51068827506387,1
0.5101145500913616,1
-0.9082581195003593,1
-0.6305889016677267,1
0.6303429868888072,1
-0.9605558431357174,1
-0.15847191547447692,1
-0.34048475909065073,1
0.147093552026797,1
0.8771637243003414,1
-0.7118989760376756,1
-0.7191067589625827,1
-1.151142993559321,1
-0.06392567987853118,1
0.8408602084880775,1
-2.2325530696358435,1
0.6263130109237317,1
0.6237310720792828,1
-0.8019108891282418,1
0.5245795656377518,1
0.3116986584829968,1
-0.010186158623766272,1
0.8288851776409158,1
0.7231205537668958,1
0.38305762253222686,1
0.7366334974186451,1
-0.03204482263962042,1
-1.0355012769314775,1
0.5919505064709882,1
-0.3988890593758201,1
-1.453750044454688,1
0.6147346795946608,1
-0.07096484547826075,1
-0.34158041288307056,1
2.221933027319673,1
0.7958846289770888,1
-0.2247397157626696,1
0.12744091636760613,1
0.14776734803570038,1
0.16725612089358316,1
0.8587713488867409,1
-0.21448811720917957,1
1.233936603336009,1
-0.5223973243713634,1
0.07727873732179212,1
1.3686208768904924,1
0.15552857848413842,1
-0.5385888470883645,1
-0.46580993230780726,1
0.3874449389213425,1
-0.3080958339554467,1
-1.8727987536295605,1
-1.420528820289029,1
2.5844704876942592,1
1.1657395439117646,1
0.7688393763366691,1
-0.6944380226085185,1
-0.8472426780049137,1
1.4749319745956249,1
-1.1810424897793987,1
1.8758805908659721,1
0.6301291778888819,1
0.974130443178055,1
0.6262772034205005,1
-0.467268162687198,1
-1.8218557227764722,1
1.24579337112772,1
0.5018478172834325,1
0.6827282474243377,1
-0.6723634315334461,1
0.5355102259673741,1
1.304951183282846,1
-0.606589322803158,1
-0.39394660978010543,1
1.107677808499636,1
0.32033029400357294,1
0.6571629420514151,1
1.1127950242597973,1
-0.5002454214374292,1
-0.014710402153102068,1
-0.8680471805714015,1
0.7857527873594822,1
0.016682779605413197,1
0.8808317701980287,1
0.20712987432429378,1
1.603128094799567,1
0.7484390144932049,1
0.36932055871173397,1
0.30390808478627435,1
-0.31932851405446017,1
-0.05843978097059928,1
-1.1119444524116482,1
-0.504104217886159,1
-0.9865600649709687,1
-0.23243210530357997,1
0.4841235472278008,1
0.9131792332566814,1
-1.5518533614077743,1
-0.16765187585763344,1
-1.3373143016153104,1
0.35216801011239685,1
-0.9185064375321498,1
0.2303979058918966,1
3.0573890632871876,1
1.2374694595467894,1
0.5036025144476102,1
-1.4565758937806417,1
0.07496707199554312,1
1.2763480295974714,1
0.997671143090974,1
-0.010694812647457948,1
-0.38885024824375125,1
0.3085247675583962,1
-0.3734982118856584,1
-0.6375519890819972,1
-0.6546374762559464,1
0.9763538930115728,1
-0.7587607202559181,1
-1.6386467951947006,1
-0.4174882671890016,1
-0.23792798745432622,1
0.5306924623717131,1
-0.08701288880595905,1
0.4212508183467232,1
0.42981548067996167,1
0.7799362908728127,1
-1.4007965064040375,1
0.8867024161742568,1
0.6540738546876645,1
-0.17329500233953657,1
1.4342428867993797,1
0.5787868779934129,1
0.7391991371823283,1
0.8680449940596727,1
0.8317923513928527,1
-0.8803453649438203,1
1.3723403163943861,1
-0.7313613816143593,1
1.0165104753055323,1
-1.3383939627892614,1
0.008477107747051202,1
-0.5861357942067138,1
0.13725263756391617,1
1.950815070309647,1
0.30530867305184317,1
-0.4717899239647338,1
0.5827342989986428,1
-1.1593082601324454,1
-0.5086636073654699,1
0.3146814400347486,1
-1.977379843419257,1
-0.5488956271138634,1
1.8157415100656487,1
-0.828233957689886,1
-0.34840182291955896,1
0.9061341960023886,1
-0.8957260809447912,1
-2.166041181787414,1
0.8015222536475906,1
1.4205230254206471,1
-0.16922180477512128,1
0.8628466389456699,1
0.3226659269537308,1
-0.2678534035845105,1
0.11436082218686056,1
1.2149146293800024,1
-0.30825312706984276,1
-0.9641786901648353,1
0.41078828422097746,1
-0.0872528507072168,1
-1.0986929538349606,1
-2.0874543601981053,1
1.407381468359894,1
0.830329072018401,1
-0.18985132008691433,1
0.02725888373730316,1
-1.1498780988067576,1
0.734287145904742,1
0.0793367251968703,1
1.6270788646292564,1
-0.8568127208918512,1
0.531376875526689,1
0.20516236977148022,1
2.0063621828781826,1
-0.21879592482650984,1
0.1379113005204688,1
-0.31496541466449846,1
0.9950975366054989,1
-0.37026371516898987,1
-0.040582561661879894,1
0.11233901115730166,1
1.288858053737063,1
0.9527455872885352,1
-0.09160567317333283,1
0.2916491497391194,1
1.8172475993579988,1
-0.6465705773329514,1
-1.1697287514160648,1
0.8071249586581386,1
0.7810988440259344,1
-0.07396772944486582,1
0.3103341887789988,1
-0.4437809330466617,1
-0.2680050480295833,1
0.5381569234932718,1
1.7138146479612946,1
0.3041208575554499,1
-0.17651490961586627,1
1.6611679510522284,1
0.18897458381614435,1
-0.7603672184170363,1
-0.7390546661362676,1
-0.06505894674551042,1
1.3978199688498731,1
-1.1807067929994328,1
-1.1209014542102038,2
-1.4608259299882203,2
-2.4867493970563954,2
-0.11485286674927266,2
0.2556295078240643,2
0.36096268971690476,2
-0.3628708888287699,1
0.6363132109129318,1
0.28977765576480347,1
1.717527691829588,1
-1.4238909225628815,1
1.187736907487651,1
1.7026428765108483,1
-0.589954971347948,1
0.5672464970631529,1
-0.05069115691751088,1
-0.5955539490622874,1
-0.7108309530678402,1
-0.8574476641312918,1
-0.8659582107033024,1
0.8279354707683992,1
-1.3576329529539901,1
-0.47217809738100674,1
-1.0498942836318528,1
1.9730660118371774,1
0.13107280199557486,1
-0.7955419286521472,1
0.37815689223611315,1
0.24067652509188006,1
1.0601393955051703,1
-0.2237162147580524,1
0.9943686661875067,1
0.2584854964957166,1
1.74021465712508,1
-1.2482359458069425,1
1.954677128679394,1
1.1623094744920202,1
-1.0138859802336495,1
0.05292471867603294,1
1.3891853073669709,1
-1.3710745962043906,1
1.1889716787384723,1
-0.03760198668460554,1
0.061101899851807924,1
-0.491586215475487,1
0.5060410768996854,1
-0.8422227627301946,1
-0.4575591462689395,1
-0.29937863862587033,1
0.40327191461792433,1
0.6550061834832284,1
-0.7719254117990761,1
0.05756007655589838,1
-0.0369200401878566,1
0.6501627811579983,1
-1.1779456488705227,1
-0.7019488286581858,1
-0.608936990884816,1
0.9231382629709617,1
1.9038337461760806,1
-0.8776869830933273,1
-0.18961649468914724,1
0.8474443011134979,1
1.4577920410713736,1
-1.4372534135837536,1
0.32188941632475426,1
-1.122741096204687,1
0.0015558409274910323,1
-0.15129283923478043,1
-0.34106299299224624,1
-0.43486470161184876,1
-0.44030404447076427,1
-0.44873608281270877,1
0.1296732192994725,1
1.555949061130011,1
-1.5781549147661882,1
-0.15933664687726248,1
-1.2904060632617649,1
-0.39292549759054646,1
-1.1116847244961234,1
-2.4040246608447275,1
0.2206557434486216,1
1.2521927971395972,1
-0.24561038649191122,1
0.8355301715122616,1
0.646698471850819,1
-1.3854218449052775,1
-1.771418285219264,1
-1.1818704152722095,1
-0.7315740414870744,1
-0.8438159479985763,1
-1.460788419240477,1
-0.31951916557510845,1
-1.3903173109306761,1
0.5546162758756218,1
1.4048156272963839,1
-0.9434193514577446,1
0.08624041219848091,1
0.35764526457476875,1
0.9807542678720905,1
-1.216528114423137,1
1.0600491172921256,1
0.8953288193605409,1
-0.40504212857734084,1
-0.45862783789325495,1
-1.3756346306773035,1
0.3131743247359982,1
-0.9148123768638924,1
0.1653484418158792,1
-2.0550428652330304,1
0.3606351473651878,1
-1.3569370708723494,1
0.8953452676045764,1
-0.5304728174170389,1
0.9090678690478997,1
-0.4641822058342685,1
-0.2964635505091727,1
0.2647330923024117,1
-0.636423302319099,1
-0.2783517924377555,1
0.4801899965681206,1
1.0024859279008864,1
0.332942440217094,1
-0.6545639827959189,1
0.8742431168262992,1
0.5484855297147342,1
1.5610315540463262,1
-1.011998526282512,2
-0.4172775479133612,2
-0.7034456319257631,2
-1.0122283969153398,2
-1.1216779955706178,1
-1.0488491409716525,1
-0.964935729117058,1
-1.183143901880003,1
-0.0038293157570372877,1
-1.154958290447213,1
0.4614280909719268,1
-0.9054458306387485,1
1.1122886810074366,1
-1.9653409668032868,1
-0.023795926850228712,1
-0.24815706585798436,1
1.61741772370227,1
0.024227785339093037,1
1.671599192076446,1
-1.3386905913047369,1
-0.7243066112244114,1
1.713594481595612,1
-0.3330195567306327,1
-2.3930255401871476,1
-1.9688532118525235,1
-1.1629806536433567,1
2.005340612193975,1
-0.027216813424062423,1
-0.5315828263129604,1
-1.05699874649377,1
-0.14749856691032612,1
-0.8761134699095504,1
1.7749436467251127,1
0.8919490898265703,1
-1.021704984193492,1
-1.3408865445035691,1
-0.516864861239716,1
-1.035152631553974,1
-0.48773309856437513,1
0.10016751127208484,1
0.7378433084557098,1
1.3014187237021502,1
-1.771188009433608,1
-0.03196464073833391,1
-0.03378669628834956,1
-1.3894492239612317,1
1.4065018987400777,1
0.9813276913463104,1
-0.4452418246490249,1
0.1461330006030434,1
0.5879547796865988,1
0.8709939646628277,1
0.05298891955821398,1
1.06114361866016,1
-0.2809516986347572,1
1.0602958284435557,1
0.9056564626478562,1
-0.7611312622886681,1
-1.216203796828379,1
0.6753988047342171,1
-1.020540225785014,1
-0.8763434285091151,1
-1.843815438375971,1
-0.4602771293843751,1
1.4339438465398804,1
-0.9603107323091826,1
-2.2277697715976483,1
0.2709662466507376,1
-1.0282377310643322,1
-0.01018890784630311,1
0.8299409585568682,1
2.1924873219584478,1
-0.16940511888059853,1
-0.4950696289183046,1
0.2167431024193648,1
1.4129722191509575,1
-1.5011751128414954,1
0.49386332731096294,1
-1.1181921995223845,1
-0.9188489288079562,1
-0.01105582202708961,1
0.2205201431336279,1
-0.7762497579972657,1
-0.5483594518077903,1
-0.3425004995593197,1
-1.0060215353864512,1
0.346400780641765,1
1.2209152111513228,1
0.0332475355615671,1
0.28889979346927996,1
0.6339582281058347,1
1.17380574510244,1
0.16976573003212134,1
-1.850885402188923,1
0.7248186126016066,1
-0.5066442420904168,1
-0.010978517144218531,1
-1.3354648796809396,1
0.7344547553806492,1
1.374244531864706,1
-0.5600303122501864,1
0.8258738763583797,1
-0.7141193512368621,1
2.4280541132994196,1
1.4041878415886142,1
1.5397513398531097,1
-0.8108128735924633,1
1.2782316201917236,1
0.31844218155661075,1
0.34239787304105823,1
-0.8617059913884956,1
0.9966272026892316,1
0.5794682387464519,1
-1.2954141539529294,1
-2.0350318633075295,1
1.048367072279414,1
-0.789014473088608,1
1.0210203513574043,1
-1.038334632425316,1
-1.5286006127975686,1
0.5881040176140647,1
-1.1588198079612873,1
-1.19606006422915,1
0.6050887836256127,1
-1.275416542701732,1
1.7207962455880108,1
-1.2371920185997747,1
0.41290686750194433,1
-1.4112289719691131,1
0.6375659184564686,1
-0.20246856658994333,1
-1.4886284779312746,1
-0.3331021777248393,1
1.2520617921620516,1
0.5774269283429453,1
0.7648284449048688,1
-1.1643158544100332,1
-0.23906665724245316,1
-2.2335462046910677,1
-2.0421662562400806,1
-0.14542702379553907,1
-0.03374712919970216,1
0.49599347344391426,1
-0.8106741088073236,1
-0.7464482091948933,1
0.07384452298809224,1
-0.6779065889525904,1
0.8924631812250348,1
1.514150068357895,1
0.7306109983872916,1
-0.7523913199911378,1
1.3087411027699694,1
-1.0827205167217195,1
-1.4380072985787937,1
-1.3240733236378788,1
-0.3206564054453141,1
-1.9140530897889427,1
0.3365353495628897,1
1.2997857150594243,1
1.440944748932184,1
-0.7970796995692087,1
-0.7422568383987774,1
-0.09128961708145451,1
0.37955840816374115,1
-0.4796284335271334,1
0.7005881849960046,1
0.3912671123587408,1
1.5975294006782477,1
1.6216594990112068,1
0.8009092208546984,1
-1.4266444278551786,1
-1.7369695803975296,1
-0.8889824028676402,1
0.2486133850040528,1
-0.767143263429174,1
-0.23567700942594386,1
-0.5774978506061164,1
1.3674807984310562,1
0.8486530056882905,1
0.4718096233179413,1
1.156146473234518,1
-1.0280350493208654,1
-0.47219128123996346,1
-0.36238610877022953,1
-2.6855466618539254,1
-0.3677193927570298,1
-0.9270051204601013,1
-1.408783069149438,1
0.5653815660031001,1
-0.03669797277972458,1
1.3680606302083491,1
0.2781446576852116,1
-2.084206443232946,1
0.26190905483116267,1
-0.4926015324752722,1
-0.15860622520813641,1
-0.5185391361540064,1
0.788061481791538,1
2.985367134454221,1
1.939737704014439,1
-0.46730713232639093,1
0.23515402966186652,1
-0.03990813776996592,1
1.4167815847936565,1
-0.8267336589492577,1
-1.5314738875645897,1
0.4413716569391996,1
0.7722999380281271,1
-0.5928015726371346,1
-0.6354972300408755,1
1.091475010589131,1
-0.7106496302508425,1
0.18966602074767636,1
0.44945288991557236,1
1.116285307723787,1
-0.3787269521089577,1
0.027788391682756916,1
-1.0824009009035602,1
-1.1769549948462243,1
1.4334257625661007,1
0.0902915425883601,1
1.26021261983517,1
-0.34465934005693505,1
1.6384064949600945,1
-0.04806645697505557,1
-0.43347134317601366,1
-0.9775197687568656,1
-1.233722839366335,1
0.14283085771696252,1
-0.28713519491923906,1
-0.8355350514193937,1
-0.012465543227120054,1
0.11444328798526808,1
-1.3336300737890283,1
1.4683989137411093,1
-0.01821543749514706,1
-0.48425729682165464,1
0.11716726319798895,1
0.5381681625581184,1
1.19323513329422,1
1.2238958498020587,1
0.49965052844267993,1
-1.5013511464312257,2
0.12199933787968117,2
-0.8240097519088164,2
-0.19103583193373705,2
-2.0523843315029606,2
-0.6921916662437693,2
-1.786192994959849,2
-1.1797963583420354,2
-0.949457548566207,2
-0.9927724655614838,2
-1.6813858184742279,2
-0.40088708034292564,2
-0.06005832616495844,2
-0.6114005710139855,2
1.3932541029143717,1
-0.6086920677437959,1
-0.597977978714954,1
0.9537714953206808,1
1.1004694414732086,1
-0.681853080265873,1
-0.1810694853979262,1
-0.6980757118368277,1
-1.399946440094007,1
0.3798131030428545,1
2.4296963888741394,1
-0.13885222264178637,1
0.938717843272755,1
1.3532943634507457,1
-0.020911969281261253,1
0.40480295354943546,1
0.48700357110382786,1
-0.13205113972573873,1
0.6007056808815575,1
-0.8500783061406597,1
0.5167296320290115,1
-0.6867591200866234,1
0.3484611952857795,1
0.4079929271694478,1
-1.7908504186480922,1
0.8314729760995512,1
-0.2893026791548909,1
0.6910177583542151,1
0.9180551807827266,1
-1.9299298310557151,1
0.9238130525871808,1
1.9885535951126858,1
0.3538406692921073,1
0.17577910269783248,1
1.1025669281326809,1
0.4486409687317583,1
1.2302185730245896,1
-0.3730235078234445,1
-0.7426296693517832,1
-0.5212689984749437,1
-1.6084300734887271,1
0.11431871897258425,1
0.3423661617611156,1
-0.13503896736667434,1
1.1696491806259905,1
-0.08560294466293047,1
0.16658856748272458,1
0.1981621994996328,1
-1.7557159279154344,1
-0.3675964425014821,1
2.171244555462856,1
0.1324003249981857,1
0.1961323031756756,1
-0.3634890586718961,1
0.3791200104698095,1
-0.4727103413980335,1
-0.0184949777217306,1
-1.1381794408427308,1
-0.8214807824487169,1
-0.48400428140910695,1
0.7124528424644216,1
-0.43761179797343147,1
-0.5324496347591675,1
-1.3647973593333782,1
-1.1215821348137063,1
-0.4143775434194336,1
-0.9584945728016436,1
-0.8494949265675548,1
1.0955755713384756,1
-0.9946749412370579,1
0.5433788814173567,1
-1.6851002752735464,1
0.6762549258732304,1
-0.5569357627339114,1
-1.5975064234917573,1
-2.474560210887504,1
-0.20647836999003572,1
-0.3968810480913627,1
-0.7530789225759181,1
-0.6605986102404169,1
0.8027787947776341,1
0.07386565055720892,1
0.18891090432350238,1
-0.46248472039943683,1
-0.5840671059114132,1
-0.23484586775740293,1
-0.8651488068294844,1
1.2614179048271246,1
-0.22527618611760974,1
-1.3979146815361578,1
0.34153421924071564,1
-0.8052422567222464,1
-0.049612286424782104,1
0.6425310924946519,1
-1.0513286712677348,1
-0.5863247142105787,1
-0.009071667750757606,1
0.6584570316012284,1
0.4709315900578438,1
1.6314215018542892,1
-0.80612348568517,1
1.0798606810677975,1
1.366623806840067,1
-0.029889970198116234,1
-0.1503062713372174,1
-0.9087317675670323,1
-1.4021965547641162,1
-0.3253961251213833,1
0.7793011155712535,1
2.0041242294079185,1
1.2813749470365305,1
0.28006917476727616,1
0.01225495247893446,1
0.4579320209511362,1
0.548367342184393,1
-0.2390417171379339,1
-1.1541912382078634,1
0.03887476688399477,1
0.8307879753110384,1
1.6166747546497044,1
0.1262617756601483,1
1.7279163984490153,1
0.3756831874048779,1
-0.23014976286116973,1
-0.6869545691068946,1
0.44870122329744705,1
-0.1333617685763662,1
-0.7111695488486032,1
-0.8693078436515873,1
-1.7658203972633866,1
-0.35804211415509857,1
-0.8529323906456465,1
-0.517930947927623,1
0.5732906506936895,1
-0.47678694077765876,1
0.6057679093465507,1
1.6912040168700198,1
0.5371760570463241,1
1.5283323018481136,1
0.44750873265488805,1
-0.5228461599662205,1
0.22257324623826802,1
0.9764880415024514,1
-0.08048689187012434,1
-0.6894353165061203,1
0.9934478926814365,1
0.3953555037338776,1
0.9543620813805884,1
0.8583202831541689,1
0.7131991993065128,1
0.431351740783232,1
-0.3588214776178237,1
1.6184343007358604,1
-1.3862984458801026,1
0.27099631408407027,1
0.11721153737935067,2
-1.5643271263307867,2
-0.3003261844598912,2
-1.5087820758789918,2
-0.3297100317370178,2
-0.5192498765530054,2
-0.5760230260476897,2
-1.1138476275309817,2
-2.30252140986134,2
-0.9092601962496346,1
-0.06868613353152217,1
0.37561896779605675,1
-2.288559881826079,1
-0.7775497081177293,1
-1.6443378659063166,1
0.8949017841217843,1
1.784639403740516,1
1.0873438859690285,1
-0.42851445585935716,1
-0.21461349972164775,1
-1.3177573180532958,1
0.40761073482556104,1
-0.12578945468650926,1
0.031649377912937975,1
1.1285991019734631,1
0.8855152556892579,1
0.9437261662962485,1
-0.28186731094085427,1
-1.0273085130224253,1
-0.5180858870501578,1
1.3984806917528558,1
-0.16575439183433344,1
0.12016952909211072,1
-1.141484633151917,1
-0.8171923078477352,1
-0.20205030285403486,1
-0.44222716698946657,1
-0.08531636816311709,1
-1.7985925594366945,1
-2.612686370522449,1
-0.37158783027574316,1
0.9680074700575572,1
0.027390062608490084,1
0.3646974518007558,1
-0.027136736667103287,1
-1.1108933340963791,1
0.4505599992810956,1
0.4596398411146003,1
0.9181501290275256,1
-0.011881339621813343,1
-1.82668096880078,1
-1.588118535397462,1
1.2208401252116958,1
0.09493581497730996,1
0.17699425451741263,1
1.614352853278178,1
2.144163434034595,1
-1.3628482144677267,1
1.1250283789906736,1
-0.9092797421975682,1
-0.9856484581033016,1
0.5073027464652362,1
1.3670348716203544,1
0.39007606307905496,1
1.4103288124256488,1
0.06534484413908381,1
-0.7051278005469949,1
0.3581002427188245,1
-0.7338325817140258,1
-2.032723145177104,1
-0.10524886827982978,1
-1.205950529814892,1
-0.547333413037224,1
1.1454001870487958,1
1.6349439085626236,1
-0.28509586671514753,1
-1.1808577944706113,1
-0.24037794200918833,1
-0.4797252492624571,1
-0.0964197350152878,1
1.1503678187972863,1
-0.5650582307589189,1
1.6358569695998038,1
-1.4627437825621075,1
-0.970701737587095,1
0.7455655708335468,1
1.244185215450378,1
0.9646810171856542,1
0.7696483094709632,1
0.5166669395897501,1
0.08527934688500695,1
-1.215041144403627,1
0.7908544392433973,1
-0.3793578417285922,1
-0.13888519862148915,1
-0.3529694645895782,1
-0.5050542722486037,1
0.9615445979750151,1
1.3448494121342351,1
-1.2723751251988162,1
-0.6076394305643535,1
-0.19782216861029706,1
-1.4075147195022775,1
0.9866892081006794,1
0.031867281839740066,1
-0.007769429777671747,1
-0.41116673539969895,1
-1.2858959029236197,1
0.4574014082745915,1
-0.9673765921849956,1
0.5497882254198191,1
-0.15991539722416756,1
-0.7790728694980854,1
-1.243015384359303,1
-0.2598351212297695,1
-0.885433381887226,1
0.2992912084613147,1
0.19107259347650513,1
-0.1790985836782843,1
0.8812302179346311,1
-0.7312705488307712,1
-1.6137379339737936,1
1.5934750511452151,1
0.27724042497615564,1
0.3894225616935954,1
1.2457519756054147,1
-0.5036658502953189,1
0.8448429143691718,1
-1.4952258037029307,1
-2.565586750088788,1
-1.0714082942510914,1
1.0407259052310764,1
1.0998958484221406,1
0.27437679475801596,1
0.818522288332985,1
0.9047758350718127,1
0.3207198782547305,1
-0.9111137651523382,1
0.2795788063198414,1
-0.7572952772297579,1
1.519863407865444,1
1.5199195588554475,1
0.8159334826271576,1
0.4726872887273217,1
1.558742008222083,1
-0.18934804266119742,1
2.778998236941207,1
0.12334849152829226,1
1.0053516584285827,1
0.9103592555723329,1
-1.5293217638464203,1
-2.0184735666654094,1
-1.4994648250613332,1
0.448488015499511,1
-0.5142403315642377,1
0.707582652744433,1
-0.7340211186695105,1
-1.1085710432725173,1
0.2491432997215744,1
-0.64344372690084,1
0.625888507364261,1
0.1405952064137612,1
-0.29713865861544086,1
-0.3546282197134712,1
-0.24698241070000418,1
1.630347223753173,1
-1.1842912340053815,1
0.43763538168393845,1
0.5902425470043348,1
-0.10333272358601206,1
-9.515924029417128e-5,1
-0.7911400653902391,1
1.2756676251478187,1
-0.03512211530557033,1
2.8602028996175415,1
0.9580240938607667,1
2.3045917070731794,1
-0.2837679560458589,1
0.13416901421930674,1
2.4844185061184465,1
1.1368788552052311,1
0.06765047239836613,1
-1.1430914672141343,1
0.5126438955284369,1
0.25198849769882087,1
-0.9497444553636659,1
-0.5474956399478066,1
-1.3993994559832983,1
-1.17181107378801,1
-1.1085050896585809,1
0.3118654286193106,1
0.9244284406506241,1
-0.13950293607516787,1
-0.7353009580121762,1
-0.3405202578097542,1
0.30043476286074167,1
-1.8052834059655556,1
1.3874688246412485,1
1.5323704721630942,1
1.4772185114275864,1
-0.5858212148323368,1
0.06647812800919042,1
-1.4662529959526582,1
0.03865476832390217,1
0.9374988890135777,1
-0.7702435436751677,1
0.4689825336079558,1
-0.6735885249366076,1
2.0837168269027107,1
-0.04194521674147056,1
-0.4486361900624293,1
-1.251416658762743,1
-3.0565413094051936,1
-0.6715983493510439,1
-0.41448604203234357,1
0.2527511600453556,1
-0.4531430949424596,1
-0.20425808589108826,1
0.3663501860213664,1
-1.4268757110713528,1
-0.026996551020803724,1
-0.954257604588959,1
-0.2407131829600176,1
-1.3026920014923993,1
1.6878601774380346,1
1.3061108509252017,1
-0.1121551554021426,1
1.102870293364194,1
0.2663092826575195,1
1.8364741985563275,1
0.03862092748647559,1
-1.5237445035654207,1
-0.2169844287819614,1
-0.08579045173527612,1
-0.390825859060206,1
0.8634816138550655,1
-0.16921321617797724,1
0.35519035288249085,1
0.5960532266316826,1
-0.36889176997177753,1
1.2656318268983595,1
0.848744812676342,1
0.28883052719915714,1
0.051630015856775145,1
-0.6981479742409133,1
0.7397797513785699,1
-0.8197357442924107,1
-0.8077777170530183,1
0.9669947066338441,1
-0.13722337697972606,1
0.645445709165247,1
-1.711719477568188,1
-0.2672274518486187,1
1.1217896591521574,1
-0.24163296802448717,1
0.8038132964147046,1
0.23876481051880089,1
1.4549716673255948,1
1.2108682234435748,1
-0.9867932137877361,1
-1.3963945899049799,1
-0.5101244813427063,1
-0.24699946988908353,1
-0.8977933420903919,1
0.6503256982495117,1
0.4133301437602224,1
0.8328876321738723,1
-0.17964693554846756,1
-1.4969268736319712,1
1.5597657336708923,1
1.3155337562079177,1
-2.6483352854917057,1
-1.2423930245963495,1
0.6648939660419425,1
-0.98593546991108,1
-0.3370172778121208,1
-0.4251508098112058,1
2.3649964378327506,1
1.415063129087648,1
-1.058309892023604,1
0.32726710300903994,1
-0.4008322365981721,1
-0.6618353763006616,1
-0.6092181381911166,1
0.7630952343577369,1
0.46093399657405965,1
1.2616841332636797,1
0.537976000036302,1
0.37917076441577935,1
-0.29994924735997597,1
-0.8206318575926305,1
0.40797733923197543,1
-1.7112637451939345,1
0.1500883673784577,1
0.6924225511226136,1
0.8235841308951891,1
-0.4585816954902366,1
1.2329694995155915,1
-0.24114174473503946,1
0.008354840322372947,1
-0.6777403972090732,1
0.9137307829425395,1
-0.9215951356351774,1
-0.6556655063042957,1
0.40289104124138136,1
-0.3923530260494245,1
0.3319394000360709,1
0.13137725572300896,1
1.7177986871016733,1
-1.7364556948233185,1
1.6285334872815596,1
0.7189351826142915,1
1.1332840069585992,1
-0.552350398945677,1
-0.8548836470006571,1
-1.184195972541009,1
0.9173171912218733,1
-0.9671625833563946,1
-1.8140408788826732,1
0.3363559917387806,1
0.7305307272844169,1
2.0869283085692305,1
0.2590802307205239,1
-0.3581175092514502,1
-0.3721133942787541,1
0.5283889362116906,1
1.220757333328922,1
1.1204173378359188,1
0.4574814779348009,1
-1.646616174040311,1
1.3552220442262748,1
-1.4672776347246663,1
-2.046469300454826,1
-0.978174057363467,1
-0.3513463016367565,1
0.5710881612579107,1
0.028934253167078143,1
0.9935841943978455,1
0.6969544368669942,1
-0.24747701083964543,1
-0.41282338461010887,1
-0.7499990708607849,1
0.7159668970167845,1
1.8881773847412946,1
-0.021501424701160135,1
0.28650768078426087,1
2.1471429772871744,1
0.26588897764510727,1
0.6742238387421128,1
-0.3476246229519318,1
-1.5563815960914005,1
-0.8657075572349078,1
0.23378712553489991,1
-0.49748636872054114,1
-0.21999083663627197,1
-1.3799651692525925,1
-0.6680813921702802,1
-0.8910403253018908,1
-0.2759439516875732,1
0.5819929861976839,1
-1.6336774732456458,2
-0.5657278213452317,2
2.1058758376261077,1
-1.1159962937114856,1
0.11295037867313852,1
-0.2526506764350965,1
-0.8353093731262264,1
-0.1255867720002565,1
1.6135373226109406,1
1.3198662812341138,1
-0.6485167688739204,1
-0.14075230489581825,1
-0.5163986421216743,1
1.397356246698829,1
0.600247733875349,1
1.0538572921911895,1
1.3856795593445115,1
-0.717335144460664,1
-1.7938506500162394,1
-0.24543771350324237,1
-0.3822068291069009,1
0.4388582535561274,1
0.004962430968967891,1
-0.8043960203451233,1
0.46187446017869305,1
0.9822215407800483,1
-0.5910253554888392,1
-0.3810177612364497,1
0.46610656113524224,1
1.0278216991795905,1
0.08146526100073288,1
-0.8086282427846442,1
-0.6430549582026868,1
-1.9255361006331806,1
-0.7215483238115853,1
-1.6227480923015298,1
0.39029436937375384,1
0.08848354006196156,1
-1.0931072294448156,1
-0.612391321255274,1
-1.1765517052709613,1
-0.38669440792035636,1
0.9850909582243558,1
1.025844119816007,1
-0.1870939769902264,1
0.49446093081774695,1
0.6063467416288286,1
-0.042612526344120216,1
0.6322466457808865,1
