sigma_eu_sim,state_eu_sim
1.2667675240040976,1
-0.7145562688842673,1
-0.406217765592755,1
-2.5823383008445737,1
0.6300780318121777,1
0.054340598945710694,1
0.4118329321454732,1
1.021275114251485,1
0.453171498941346,1
-1.4511714250241077,1
-0.55874274098835,1
0.21052491983441665,1
-0.9785737157720447,1
-2.4161330021125873,1
0.8118837242232122,1
-0.951698304405525,1
-0.6625125368349944,1
-1.3381194238706826,1
-0.5904108295288772,1
0.3205047561012072,1
0.20441078832389795,1
0.2182846631959087,1
1.6379532932287801,1
0.3722459720517964,1
-0.09365635020672612,1
0.630991370151172,1
0.9243339251044652,1
1.844287071288285,1
0.3416563192562895,1
0.18432198786610077,1
0.8733929922162323,1
0.1529551394977799,1
2.0799819422121892,1
-0.12239561708750082,1
-0.1260918437279155,1
-2.093686317066732,1
1.93280563709512,1
-2.1442518066219116,1
1.0965785448481982,1
0.5288616661967829,1
-2.0424940384141808,1
-1.3521448462256929,1
-1.1096511245922722,1
0.6163768325785055,1
0.10367461167269698,1
-0.9919152147676182,1
1.0869503869699875,1
-1.361885039243901,1
-0.2087796407398362,1
-1.5239846104582901,1
-0.6496595634385373,1
0.15348351599329815,1
0.2830806386745153,1
0.2295277918197134,1
0.3600111411559279,1
-0.955291783184868,1
0.9308117648693606,1
0.03330663787681561,1
0.5460083387789904,1
0.2621120279778167,1
-0.7802060114906382,1
0.7401293776637791,1
-0.4267759904171433,1
0.029324418095550774,1
-1.629870245565504,1
-0.5260302140151895,1
2.105579091437625,1
0.040369235167088464,1
-0.3650727975153087,1
-2.158868926912027,1
0.7260616529812249,1
0.8740772564881579,1
-0.5553572054525687,1
0.34318801624405876,1
-0.42925666105914617,1
1.1761981713981327,1
1.6171184314635338,1
-1.7143869386146573,1
1.3579283000469762,1
0.30571905254440335,1
-0.41076025080951484,1
-0.3909471920172418,1
0.11603808207798218,1
-1.8117503237355892,1
1.6384315033310384,1
-0.24623984135944643,1
-0.6881485787555807,1
-2.092817234916469,1
2.6359875349580686,1
0.7578596982404989,1
0.504351026725704,1
-0.3389654802773409,1
1.6749397591838402,1
-0.1980637665478076,1
1.254217802792571,1
-0.9112471039453292,1
2.3489199108785623,1
1.277919598452214,1
-0.024979044559432922,1
-0.4931635079973081,1
-0.13463799108889954,1
-0.9045949841599435,1
-0.43009643445084367,1
-1.3264975594715482,1
-0.9321762895277493,1
0.33848883775657296,1
-0.5469662791514724,1
-1.6440802132801566,1
-0.9477511520666976,1
-0.0827575038895833,1
-1.2527583925571495,1
-1.73424245673599,1
-0.7418910894858384,1
0.9878424149827356,1
0.1655590543696572,1
0.20556705691627936,1
-1.0256921271216197,1
0.09942305178517463,1
0.7201465209188422,1
1.13363130772847,1
0.6885335361792351,1
-1.5582469676190718,1
1.0291239966591794,1
-0.37740674643671684,1
-1.8664660158639657,1
1.0721358216332486,1
-1.027153828173397,1
-0.8778225215451684,1
0.6714429054239058,1
0.7637305745253178,1
-1.3320345630111199,1
-0.4730519576206117,1
-0.7544113721078919,1
0.7502788882607417,1
-0.7511720811288778,1
1.127007073191573,1
-0.19355795144200075,1
0.5566306548269265,1
1.2658418742530693,1
-0.7600279166384234,1
-0.3836243775196838,1
0.23545738294071644,1
-0.0439179620724199,1
-0.14462431512108262,1
0.058133640803183825,1
-0.991291559938532,1
-0.25150954475904125,1
-0.2489461841760477,1
1.3072640913149645,1
-0.641224850437035,1
-0.03659282334980797,1
1.6797785349850058,1
0.2575061484693399,1
-0.04351638530081058,1
0.3154846977776032,1
-0.17829047585238397,1
-1.1279792460567941,1
-1.282825083036232,1
-0.29676872199575854,1
-0.03679768264436476,1
0.2751373607327969,1
-1.1008205262161066,1
-0.9992695566118119,1
-0.3006383524531828,1
1.5388171233072223,1
-0.01517585216841367,1
1.238347620859457,1
0.33122766472093534,1
-1.5171371749280134,1
-0.30918254551943386,1
-1.2103903251358668,2
-0.14136729292512137,2
0.022024244302109027,2
-0.11486707972161844,2
-1.0278121413873746,2
1.0512447967164662,2
1.1798247798794816,2
2.2244575699188465,2
-0.2947848104073997,2
-0.1056426270413848,2
-0.38494018617947695,2
-0.9920604990626526,2
-0.24299108947613865,2
-0.8924894395556379,2
-0.2798457971064024,2
-0.22615841273557918,2
-0.5653456326047129,2
0.5114114421137531,2
0.997019891722942,2
-0.13054179829009926,2
0.4872750385366377,2
-0.6068337234488036,2
-0.21379976138788534,2
0.43123727267972517,2
-0.3786127719397751,2
-0.6683678497093777,2
0.06658244041520905,2
-0.9535547151529921,2
-0.23942240568755518,2
-2.2320682348377545,2
-0.3006024567319816,2
-0.20363357155235562,2
-2.1716623936495987,2
-0.7966769428439622,2
0.03946036116613722,2
2.4590015367745086,2
-0.4021537614149409,2
0.37030278480682755,2
0.9073705232747162,2
-1.2111632270557218,2
0.10820657618208623,2
-0.03495843732907186,2
-0.1652428931537299,2
1.6526232250581392,2
0.010438931554501164,2
-0.1712585687201023,2
0.3241830489268195,2
0.13257217839197857,2
-0.9922906951179755,2
0.5491836370051961,2
0.21155117876548765,2
0.5254729194450144,2
-1.0441183915183718,2
0.6701655251106078,2
3.0208383437194564,2
-0.11203733074904784,2
-0.26439907242473387,2
-0.8111633266388768,2
-0.1235487255844618,2
-1.798641444036012,2
-1.5224330777462045,2
-0.7047474820554256,2
-0.6861283474417348,2
0.3542217819278982,2
-0.010607573360986302,2
1.3878858810217443,2
-0.05677432970553431,2
0.26026976953766146,2
0.466328289757403,2
-1.4682942784875934,2
0.8279889818890527,2
0.31210800880269046,2
-0.32441898511474493,2
-0.8886878550795206,2
0.8480090691229052,2
-0.12495834077686441,2
1.3192705136071126,2
-0.41486677413606254,2
-0.8869030799853557,2
0.7444419812013862,2
-1.7286434554902508,2
1.8494919039174749,2
0.24153521268579678,2
-1.2345048936803635,2
-1.0797757500858505,2
0.4527164203328718,2
0.37519342588025195,2
0.24168690456190975,2
0.7443455978298623,2
0.4783338174456678,2
0.22582127586485512,2
-0.13425277432041982,2
1.2516953515817035,2
1.0525159856886086,2
-0.48597612849443333,2
0.84273160530332,2
-0.0015302890734430823,2
-1.1438702531223597,2
-0.3782064679720314,2
0.25639097125200483,2
-0.7805848703169992,2
-0.0018618776702657954,2
1.670438981599019,2
1.9860256371799758,1
-0.4366532470752658,1
-1.4537373427062434,1
2.098295516468871,1
1.3169926100269027,1
-0.5332190362810623,1
0.8049657817637123,1
-0.044769750183969226,1
0.34281397383851697,1
-1.9717278747314793,1
0.2535518774902758,1
1.503793113756712,1
-0.9233992845219801,1
-0.18220550710169953,1
-0.8307130033192972,1
-0.2515974949188438,1
-2.021387822363302,1
0.18790403307937367,1
1.0075960844403808,1
1.263938092570213,1
-0.38191110942751827,1
-1.0789275016030744,1
0.5955092871225138,1
-1.4079273393100735,1
0.3597488907922054,1
0.41880540615349054,1
-0.3819432062747198,1
-2.9140925055288336,1
-0.14583019814413056,1
-0.027250580199013837,1
-0.09769458944573665,1
0.4068646840829287,1
0.2453330547757581,1
0.21372100556427642,1
-0.0945419571794571,1
0.12783563335889503,1
0.18577997865992638,1
-0.7649861868070916,1
-1.1795240740899393,1
-1.0422432232028969,1
1.2636244232616152,1
0.005065551854479266,1
0.366940598959108,1
-0.47278159729092856,1
1.6753527131157655,1
0.6624347257044176,1
-0.6580672847052533,1
-0.917079893122844,1
0.05004310275866457,1
0.7781992524335622,1
0.8147764003602579,1
0.21171506604080165,1
0.22728816974879773,1
0.9408743508541301,1
1.2011317068386287,1
-0.3706934062656208,1
0.9450595315342492,1
0.8855087998953136,1
0.35928735826524494,1
1.309845235924927,1
-0.8376329515547899,1
0.007536145678654852,1
0.4944176266749749,1
1.1355252888102818,1
0.648383676497175,1
0.573155208456354,1
-0.5477903167761843,1
-0.18228199618002094,1
1.6646829459588521,1
0.4257510161337166,1
-0.34745868269305186,1
0.026341300547393302,1
-0.38888804952247863,1
1.1225063299839142,1
1.5758472039971596,1
-0.6714503809480905,1
-0.6498826441370503,1
-0.1731956785837226,1
-0.8488886769098196,1
0.8558900567722951,1
0.5317452340523214,1
-0.5473206196371849,1
-0.8189474017404549,1
-0.031501806761245824,1
1.8245593875436505,1
0.00813565302253552,1
0.6241510530698126,1
-0.6371903044713685,1
-0.07666843048029384,1
0.9469479981125491,1
1.1018551616518262,1
1.2929825069769383,1
2.254634579758449,1
-0.0970819996223382,1
-0.09182084168944679,1
1.5740203431868018,1
-0.9042410790348313,1
-0.3167075070217801,1
1.0995634519592072,1
1.2552311301543133,1
-1.1197126410047633,1
-0.017851239460544392,1
1.210518081751251,1
-0.25981624535375036,1
0.17266797362099895,1
1.4056684314681258,1
0.35638454883137966,1
0.466664534294053,1
0.6127817293944781,1
1.4400582421518116,1
0.22751651548076507,1
1.4929584021550901,1
-1.4756345191012141,1
-0.35901326990115723,1
-0.04357032554505537,1
0.048221821624450295,1
0.27953343983431794,1
0.34921255912909466,1
-0.3748195037836607,1
-1.56616627083432,1
-0.08359511566594248,1
1.586777162477848,1
2.188013974917274,1
-1.5450270201872527,1
-0.4777012849047515,1
-0.4866040830349896,1
-0.44941494946825267,1
-0.18773405772437102,1
0.010582315948130167,1
0.33046254602255376,1
-2.5007004508259305,1
0.06097039329713179,1
0.36803350615720826,1
0.48983063457593307,1
-1.077350171991693,1
0.821710889141561,1
-0.25831733869752466,1
-2.2327617223621807,1
0.12088717330245327,1
0.8985561031803263,1
-0.21847337857827742,1
-0.1630407658879284,1
0.5450394353117782,1
-0.5559786638063865,1
0.32519769369945095,1
0.8807804655698249,1
0.6388317265449222,1
-1.027705744574237,1
0.7276713330951035,1
0.5710920196553525,1
0.6497760771791472,1
-0.2578285615184383,1
-0.4056963422722801,1
1.2634141663757694,1
-0.3248795336983219,1
-0.7214727251167611,1
-2.1674856451478512,1
0.5943821500076278,1
0.21181928386694873,1
-1.3286318168676408,1
1.2989879892222544,1
-1.3350982959216344,1
-0.6340645361795989,1
1.8029047137458662,1
0.577467061750504,1
1.6756086943188173,1
0.7311249001343628,1
0.0306420405615664,1
-0.46267556606061744,1
0.46224639401630335,1
-0.7915885568881184,1
0.8611266665224618,1
0.32310217078904085,1
-0.5680075223024857,1
0.4246941485455881,1
0.977994033021056,1
0.6764873774765128,1
-0.22696348422322532,1
0.365351235350804,1
0.9809224412502332,1
1.7890525969792488,1
0.5350618177348037,1
0.2942243490116247,1
1.0974257893459431,1
0.4147689296272991,1
0.39281989485892066,1
-0.6825621992590895,1
1.8164127087605164,1
-0.05049913480997738,1
0.030427757185310697,1
0.6266703480371658,1
1.3648546786482936,1
0.6655783335808071,1
2.393411044765368,1
0.1943041814465057,1
0.7444805640341803,1
0.5337089205009031,1
1.1034400754924982,1
0.6333571088852101,1
2.244208632221914,1
1.000879534674486,1
-1.130995147887661,1
1.2124974365373462,1
0.5619397056058345,1
1.4264757166233337,1
0.5312511659712308,1
0.6324357611264029,1
0.09771338731770843,1
0.4808641673620511,1
0.48769611039655664,1
-3.103837815121748,1
1.1297058486302864,1
1.1346358139181596,1
0.11385208244238648,1
1.0316420888452302,1
1.5564448016364187,1
1.5286393474603714,1
-0.9188293747898538,1
-0.9935346512784718,1
1.8836370313873438,1
0.28333620036563656,1
-1.9588350247445983,1
-0.8671113716838583,1
-0.15131597759232931,1
-0.23162221974405525,1
-2.111665384023095,1
-1.51147287132995,1
0.5225412450160402,1
-1.158862746708517,1
0.2707665918671992,1
0.0980958161190292,1
0.5913124178273002,1
0.42087759888564746,1
0.2980361727376105,1
-0.6877442846108855,1
0.5436315449834347,1
-1.2418820981503869,1
1.3181472568064245,1
1.7078316463754137,1
-0.6701721334740997,1
-0.7854014854585968,1
-0.05057152405456512,1
1.1317971997742888,1
0.9546275101086781,1
0.9257074373630095,1
-1.0136115576032725,1
-0.6644942867306862,1
-0.22089507799851096,1
1.0633717016927369,1
0.7590284246036144,1
-1.8151168611425423,1
-1.6741660521898778,1
-0.23873856967577128,1
1.0367358409576035,1
-0.430025856699,1
0.07737218386921148,1
0.8657025184575746,1
-0.36948581390896285,1
-1.04942276093753,1
-0.26782596163036376,1
-1.4567437098619824,1
0.317758368487422,1
0.53727381573677,1
1.0956043977340586,1
-0.8299743830404956,1
0.7729788016114073,1
-1.5183320019518824,1
-0.8495611289736188,1
-0.882044511323984,1
-1.0329599994439185,1
0.5690330632702097,1
2.4819636169047676,1
0.4454697552829301,1
-0.6481495033411083,1
0.28615098490809343,1
-0.7846684514214051,1
-1.5613169361846857,1
0.04276968858829689,1
0.6389539894703523,1
1.1042402621010203,1
0.8575549212932507,1
0.9869547232446746,1
-1.3545050543462367,1
-0.8081948260716106,1
1.0042640594417205,1
-0.06040699447398533,1
1.0034365876488067,1
-0.5899299970057715,1
0.1464030388069157,1
-0.5692730097381057,1
1.806721131857289,1
-0.503840269371762,1
0.9373534121890057,1
-0.8931360642450027,1
1.3940546003331202,1
-1.3206469382293002,1
-0.7503310174366903,1
-1.7517507401820696,1
1.5024945970316628,1
-0.6024323262335577,1
-0.8881273052476624,1
0.1763850074970153,1
0.9863021767249631,1
-1.0261107896939667,1
0.7860429015522648,1
0.9725591986401271,1
0.4454502750980858,1
0.4482569387935955,1
2.653671123620671,1
1.1205100395396472,1
-2.394012358071372,1
-1.0705716133314234,1
0.3231891942792744,1
-0.4317640122071255,1
-0.12164543189436909,1
0.7342881018711853,1
0.01635638583706177,1
-0.604105588892717,1
-1.6431730734231456,1
-0.286236277621013,1
1.5966140046761599,1
1.6298944548550136,1
-1.9875516140995044,1
0.08861867562804047,1
-0.5441418495063767,1
-0.8223219532961556,1
1.8748651113849837,1
0.07901229610420395,1
0.1289551882491242,1
-2.69594543165263,1
-1.1617617252576147,1
-1.351932707171745,1
-1.2534817369972224,1
-0.5216302253987936,1
0.2831795979305325,1
-0.25913705310190954,1
-0.7647880328199033,1
-1.2865024636169953,1
0.11281481123226497,1
1.6215299207683929,1
-0.5169170173264424,1
0.5927122491073371,1
-0.6070212736280312,1
0.3456869175568453,1
1.6572575433641261,1
0.018386560038608578,1
-0.5090208063832191,1
-0.30685850545986654,1
-1.3801991031052683,1
0.7189711348064493,1
-0.1454604520492327,1
1.0633290424550628,1
-0.17605333060147413,1
-0.6032636530241539,1
0.7997563083592465,1
0.7424247220592285,1
-0.5376620184242026,1
0.3702577297361969,1
-0.937228726830913,1
-1.0245440539872301,1
1.141532010592766,1
0.5849299577457592,1
-0.14641407627883898,1
-1.5884600812923524,1
0.6818684043835358,1
-0.6163723026909234,1
-1.2113081650513624,1
0.8520535468039265,1
-1.1449432156833643,1
-0.4841277401981849,1
-0.36523420388435995,1
0.8127991158167647,1
0.1336605415415026,1
1.1683652083939864,1
1.1775644724317342,1
-0.9358392823777607,1
-0.20511125918060724,1
-1.304306247768544,1
-1.1865203352443907,1
0.6877865683163504,1
0.7562417531942406,1
-0.28620562272360767,1
-0.9615626808936351,1
0.5272669340981849,1
1.3648612695974953,1
-1.5633207364114312,1
-0.2317200955748784,1
-0.6317186798603878,1
0.5214816586268224,1
-0.6262607564694036,1
0.26253492377547655,1
1.7672686515401566,1
-1.38763128286115,1
0.8353542070942378,1
-0.6963908135004685,1
-0.9939714980158838,1
-0.9689443046672381,1
1.5023996550278929,1
0.3850222680041745,1
2.2788814957235695,1
0.7418456505542979,1
-0.8676845246045735,1
-0.6516266113077875,1
-0.36826484687875943,1
-0.247619759723359,1
-1.2704026292700032,1
-1.4203196076320634,1
0.23280403908140032,1
0.13016127643622097,1
0.19672187680477832,1
1.3446671539726638,1
-1.229093203486689,1
0.2145989817598375,1
0.10719977158661803,1
-2.0289912272234694,1
-1.386631668744429,1
0.0842332745724049,1
0.9660194441096805,1
-0.17149397690373286,1
-0.6460268964864885,1
-0.4511968865666549,1
0.8753553189444738,1
-0.1649506570774695,1
1.8473382662664806,1
1.3876419457216345,1
0.1160263900488657,1
0.5281155455808989,1
1.4594927122500971,1
-0.7489616608220032,1
0.7293726859863291,1
-2.5203393919457597,1
-0.12411899151571502,1
-0.6569689185715236,1
0.322124216055342,1
0.6352639814897241,1
-1.6815407827289004,1
1.8957841842772463,1
2.244627484383735,1
-1.678201978322871,1
-0.10718495439523222,1
-0.3822406486841239,1
-0.11292603017926224,1
-1.4934276786327765,1
-0.6007168920717059,1
0.42716784663829876,1
-0.6379886085238646,1
0.0590931045715839,1
-0.4739513718949253,1
-0.7695359744453494,1
-0.549656730611715,1
-0.9541880183613687,1
-1.0396446790826122,1
-0.09483665622378833,1
0.7608088381566065,1
0.2154471560385637,1
-1.893920578229954,1
0.14183722934695805,1
-0.9885099997755462,1
0.5084431535568773,1
-0.35385697099847374,1
-0.4490032441851739,1
0.4228073024775271,1
-0.2383116277257274,1
2.259074288976371,1
-0.2807371046543194,1
-0.130100521133169,1
-1.4972530279411729,1
0.7048654047918486,1
0.11014207610784052,1
1.3141383295887312,1
0.4641540599787623,1
0.8520958383664471,1
-0.056507871827418565,1
-0.07025375747041086,1
0.542730049885047,1
1.853806739281021,1
0.238551351448999,1
1.2601466027180774,1
0.5976841146976932,1
0.6124457503842404,1
-1.2643759564458428,1
0.09238166952386057,1
-0.03923143992038054,1
0.3050462192537473,1
1.4145469080916828,1
-2.514834495731088,1
0.1430824924585796,1
-1.0588779971950366,1
1.5794809282901483,1
-0.27303077525305186,1
-1.9777491553948092,1
0.312397492867845,1
-0.7202784064961514,1
-0.6633966107382248,1
1.3537422703688888,1
-0.31081661852465603,1
-2.5404467121938774,1
-0.9525311752186258,1
-0.4470337897645007,1
1.2823896382340845,1
0.6520046250116119,1
-1.369363305998281,1
0.3830547407249049,1
0.8156452319617725,1
-1.6723102507632988,1
-0.04218553845849983,1
-0.8170408527327117,1
-0.05584494007378935,1
1.0576301037870728,1
-0.713448883847492,1
-0.5370354469912628,1
-0.05862765871081908,1
1.2888269377163981,1
0.5240750059565961,1
0.2903778008196968,1
1.5789313683091957,1
-0.4671728119866788,1
-1.3403095559789013,1
0.3421707067457107,1
0.06708449591888364,1
0.9475157427741709,1
-0.17818441962604578,1
1.185819661172023,1
1.154298138681599,1
0.15843035606399797,1
0.7767515429428781,1
1.510313726681011,1
-0.04170502938339832,1
0.11008611292778091,1
-1.04549275434784,2
-0.7487877049461841,2
0.7913870443863783,2
-0.4327488907145657,2
-0.8746194229128514,2
1.5096390597474167,2
0.004418112826377037,2
0.6890741943483224,2
1.0165477622522834,2
-1.267811505695811,2
0.18959135143527633,2
-0.44079676459278255,2
0.4157786946287499,2
-0.09498300595988489,2
-1.060724763534709,2
-1.2504029870061661,2
-0.24375634437179783,2
-0.6861131652920599,2
0.046858601429492344,2
-0.12996508607138335,2
1.0206854114087598,2
-0.2457335481923754,2
-0.10438893757552806,2
-0.7561305940083036,2
0.18976379073612637,1
-0.11991496921175306,1
-1.0254522831267026,1
-0.29098676133064727,1
0.2543802905612371,1
2.0334211603740395,1
-0.5523836245314905,1
0.025543844733942903,1
0.4165295862910648,1
0.04738299548506377,1
0.5777575108313775,1
0.3432394301667217,1
0.24239352142703433,1
-0.10091965452771771,1
-0.7090072054068912,1
-0.7832685567910934,1
-0.5755254381631874,1
1.5493310291479847,1
-0.3827872394877889,1
0.872784968257545,1
-0.554293461059181,1
2.3299186339805487,1
1.3435810593412367,1
-1.6218441610959973,1
0.6239848387486051,1
-0.6298915936368841,1
0.49942793672865887,1
-0.1912875734420987,1
-0.12942164864567093,1
0.7825497502786823,1
-0.1956471597709332,1
0.336852608048281,1
2.087582848269829,1
0.683608966295144,1
0.7453507855764202,1
-0.27618534427124924,1
0.5271906194522368,1
-0.5934841600527325,1
0.7790330662110144,1
-0.11538946415086873,1
1.191628980531185,1
0.14921341327432136,1
-0.889648215646609,1
-0.6448853862050534,1
-1.4410568326127937,1
0.7018891393828379,1
0.8358376757061775,1
0.16952385818030455,1
0.11797602573990137,1
0.28148173219347616,1
0.6411433126502738,1
1.4639105495841374,1
0.3920969051072243,1
-0.7814943988967274,1
1.1761498125977436,1
-0.13907971654573845,1
1.142608128214526,1
-0.1209027350894432,1
-0.601256058240098,1
0.03241939346267936,1
-0.07796080733164089,1
-0.5715725838997917,1
0.08573302072460526,1
0.10406575996624415,1
3.0664781892550264,1
0.947174943827848,1
0.19194496233394953,1
0.7428290817089277,1
1.110713987606957,1
1.0248921388269625,1
1.0848933777480292,1
-0.13123439255607441,1
1.5713965193680854,1
-1.225217554617071,1
0.5833233400314007,1
1.1385279708220342,1
0.3578287133269283,1
1.2375338037384482,1
-0.8625619812907688,1
0.9136941607741851,1
-1.2453975063950369,1
0.74274163672427,1
-2.6285066886398143,1
-0.7153344848562397,1
-0.04563735372698831,1
0.32148449587377986,1
0.332165096925073,1
0.4935052367897953,1
-0.008049774987617851,1
-0.7545637135151426,1
-0.3650857737986189,1
-1.4528017781631744,1
-0.11367578377970754,1
-0.8298464859491194,1
0.48413157657486183,1
-1.7929481323900103,1
-0.9506156746039756,1
0.40767090849504795,1
0.8798307349169445,1
0.2686067000908717,1
1.966461537467314,1
-1.026769643537176,1
-1.5467403592935904,1
-1.3359185185749611,1
-1.7645922053020973,1
0.24845344634056526,1
-1.2117612074626645,1
0.08091790681130674,1
-0.5998209169745962,1
-1.9992517670396732,1
1.1322171141221684,1
0.9820965249432516,1
1.3888251053302894,1
-0.7242616529849479,1
-0.46357724744955,1
1.1547487612613594,1
1.1769252425250123,1
0.2283509346854367,1
-1.5075497234131103,1
0.7017587426655176,1
-0.8358857136086209,1
-0.056697028317171036,1
-0.6005810132852116,1
-0.2804302765473113,1
0.8372400155064607,1
-1.0542226494637812,1
-0.5989208670902485,1
0.7111595402129978,1
1.0932526786221166,1
-0.10891029130355899,1
1.7157746040351074,1
-1.0931844631661007,1
0.43468516646145994,1
0.6517525873753443,1
0.3468464312045233,1
-0.23561937521989065,1
0.3351054623323759,1
-2.3120534684488163,1
1.3466737548030867,1
-0.7733674687991254,1
0.08806305044440627,1
-0.05435654832015932,1
1.3619374718688795,1
0.6580529425941618,1
0.9800016982671936,1
0.41765923122527265,1
0.3611819881637981,1
-2.063283225491885,1
-0.6428563610697112,1
0.9471704041859154,1
1.4359373063156098,1
1.2953811947344769,1
-0.4387914400743356,1
0.041079172840253995,1
0.9025159563876683,1
1.295560222583671,1
0.9010131276353673,1
0.7396860061832929,1
0.10924795038030215,1
0.7319004143092792,1
0.005418899167505843,1
1.1535361241311084,1
-0.11969469230834826,1
-0.7391183183159422,1
0.350423175640906,1
-0.01997109423717368,1
1.0497720289376984,1
-1.9998966215307026,1
-0.781425077776487,1
1.684019406497076,1
-0.7225028090393297,1
-0.4180029332067222,1
0.3356547510510261,1
-0.22035673539833875,1
-0.253866243218488,1
0.20341396213159824,1
-0.3844738215982092,1
2.191384152389598,1
-0.6496876912799961,1
0.2816517234605189,1
-0.2142911525476198,1
-0.759089839903759,1
1.571980015800583,1
0.8896394207077607,1
-0.5001543955450046,1
-0.28206301720740734,1
-0.49235810552350273,1
-1.305376801110213,1
0.8020489904597614,1
1.2412225139603033,1
0.6453917243527106,1
1.466153126461609,1
1.2027289433121409,1
0.8440916160968809,1
1.4940918132747925,1
0.701297690549369,1
-0.8170673870889986,1
-0.6129111018545563,1
0.23507927773021936,1
0.2643131504626272,1
0.014513195410426907,1
0.6067471735248081,1
0.036627033212580505,1
0.10839149488745753,1
-0.222359696071776,1
-1.8699494055582129,1
-1.7832856692152554,1
-0.09060655092778093,1
-0.3570478473384316,1
0.6171438521646452,1
-0.20588473009445485,1
-0.06447190683128858,2
0.46282420550386955,2
-1.0730548343238735,2
-0.6808049085474152,2
-1.3087734404804108,2
0.48768137020755686,2
1.7091062513400563,2
-0.3674026367100993,2
-0.3232246473752832,2
-2.449069792588984,2
-0.1681125978910528,2
2.001746974133659,2
-0.16838930609717456,2
1.4277915203754443,2
-0.36915882263363314,2
1.7647276767446065,2
1.6218533668373836,2
-1.520910255087635,2
-2.1113835941270493,2
-0.324658214354112,2
-0.1554090522574271,2
1.7801813641912894,2
0.5308408909771198,2
0.17204085278576187,2
0.4287965227929154,2
-0.5142867977852458,2
1.522486129748513,2
0.02296937480672279,2
0.3182673677977411,2
0.9831875826312297,2
-0.6536830487943048,2
1.0699726588877074,2
0.04365103967659335,2
-1.4794034054417329,2
0.12141377180219821,2
-0.19898842060410354,2
-0.02724155868125957,2
0.5904223012368347,2
-0.2361000656597329,2
0.37127587860996825,2
1.6167183114981365,2
0.4665544999454803,2
-0.7883576002769506,2
-0.05231897327825202,2
-0.04569980021737526,2
0.5427542037154502,2
-1.2834344421526114,2
-1.2203493973023054,2
-0.8620246198911807,2
0.3786694767459566,2
0.09956522099316158,2
0.3226581100017864,2
-1.4185336610437949,2
-0.8276384426124203,2
0.030254834714355836,2
-0.3657743067739369,2
-1.886909813751456,2
-0.7630292376208111,2
-0.6284221004269271,2
-0.24796677689220156,2
1.5080603933506067,2
-0.8282705321037196,2
1.3768057297251959,2
-1.834785023461472,2
-0.5955966471293274,2
0.44417281384622576,2
0.743328481092847,2
-0.7556278156118896,2
-1.6655188295018062,2
0.7542643997097767,2
-0.2714849571577976,2
-2.032906873847939,2
-0.041051559017898344,2
-2.1282375235141786,2
0.07443495288833607,2
0.545926428293071,2
-0.9985370598487204,2
0.2686214694650249,2
-2.321377346655115,2
-0.39269415224667253,2
0.21541618617683453,2
0.2267633396150394,2
0.12519472406367563,2
1.3902421463174797,2
-0.9604087773214389,2
3.035646252155198,2
-1.6215967625592334,2
-0.8243903328423856,2
0.9175156056238225,2
-0.17159424281753385,2
1.9910143103910143,2
-1.198158686230274,2
-1.0291300809100192,2
0.7198676999450251,2
0.6617682748945718,2
1.85208587751154,2
0.2956945633031867,2
-0.12863167259058833,2
-0.23854539071898856,2
0.33014057527675794,2
-1.0284553500295284,2
-0.33077396624333466,2
-0.35796576118198153,2
-0.4301488209174592,2
0.40989961004459213,2
-0.20931163708800843,2
1.5837919861948349,2
-0.03755137904222827,2
-0.5680786935718068,2
-0.4346980353305309,2
0.35387801946959346,2
-0.4181286836415719,2
-0.7187995763275861,2
0.016457727554215283,2
0.025140630703132622,2
1.1160210941595181,2
0.5208342160056659,2
-0.5604304206303455,2
0.819389983863327,2
-0.673811334642467,2
-1.8040577189821214,2
0.09520787144525752,2
-1.9778745129581636,1
-0.7398570849426976,1
0.000523754378380443,1
0.8042459366893359,1
0.12650754353419935,1
0.1100537154768573,1
0.21193169148280017,1
0.6490154057580007,1
-0.33856712737541883,1
-1.2819180895400057,1
-1.5688003137717448,1
0.6238870007162998,1
0.2465660174526663,1
-0.31024604056749994,1
0.9800669602020333,1
-0.6419936640480566,1
0.5152575155996391,1
0.13981625865447683,1
-2.153273058277324,1
0.8104287167612021,1
-1.7517488487536916,1
0.9555119045072826,1
1.7391462495762087,1
-0.7243609058430928,1
0.17479476104616085,1
0.6051804471126853,1
0.49255151118733015,1
-1.2328739395908603,1
0.5250755984249748,1
-0.9535907810028247,1
-0.6981579332265713,1
-0.45882727922854605,1
0.5173661010134724,1
0.9496792428266323,1
-0.7077839861054601,1
1.0318378592509663,1
-0.11355451555013744,1
0.24819811031653055,1
0.533185847791596,1
-0.359215816425472,1
-1.470957810126716,1
-0.5021276704727035,1
0.568734646335103,1
-0.01768018264432218,1
-0.3287492475714948,1
0.06971944896169639,1
-0.23455015135924362,1
0.7452964895175946,1
-0.7974411324805386,1
-1.1158334568751023,1
0.07105880801625113,1
0.9810856442189947,1
2.4199120480858336,1
-0.6127659299734357,1
1.4630289324850272,1
0.6971355291266911,1
-0.4510687853949104,1
0.03115730047877649,1
0.5261568619566085,1
0.6333293091162249,1
2.2802989019835342,1
0.23142065942655546,1
0.8645937490652852,1
0.3406178002493635,1
-0.34196139539790665,1
0.17184841690373193,1
1.5353670773961192,1
0.5190491239350503,1
-0.039725757167075534,1
1.2841785582377176,1
-0.4535328901678183,1
0.03089997242720929,1
-1.0541360673939326,2
-0.8303260385549878,2
-0.29106038107176047,2
-0.413241291415206,2
0.3871441448067526,2
-0.925276181460014,2
-0.39814845435096263,1
0.3502258749741208,1
0.45980991366614443,1
0.06859828768784547,1
1.218567860746373,1
1.9826246450348106,1
-1.3153057980595142,1
-1.5913002811507073,1
0.0634018018292542,1
-0.21220556576545407,1
-0.033911080163500765,1
-1.0289477908033335,1
-0.060412354898982265,1
1.2713939215401664,1
-1.0632894078957547,1
-0.7401534240208004,1
-0.5918208815315835,1
0.6952635111764213,1
-0.09663986628252598,1
0.011822870077331547,1
-1.2222666227203047,1
-0.42899451247556203,1
0.21577366542238277,1
1.8697199462902327,1
-0.471130058702585,1
-0.33163274957000655,1
1.7080830489820573,1
-0.7016666132285707,1
-0.26136315601228144,1
-1.2666374007368435,1
-0.11337010629400517,1
0.5301658267269742,1
-0.6961893810854588,1
1.4145676946298238,1
1.3293204570552202,1
1.7122237007724368,1
-0.990281778486074,1
1.8955947243967277,1
-0.3663124352815868,1
0.4075431912849916,1
0.0650258487864824,1
-2.477631105523714,1
0.45148669479978826,1
2.2201777972032106,1
2.06628058743385,1
0.20320142456042564,1
0.10972725797078435,1
0.2801824301089509,1
-2.661482967003998,1
-0.19101226675572985,1
0.6811976871055831,1
-0.5224823381229444,1
-0.3514341092938507,1
-0.35616041326812775,1
-0.4430208129521751,1
-0.7703135517935907,1
-0.41436363110405905,1
0.34591127427024027,1
0.15280127441057825,1
1.1284295884111077,1
1.3801825860446892,1
-0.09547850159002978,1
0.27247045300546635,1
-0.905452457301997,1
-0.31113980567516825,1
-0.09798609624316139,1
-0.07437714687357891,1
-1.3919367871122965,1
-0.6717455211157868,1
1.2116405687216325,1
0.13066861602229946,1
1.3336539267780714,1
1.557339909264115,1
1.49298915443002,1
-0.29390190957281837,1
0.6536115083054068,1
0.04013495478850054,1
2.2160215879102507,1
-0.05805945249387213,1
-0.15384764266270642,1
-0.47820240226850225,1
-0.48386551624176405,1
1.469423649515091,1
0.5826521231649051,1
-0.4691686803670935,1
-1.1688310554897277,1
0.7171118269039174,1
-0.8517404934912279,1
0.3190374726886632,1
0.18434129849455066,1
0.9578832987587779,1
1.4731697351672994,1
0.9019388975599171,1
0.8211934254010754,1
0.7297191847062856,1
0.46138228877352233,1
0.23515848714366303,1
0.464792253706861,1
1.4938298035304125,1
-0.109982468698538,1
-1.2320757337366677,1
-0.39384939467669544,1
0.030084967220419326,1
0.607977348423688,1
0.9615559254818096,1
-0.5876266198549512,1
1.626214046509434,1
-0.666528455205728,1
0.4231254873102474,1
-0.2707336622682327,1
0.32669764261008205,1
0.21023786790953788,1
0.2738695867794116,1
-2.390457572482976,1
-0.6786750967872712,1
0.38213624528800205,1
0.365984696130046,1
0.21062099481759253,1
1.6793426749865337,1
-0.41902812356811636,1
0.48703283881693976,1
-2.0258310443646765,1
-0.2741437525174808,1
0.8290583611901085,1
0.19998095037304645,1
-0.930322265654473,1
-0.04606257588202514,1
0.5749059189392813,1
-0.3933147894576357,1
1.9144639839283428,1
-0.21640587112567583,1
0.05430453006207353,1
-1.2224430038069007,1
0.2504567682637568,1
-1.3752320701799112,1
-0.8292588769062866,1
-0.9343541245443822,1
-0.3024754835815511,1
-0.7387128090034037,1
-0.38808961103300627,1
0.966927579202499,1
0.5537540715720192,1
1.9350100371353913,1
-0.6889452961349263,1
-0.6000432700986571,1
0.18359120515605998,1
-1.0241400378103265,1
-1.2553288834588183,1
-1.8193927104773255,1
-0.7237214452073062,1
0.6604508149824891,1
-1.5362711854080544,1
0.7742181971164513,1
-0.15338898764899608,1
-1.1374129839675942,1
-0.8471867371881406,1
1.5118813405012315,1
-3.766454857621234,1
0.8406403911671084,1
0.08200813683182642,1
-1.2679483117601205,1
0.7641960391573397,1
0.2092576338577554,1
-0.5379942280284508,1
0.61227060379027,1
-0.4138792702357657,1
-0.485899382071888,1
-1.9169804701755955,1
-1.0322083919881107,1
0.6081946961206037,1
0.4501698031879654,1
-0.04597150708681916,1
-0.5242711494203111,1
0.9923592363304736,1
-1.2955627682384114,1
1.0314758816824792,1
2.488442908579715,1
-0.07134461501717235,1
-0.3363832021271457,1
0.7115082413178658,1
-0.14430458658612028,1
1.5370693461785265,1
0.1283178633778922,1
-0.26399788216520614,1
0.17531823875055777,1
-0.8859279155052423,1
0.8703436394886043,1
0.042947133097062815,1
-0.637341123925541,1
-0.7092062490401985,1
-0.12800177594518797,1
0.7001933177767569,1
2.1286058379464223,1
0.6825424742234684,1
0.15909870893772826,1
1.3130069947410508,1
-0.030825341668739112,1
0.1931092666333338,1
-1.0245019571180485,1
-1.1411750080494112,1
-1.5444741727568168,1
-0.1611274963208702,1
0.4397083601458971,1
0.33135025942443447,1
-1.2264337620897718,1
2.2856158270639946,1
-1.0665682055461125,1
0.17769659932786883,1
1.320808971388035,1
-0.30493143278924534,1
0.6785768331474006,1
0.796975839693207,1
1.0634294801809387,1
-1.365565958874891,1
-1.2738979345877102,1
-1.1078983896383339,1
-0.05170380772007861,1
-0.001092183850145071,1
0.4246445757258432,1
-0.3539727590622107,1
-0.25216330050200964,1
-0.41144960688410664,1
0.04735880766665956,1
1.1784733026817298,1
-2.9642915264408254,1
-0.012087991325601663,1
0.02665859773524523,1
-0.8845188406019628,1
-0.1786654454313418,1
-1.931328818744408,1
0.35939369724052656,1
-0.15611062784648033,1
0.7957694279731505,1
-0.8511513622127248,1
-1.7896348113469274,1
-0.46575967810781965,1
1.4980809064555451,1
-0.397905485041326,1
-0.9134164605710111,1
0.7572136181126998,1
0.6358647915308003,1
-0.7116030575500459,1
-0.8247611796321218,1
-1.1670244951807163,1
0.8509350248815373,1
-2.2384536206513053,1
-1.122179401532136,1
0.7691556232430288,1
-0.2940616182022436,1
-0.7295172846679693,1
-0.5887860130370492,1
1.3158383970179253,1
-0.5692969594705855,1
-1.2099450972804942,1
-0.6729577624624071,1
0.29611797804739226,1
0.38278417052116914,2
-0.6949701495342622,2
0.419534313674342,2
-0.29506480145151276,2
0.6331335436520926,2
-0.5925480654881733,2
2.187872544987093,2
0.10716881489832111,2
-1.8706142193184845,2
-1.1398717805132792,2
-1.552297864264083,2
0.7874312082134659,2
-0.624182568823387,2
0.6437803143572954,2
0.5540187000202098,2
0.3512711076210766,2
-0.46922665696361776,2
-0.36711509313859153,2
-0.7816289659651126,2
0.07240788752148541,2
-0.24738641830423477,2
0.008010354306080696,2
-0.6179547254642219,2
-0.007055488596078539,2
0.814656535946088,2
0.5656277712624594,2
-0.7345291499545311,2
-2.401035416476895,2
-0.017500259655655312,2
-0.9175911746170736,2
0.1531299301395576,2
0.18059808241996989,2
-0.5150631088527681,2
0.7406894350436859,2
-0.5270096511588241,2
0.457928753078414,2
-0.7245007901230208,2
0.9056058181192221,2
-0.060123909920503274,2
-0.6350431550736261,2
-0.06578153518615806,2
1.6608234592912747,2
0.509121592019858,2
-0.6141724251089062,1
0.5213586458000593,1
-0.11556386303858637,1
-1.7863587016818967,1
0.7552314297522341,1
-0.7511679197049591,1
0.1454837752996235,1
0.9052170040380647,1
1.3927644637917203,1
-0.1332184245161583,1
1.2033251152827464,1
0.15364404297371553,1
0.12897792792156146,1
-1.2378044795698901,1
-0.07180831584153154,1
-0.855582973290607,1
-1.2528328763278902,1
0.01694237394298146,1
-0.8117066816456002,1
0.2708409712760258,1
0.04751018450828342,1
0.38638597279298803,1
0.6815983762046084,1
-0.5678877183884731,1
1.0754072782472202,1
0.01884086579312359,1
0.7645050789034581,1
-1.196276520654736,1
1.666122024307391,1
-0.06364737708053275,1
-2.519641780836,1
0.6490898727218324,1
-0.16438420728360154,1
0.5618300429647424,1
-0.6305393707476519,1
0.27920663418861397,1
-0.1284605414839096,1
1.9478949644406702,1
0.7592060705361506,1
-0.3166026902226032,1
-0.1822821392423911,1
-0.540575867608253,1
-0.27940216541177215,1
-0.5965699182163987,1
-0.14748674511210327,1
1.114639887890248,1
-1.0221447309402052,1
-2.3993786704908433,1
-0.25341394870442363,1
-0.9788310183941089,1
-1.2609384717873815,1
-0.6085919634073039,1
-0.5445862380614541,1
-1.4912732355799274,1
-1.8286452565217126,1
-0.3343904320458816,1
-1.1820738625863045,1
-0.06428307657229529,1
0.8884950822646325,1
1.1297601849762318,1
0.5368834434109738,1
-0.9557231523616451,1
0.7961954915579023,1
-0.08256542817622314,1
-0.34853304420128095,1
-2.423664991638375,1
-0.8110013384464985,1
-0.9401210478042376,1
0.3117232986152284,1
0.40840486904916756,1
-0.020629462053088313,1
-0.25712346215380116,1
-1.0414861396599915,1
-0.11357533239012366,1
-0.044254016525880506,1
3.556585993238538,1
-1.0721034552061022,1
1.097500141066789,1
-1.712981867281127,1
0.4576228011307808,1
1.7018340157362741,1
-0.7254974383753242,1
1.6530954752040454,1
0.15661405551039187,1
0.7112970632141307,1
2.4535223954744616,1
1.092981136261646,1
0.9282155873168714,1
-0.53821378223834,1
0.294072161908868,1
-0.2235016875959361,1
-0.8061826033564278,1
0.36729583644794683,1
-0.38790321319556337,1
0.2107359427324443,1
-0.016644538040061836,1
-1.0330961805664576,1
0.14432767301919655,1
0.8925444719680045,1
-0.9837707258469457,1
-0.6335314244895153,1
0.6414527923730408,1
-1.2039724378617134,1
0.04457418407019161,1
1.8140993625961934,1
1.3940900003386485,1
0.2022535160387933,1
1.214015560179191,1
0.24304946207715733,1
1.5824162050268207,1
1.0570702225734567,1
-0.7270492218835738,1
-0.42056809810640444,1
1.125536040024019,1
-0.3656764960300192,1
1.1503243352238175,1
0.12014866166538626,1
0.7563056418731503,1
-0.19878628792702813,1
-0.6242713100954602,1
-0.07198061876822281,1
0.17290595010943172,1
-0.5277347018192202,1
-0.7221696053236571,1
0.8224661676663132,1
0.983268703602757,1
-0.17403502786164865,1
0.1487763551004494,1
0.0925094156835567,1
-0.18616743142509978,1
0.9869375202629727,1
1.1426766259418486,1
2.2625432660382443,1
-1.3945940152616632,1
-0.3423712619198869,1
-1.3657319003764863,1
-0.49466654683192657,1
-0.20022770246336058,1
-1.4404417949782582,1
-0.549765136666664,1
-1.1258130726372042,1
-1.4383949617307603,1
-1.8885932495780773,1
-0.2063300748037559,1
-0.3383385350657809,1
-0.1500291209108221,1
0.03977669040217168,1
0.006007348454215324,1
1.5433744996125318,1
-0.6534379193431022,1
-0.3597463543729838,1
-0.5134769281168544,1
0.03584458116695549,1
0.016034021112807165,1
0.7709675445283138,1
-1.033691188394186,1
-0.8461361964792516,1
-0.14727164318604907,1
-0.5383784896668088,1
0.1759586150704003,1
-0.23698107750821043,1
0.5308165648211395,1
0.308449132454297,1
-0.5696264673897502,1
-0.893951212353755,1
-0.3631505331494336,1
-0.4217789765973617,1
-0.695065285287823,1
-0.4043932563581446,1
1.4025823752514521,1
1.4750549753658542,1
1.4994970442947155,1
1.6063820322980427,1
0.6487957824850595,1
-1.1069189233611099,1
-0.9728230119153632,1
-1.6831732499491574,1
-0.3173375939156937,1
-0.11942419096807848,1
0.3864445551900059,1
0.3361286882613037,1
0.5253212245122679,1
0.03289602391020623,1
-0.8036829637736765,1
-1.1471438830807186,1
-1.45885895522673,1
0.7170740769217642,1
-1.87486815588577,1
0.30530199463903995,1
-1.0571563959221795,1
1.4158805110589614,1
0.15461835271286348,1
0.8686132266877842,1
1.0286923545789803,1
0.263697452617051,1
-1.0326621187059075,1
-1.1787823662059862,1
0.3243662233985229,1
0.9252798364105383,1
0.008096521709751649,1
1.1012426398624233,1
-0.25686693981978537,1
-0.07315123536889055,1
0.9177981175849463,1
-0.4673277508535052,1
-0.3059644928238668,1
1.576587693956709,1
0.5978580314056037,1
0.9866713849305565,1
-1.5733491066979264,1
-0.3897839856417646,1
-0.3831756617669609,1
-0.4101643802659061,1
-0.17950192883663904,1
0.2911070037949322,1
1.2452536945658812,1
-0.11152348801618922,1
1.2701857880034861,1
1.3281998190049058,1
0.40488507301576704,1
-0.06214964310838045,1
0.5216914269269631,1
0.23501791059414162,1
-0.6775425180528191,1
0.8094985833394417,1
1.040913310860442,1
0.1881478111279851,1
-0.15473394569759022,1
-0.5734026953271637,1
0.09732200241905156,1
1.0907169590175045,1
-0.29957637461604547,1
0.4191027812898697,1
0.44030689132534967,1
0.6100460827103137,1
1.034693044148797,1
1.9075190902002204,1
1.5276052948743175,1
1.8153659075340198,1
-1.029287808088503,1
0.6619699715439031,1
-0.5097114636339202,1
-0.31497415192093803,1
1.3146264283627882,1
2.4749321906102666,1
-0.033967154017668325,1
-1.388565160926118,1
-0.2634602158506461,1
-0.3951899153545508,1
-0.21545191960509202,1
-0.059510677384537754,1
0.2934718942406227,1
-0.23223494197923475,1
0.5902931721330104,1
-0.3000094766100798,1
-0.3833143677233322,1
-1.4513920731911751,1
0.008920362285636188,1
0.011542200374419895,1
-0.984657793356312,1
-1.6418798198962348,1
0.0856349558916001,1
-2.417611394745902,1
-0.0871179424908187,1
0.32876488975002216,1
-0.18947737658463135,1
0.4671642207901244,1
-0.5061602687748613,1
-0.8700604502121508,1
2.444564294455551,1
-0.5022112033666356,1
1.4320289384636036,1
-1.4169868172534987,1
-0.24538714406015547,1
0.571898467232146,1
-1.0365571666316922,1
0.4301484341744459,1
-1.1481968007243706,1
1.0475358998545292,1
-0.15129641702792307,1
1.0714680524009772,1
-0.6775889091656859,1
-1.6826687824011823,1
0.7729116237021241,1
-1.3139831691847814,1
0.6027943354331751,1
0.5001530876489676,1
1.1239532713975484,1
0.20235951954234185,1
0.8895653021768205,1
-1.4019087511898631,1
-1.4135593003592437,1
0.57491466984106,1
1.4420064472211358,1
-1.4566508147293105,1
-0.37656006805395315,1
-2.7566350837771054,1
-0.8307485516878501,1
-1.3857245108409322,1
-1.260221077508716,1
2.398723910643443,1
0.06433781646835582,1
-0.11336904479303271,1
1.3137692649481378,1
-0.2113153264979407,1
-0.4042459542636977,1
-0.021079508640732172,1
-0.9901115982188026,1
-2.0449745281932765,1
1.0257816345884208,1
-0.35065519060052835,1
1.7471575102969163,1
0.061804059297817446,1
0.3846739475666303,1
-0.20649580317809882,1
0.33907144692708974,1
-0.26786612010482186,1
-0.4868381903423727,1
1.8427492376115502,1
-0.5195643595847778,1
0.0538695760142865,1
0.015541024690637653,1
0.5010173098556155,1
-0.42308447906053,1
-0.9319890816420653,1
0.604155105758086,1
0.5714928101725978,1
-0.8207133996580044,1
-0.3491890565978064,1
-1.170219646527692,1
0.3284402343075973,1
0.34345733732813866,1
0.48953922393042254,1
0.8362856749109562,1
-0.9424628406693635,1
1.452777833808012,1
0.03716425991741328,1
-0.6730239481996597,1
0.19232118963451575,1
0.20118731779976218,1
-1.434009496014435,1
1.6334214985657094,1
1.3445309213628702,1
1.064178869507274,1
-1.7462707250835843,1
0.2862182096024587,1
-0.9156193554558095,1
-1.002775818650823,1
1.0474443333330197,1
-0.3125201633569841,1
0.2800682622640471,1
1.2962738533496903,1
0.7880775555362453,1
0.6766089693098669,1
0.3788646440314968,1
-0.3431824023121304,1
0.6988708947714186,1
1.398963640650431,1
0.43971162810270503,1
0.3173078590187835,1
0.4916200060797943,1
-0.3399144219718303,1
0.8572959370660633,1
0.22051608035749945,1
0.10170882106772468,1
-0.13060995038401513,1
0.07111204469683437,1
1.4713884216168451,1
-1.3466254577263506,1
0.6686098711097471,1
-0.21016541013456586,1
1.2512178172409205,1
-0.6434775831305846,1
-1.1547351285364449,1
0.5425617297216463,1
0.6992472973935462,1
0.6878505698616206,1
1.7187873412683148,1
0.2822694869893089,1
0.8120093359295879,1
-1.0418179764739888,1
-3.1169075289258985,1
0.08248434539105866,1
0.6191208909300173,1
-0.9919583345413405,2
0.42884189636269754,2
-1.5339917879672282,2
-0.30205264348218747,2
-0.2557665615854455,2
-0.0034607932597854486,2
0.19379050105176673,2
-0.35310265988137335,2
-1.9079768149580305,2
-2.1017931199269753,2
-0.3670798915599759,2
-1.969519604224188,2
-0.714685092856714,2
-1.0720180436718119,2
1.4140176442685963,2
-0.45233352742851685,2
0.7710580840363472,2
-0.7518233653616876,2
-1.3047435461752888,2
-0.004071540683962898,2
-0.06653210601290181,1
0.061654297554152485,1
0.22748149778023438,1
-1.5867333995032495,1
0.4921977889257631,1
0.881979830754157,1
-0.6328671740387851,1
1.3312511473336828,1
0.20775036109005235,1
0.27117175663368986,1
-0.2137360848315746,1
-0.7333452677821053,1
-1.0054471481117369,1
0.6810171167618986,1
-1.610937209697053,1
-0.3613976450135038,1
-0.894875404032885,1
-0.5593076183528678,1
1.704262137103879,1
-0.5185610666018341,1
1.4745342609328809,1
0.32176881640838634,1
2.2899699182099806,1
-0.8018411356758506,1
-1.0788865870031545,1
0.602166377784865,1
0.35420280951557614,1
-0.762612728988208,1
0.08368925415064396,1
-0.30471216534859685,1
1.060706834260695,1
0.8627494217334242,1
2.0160140259012116,1
0.5185577564643609,1
-1.2152537243949186,1
0.6490352989492874,1
-1.0307611426132173,1
0.6832952311668551,1
0.40125953601144104,1
-0.62236190957558,1
0.4129654641957535,1
1.1036212536545214,1
0.15580343652744377,1
-0.814353624809254,1
-1.64280996771012,1
-1.9819141645140466,1
-0.2685541973213661,1
-0.35388840759159,1
-1.493878772766757,1
0.7509173004239899,1
0.6922614105403476,1
-0.12324218146096533,1
-0.3581814661102581,1
-0.02952195114819168,1
0.11828391486614886,1
0.3518585110106543,1
-0.6706175648826447,1
0.46970982760175545,1
0.6663221776908238,1
-0.3751360045809033,1
-1.224900668822773,1
0.2870012696389085,1
0.5337191141959547,1
-1.794359215487198,1
-0.7649415014888032,1
0.5707680184943936,1
0.18560440046277024,1
-0.004769193304152361,1
-0.07124316306380565,1
-1.6092587810909524,1
1.8313914983728536,1
-0.8778014588235827,1
-0.891526128340422,1
0.13653608970930226,1
0.199444454126171,1
-0.4824506060654399,1
-1.5317297403184595,1
-0.4242140749201616,1
1.2006111692294443,1
-0.30305288713380446,1
-0.022637922543677184,1
0.44049649937563995,1
-0.7467031345352365,1
1.001022656974644,1
0.7970543211699757,1
0.968002603808674,1
-0.800994119556797,1
0.4997218148739754,1
-0.5575010345565895,1
-0.2726007137777428,1
1.201349924805818,1
-2.908647103270396,1
0.8444275618263919,1
0.14824904248143647,1
-0.8580153116939339,1
1.3191828138587927,1
-0.20511255241376883,1
0.24792408288022905,1
-0.7641999761488554,1
0.5000657964931106,1
0.36624391379467264,1
-0.7592677862588568,1
0.060401629308789416,1
-0.2292167685993023,1
-0.6581433828325163,1
0.27611952281942015,1
-1.808306982349244,1
-0.1496735944105875,1
-1.2512040177097625,1
0.022393404457289774,1
-0.32733808502030926,1
1.2786058084985579,1
0.9607880221582777,1
-0.48986239999728604,1
1.0076418738233082,1
1.6845721026962843,1
0.5666716494468937,1
0.3692624550119014,1
-0.9540107502503743,1
1.2043128900284423,1
-0.34809550167211384,1
0.800356332342592,1
1.1233595725691752,1
-0.48341841990449347,1
0.44293835051499186,1
-0.52817224517919,1
0.401236164407479,1
-0.546167931266545,1
-1.0068277120744051,1
0.08137075555621985,1
0.7152308873581885,1
-0.9451141871458648,1
-0.2589099409727417,1
-1.0616653329767254,1
0.6008749049861217,1
-0.5392432873828673,1
0.9136853415095973,1
0.2461872249754387,1
-0.28496150002677884,1
-0.40395712755096924,1
1.3056757784522994,1
0.40270450559202603,1
0.48602286785662496,1
2.002011915397106,1
0.313856979571611,1
-0.8946112651648201,1
-1.5104164584176047,1
0.25873515663902014,1
-0.7222695326659146,1
-1.593195986401446,1
1.1191510293170617,1
2.7216886098775417,1
0.6691343408692905,1
1.6251156258512096,1
0.7577746531206886,1
1.6568661295680867,1
-0.7931094207294799,1
1.5854115659774322,1
0.9137887981134134,1
-1.156253637379575,1
0.4673814398796708,1
-0.7509669399626181,1
-0.17181233615387684,1
-1.1496266936093038,1
0.39850913038515423,1
0.2926427133716732,1
-0.9991481613808109,1
-1.058567562137335,1
0.18380577795713984,1
-0.284131185317085,1
0.12148784702520699,1
0.07233098831927519,1
0.5497368494883252,1
0.7302363366516263,1
-1.0067015694245067,1
0.3053393488338441,1
-0.16747683917078152,1
-0.40158802413911343,1
1.0637253306995766,1
-0.12970436518288678,1
0.40779842681418443,1
-1.6180790351175356,1
-0.15099814989629898,1
-0.15718886797055207,1
1.1726450034447153,1
0.07761174079688098,1
1.017228337293356,1
1.8203102548403967,1
-0.1340626765884326,1
0.14506565672037527,1
2.161388841498615,1
-0.46874605792429436,1
1.3110464999916067,1
0.1966958731474354,1
0.6277119333134802,1
0.8936096033218406,1
0.23449405978203405,1
-1.240914725862557,1
0.2656763781743618,1
0.37685653363632515,1
0.8949653014396768,1
0.2232530858729765,1
0.4838713764705477,1
0.005146791131114908,1
0.25436559751234983,1
-0.09164073053296726,1
-0.5839611525713233,1
1.4881226244135752,1
0.2208841080425877,1
0.4880949278724108,1
-1.1165158374549393,1
0.23337497779896196,1
-1.6011412000325662,1
-0.23209997061324356,1
0.10961064233044082,1
-2.6679517475199592,1
-0.6566841274463463,1
0.9592864657915593,1
0.40675710934260745,1
-1.133303525337699,1
0.06681348780621896,1
1.4621507885782463,1
1.2778785102552226,1
1.2049496966187778,1
0.4599633347897405,1
0.24466856104016588,1
-0.050344054973774525,1
1.2511497255978097,1
1.0506549301053496,1
1.1081162784639225,1
-1.1964655217089044,1
-0.571826199619961,1
0.08540301714384524,1
-0.01638356617125518,1
-0.42864593246559596,1
-0.21487456006894068,1
0.3434878641772905,1
-1.6992526592342403,1
0.8263494142289398,1
-0.6624531354504871,1
-0.6702466444096995,1
-1.6084612517244758,1
0.9813329896315325,1
-1.3577185463516066,1
-1.1748573996453922,1
-0.5762607221120484,1
-0.34247880339934017,1
1.529998417650916,1
0.9834622852538176,1
0.3861393186764693,1
0.3508215196630541,1
0.12315531798405922,1
0.7932734400354862,1
0.9804978647408241,1
-0.9329065170832367,1
1.8561349577684987,1
0.45188380847016235,1
-0.5077466600092372,1
-1.7864428819996376,1
-2.1406303837433223,1
0.1975615465856994,1
-0.4784969830890632,1
-0.9673836747387804,1
-2.7456146334532456,1
-0.2706299771432305,1
0.019096524727078457,1
-0.21345436209588423,1
1.2524168380019316,1
2.1626367466159313,1
0.3072593747369291,1
-0.16841223338903294,1
0.5042768640379865,1
-0.9102897048088431,1
-1.4664780107226978,1
0.21782937719069204,1
0.5463450581828142,1
2.207845738395349,1
-1.1769091593357701,1
-0.4321793630507939,1
-1.3123948904105174,1
0.6461127828910656,1
-1.3485648489002335,1
1.760866648097126,1
0.3542595346085882,1
-1.6419321101303088,1
0.8636393873927579,1
0.2489796655269372,1
-0.9234399683451987,1
1.8374636356809926,1
-2.921851915620211,1
1.072678809391678,1
0.21705327485642945,1
0.4210231890060809,1
1.0685978210562088,1
-0.2918017632020814,1
0.21004608678782236,1
-0.18927368806677217,1
-1.6865036806604377,1
-1.8653961395988659,1
1.2186394494515926,1
-1.4182450047075625,1
-0.5935699290204753,1
0.023070597670254107,1
0.026235095028010837,1
1.7855916792675053,1
0.5464805491040041,1
-0.39957547480713423,1
-1.115928154875989,1
-0.347974556640628,1
0.05954058527195181,1
-0.9424641287044551,1
0.41191381975676455,1
1.1607875714432059,1
-0.03124510747635643,1
-1.4647293662070398,1
0.7758716859434908,1
-1.9771505466422437,1
1.333927908786499,1
1.5736279372294357,1
1.0129365837340458,1
1.4431735239443733,1
0.049576274369187504,1
0.5681550948898714,1
2.0676110193260286,1
-0.4062811923529291,1
-1.7590677351739767,1
0.9895976145309285,1
0.7138281746978281,1
-0.034542667850163564,1
0.9353965761566188,1
-1.4642321721465883,1
0.2657931517500348,1
1.645142907081223,1
-0.0021895020048780553,1
1.6564282588500892,1
-1.6209426118911314,1
0.06459447596248047,1
-2.0550096076254176,1
-1.5790622469107447,1
-0.10664875268070821,1
-0.20548249619426584,1
1.4722912074246495,1
-1.2094939404309395,1
1.036319796527835,1
-0.18959460483795623,1
1.3173723866376028,1
-0.6063025831526037,1
0.46843350956244917,1
0.6676551555897013,1
-1.213889147840597,1
0.13185094011567497,1
0.6389576951508221,1
-0.3787821708343362,1
-0.4163273859415517,1
1.2828356480755898,1
0.2532897527417908,1
-0.1452946160498415,1
-0.5337925620650875,1
-0.5331576427449785,1
-0.34399720542458245,1
-1.1897878192947846,1
0.9098757366293789,1
-0.7692067918704534,1
0.5174482071246265,1
-0.6495505104222592,1
-0.1664473883550276,1
0.20946592439761297,1
-0.4412832661657234,1
0.5213258753174769,1
0.4538980932671414,1
-0.1803153633919886,1
-1.3422179594799692,1
1.4446602155598898,1
0.816676291419426,1
0.005098824737043273,1
0.2915348189691695,1
-0.18841303015580083,1
0.006305612836624668,1
-0.9068462152659891,1
-0.5782911809058974,1
0.034039545383616816,1
0.7291603315632161,1
-0.25365803430704714,1
-0.10429138810066721,1
0.24381087259358822,1
-1.5298485461285027,1
-1.3006451026233457,1
1.497990078043211,1
-0.41996740913845815,1
-1.0086085710874528,1
0.08182707956954631,1
-0.37801354671159587,1
1.4151770098333567,1
0.2354772962954637,1
-0.23030052691227024,1
0.27473264243040424,1
1.5175931478512543,1
0.8286808648904923,1
0.6148292106941676,1
0.4061080997562803,1
0.05907248929232692,1
-1.4120022399475145,1
-1.3289378920756294,1
1.3080942512569111,1
0.6462249245798527,1
1.7704897850737218,1
0.41745011525415043,1
0.39047164562662373,1
0.3804992620568951,1
1.242439309873251,1
-0.10631758261008953,1
-0.6484836918005182,1
-0.09104480669961117,1
-1.1292549387671054,1
-1.893468569206138,1
0.521475794469753,1
-0.31574028320421194,1
0.3960631908326074,1
-0.6476320585310612,1
0.31556472961121124,1
0.32158554554837016,1
0.08991675960029256,1
-0.883936486853198,1
-0.7297476660133998,1
-0.17349097271421565,1
-0.9242230220778284,1
-0.3769945664810386,1
1.3257358735314457,1
-0.0880989712672899,1
0.6301851059445739,1
1.8457660338290902,2
-3.5116737628987207,2
-0.1436742872600728,2
-0.312771425954215,2
0.8015909920647613,2
1.2219510331231374,2
0.5428679881935162,2
2.6021671415190966,2
-0.08236931569545804,2
-0.12821761528647557,2
-2.331767172462103,2
0.2983942229247832,2
0.5168434730839283,2
0.47152323278787717,2
-0.5075164451171765,2
-1.5120663929380542,2
-0.8240502437426538,2
0.7598576470851359,2
0.03757819063772049,2
0.024204748050934557,2
-0.6207607753159494,2
0.2858003683955417,2
-0.5345876855243491,2
0.6094207094621913,2
-0.1940146677298678,2
-0.7848627710945195,2
0.11345199293405699,2
-0.29511006526614975,2
0.6808033607508862,2
1.3456666210844566,2
1.2877302574531724,2
-0.10184477242253452,2
-1.8595933632654513,2
2.0806184006298563,2
-0.20126152542845316,2
0.6253347606241028,2
0.00121110365776448,2
-0.3746556813714118,2
2.04632120674351,2
-0.12497298017257497,2
0.46492849779604745,2
-1.801989971007445,2
0.6115952938357289,2
1.3898511007018062,2
0.012842746042075177,2
-0.4606362791785302,2
0.4768675454845744,2
0.38343912176952893,2
0.044630344847038206,2
2.2334066395220455,2
0.25537774802830787,2
1.6511183091960435,2
-0.4899295821172022,2
-0.37311264975964165,2
0.9976521457642982,2
-0.5676497899120716,2
-1.9273012228909565,2
0.6336839966487184,2
0.2134075498097742,2
-0.27750985305590253,2
-0.4975585022799122,2
0.4451644759282603,2
-1.3224347461205361,2
-1.1009868973410857,2
0.2687742768150253,2
-0.0616551126333888,2
-0.2851258378724066,2
-2.2841190624246925,2
-0.6378208393126767,2
-0.2710613300087958,2
-0.6645132726766109,2
0.709506044603663,2
0.33972262621421934,2
0.732287465445252,2
0.8838378640296048,2
-0.84922624054663,2
0.432480395164657,2
0.9260212997517853,2
0.7172544927487036,2
-1.1926259352055304,2
-1.067059901842446,2
-1.1373072541829157,2
0.4589072298879527,2
0.3851862844371088,2
0.0714160985160325,2
1.0623438637345148,2
-1.2569294173575059,2
1.185946519344649,2
0.6912646405841606,2
-0.41487472648092527,2
-0.2916536286710376,2
0.7465132581545314,2
0.03824142978503734,2
-0.20151758748614104,2
-0.18690459317055996,2
1.3306562496850374,2
-0.015748081346573,2
-0.8385787775535523,2
-0.755976483088189,2
2.246094973782629,2
-0.7326281954982715,2
-0.5044596554745154,2
1.0730236462075649,2
0.36839146547945995,2
-0.5621325416780657,2
0.9514318689621019,2
0.06152538123430657,2
-0.0314781811465651,2
-0.11154549790954901,2
-0.7984732074230654,2
-0.28659968326984214,2
0.772891208675467,2
0.7398575351111373,2
0.5848113129126019,2
-0.5575284204106965,2
-1.0439054206534035,2
-0.0031248814568411447,2
-0.9537518723256803,2
-0.49635217035620244,2
-0.1265991918523112,2
0.9311095405426092,2
-1.6679957139025616,2
-0.7132406297112048,2
-0.8013783538281654,2
0.3957860105775225,2
1.826067576699869,2
-1.1642226529014112,2
1.702858966142567,2
-0.17071566882897424,2
-0.5782392841599528,2
-0.33213431161351636,2
0.6584322909704294,2
0.7238632246295659,2
-0.404796446800632,2
2.340497074597003,2
1.7646460880500927,2
0.05615020722180983,2
1.1316688482587645,2
-0.6509839628334673,2
-1.1269004759118124,2
-0.2941724452892266,2
-0.6646350510277973,2
-1.9496454423964291,2
-0.43695971985182086,2
-0.14537962748227784,2
-0.05087728008819643,2
-1.440969489589385,2
0.16899962349591455,2
1.2609948063872567,2
-0.443340065455384,2
-0.9204489344379836,2
-1.345631755208962,2
-0.545510515843397,2
0.103800511135523,2
-1.2366901850475815,2
0.6406341238344526,2
-1.4021524314346487,2
0.2703043944838582,2
0.32225681546966567,2
-0.4143226457181531,2
0.11333328964147368,2
-0.13025322104224601,2
-0.24680883422188063,2
-0.8598383304946057,2
-0.8837373741004515,2
-1.632652682357179,2
0.186324000238552,2
0.2408446948300908,2
0.05995923054453268,2
0.9862645568219418,2
0.12823112706768164,2
-0.34794230054575365,2
0.509386366183529,2
0.3593951452645213,2
-0.4232680331231854,2
-0.6901451878026142,2
-0.6033811848521958,2
0.5015191885209683,2
0.4486473594633156,2
0.19726398853141952,2
-0.3484847219846133,2
-0.7838238857043811,2
0.6445567971374992,2
-1.6994631180530622,2
-1.8942446182517418,2
0.06451381679456447,2
1.131013664634634,2
-0.3137720567569217,2
-1.554550258862115,2
-0.8290874551237637,2
0.3346734958832506,2
-0.264609484437785,2
-0.34088178128905916,2
-0.327829733947657,2
-0.42413655386924126,2
0.08457415581826982,2
0.5196631615668119,2
-1.4129480466653197,2
-1.02959901839035,2
0.16837320967469852,2
-0.08419879649851508,2
-0.5133373758744557,2
-0.5242009112039828,2
-1.7977908742139925,2
-0.3554082637141667,2
1.3716149606719128,2
-0.3196743788846991,2
-0.18248393403398933,2
0.1863481838827851,2
-0.3745972970814561,2
0.31703300160769127,2
-1.340282614243556,2
1.2672584525991848,2
0.27629890083299796,2
1.509155276097623,2
-0.8192619532939409,2
0.02442903279079345,2
1.381608677846381,2
-1.0364967799618,2
-1.4473721337148708,2
1.5193348802114481,2
-1.2257819978159694,2
0.6945809335927821,2
-0.5369647776151133,2
0.7596740950779258,2
-0.49267698401619847,1
-0.7538217727310934,1
1.9830039618207305,1
-0.11468155793742303,1
0.49368113567803784,1
-0.976862000881218,1
1.3507388467862544,1
-0.04926026633962558,1
1.0459054120545197,1
-0.9185546053756947,1
-2.136676502789889,1
0.5048366696040743,1
1.3345578649162255,1
1.8324278268852965,1
0.09910052075678324,1
-1.4240952816671744,1
0.8524719444302109,1
0.08501674988201695,1
-2.1742386727683605,1
-0.2892592565162141,1
0.12642454372821563,1
-0.5771046099075698,1
1.5764958113316832,1
-0.9717310254696246,1
-1.5870947978552348,1
-0.9259234480850609,1
0.27381654783042697,1
0.11596179229472854,1
0.9472119569648458,1
-0.9431106756693638,1
1.7607390461193353,1
-0.8079198912803295,1
0.46634680783522947,1
1.4374825137041563,1
0.13602902784501622,1
0.054593911659773134,1
0.8264880281906773,1
-1.3098090589899198,1
-0.4002791866999669,1
0.8305922402798341,1
-0.814174680834534,1
1.5956761093206608,1
-0.06966800974107046,1
1.8629788951736699,1
-0.10604764197691621,1
0.67831058566631,1
1.3007029144243758,1
-0.7282082961347418,1
1.0375948014539316,1
-0.573331534368228,1
-0.4207357039313034,1
-0.36958999293476175,1
0.24669812634854218,1
0.9683171821800145,1
0.9309592370106012,1
-0.7513806642904114,1
-2.132290952871305,1
0.5874961225000538,1
-0.49837552412835373,1
-1.097352172788072,1
0.8687863556515281,1
1.3166169122395974,1
0.9215634274267518,1
1.513483061501257,1
2.762125189768017,1
-1.0977425132548027,1
-0.25057477758492624,1
0.6441548980017964,1
-0.7217662187016325,1
0.34496535364290765,1
1.0586654826492694,1
-0.7731342069384384,1
0.22951125509987355,1
-1.5982700226364295,1
-1.6102953078404367,1
0.3210980683685678,1
0.29085921107561424,1
0.6641820116564199,1
-1.5411226805926874,1
1.3222065746668106,1
0.28604422317718603,1
-0.35339469178504684,1
0.6666173150384186,1
-0.3176538285955078,1
-0.9827744270559545,1
0.22344325800037662,1
1.8993512645190394,1
-0.8244535444311123,1
-0.37134994396657733,1
-0.47806666507821716,1
0.4883116012955863,1
0.7204942378364654,1
0.3180868445385132,1
2.3894474145929743,1
-0.16745138881219337,1
-0.4172658641959255,1
0.30357385696593003,1
-0.324481346415462,1
1.5617609082105937,1
0.4566115342839073,1
-0.3708236655250079,1
-0.3853725582111999,1
1.1529845609751888,1
0.27564061568048065,1
2.2673555823248206,1
-0.143882859783828,1
-0.22402662613864552,1
-0.48116373629358805,1
0.4417069801529573,1
-2.370952063753755,1
-0.4790259729988398,1
-1.4960087727681461,1
-0.5894689185483238,1
0.06990304713769441,1
0.5145292877361438,1
-0.16429723417147174,1
0.5273705569435364,1
1.167511777801507,1
0.3377040865714549,1
0.2847040517887122,1
0.9240814416490744,1
-1.5867594633087765,1
1.6554346150448698,1
-1.0204275648438046,1
-2.3273119320014577,1
-0.05419582206845983,1
0.43944700979661655,1
0.9140988875581832,1
0.5319160433223628,1
-0.5554179682171243,1
0.5926507883265092,1
0.1033690423103914,1
-0.06579076085188335,1
0.5406109536993384,1
-0.5586185626335196,1
-1.0292851351366554,1
1.0716690581514279,1
1.667719109426398,1
0.4988537444870844,1
-0.8123122155357874,1
-1.830940892437637,1
-0.8346048265907847,1
-0.42553003367518843,1
1.828261730640479,1
-2.4394199175556945,1
0.42512974506918455,1
-1.215600145867631,1
-1.0803109000507805,1
0.6863014108650717,1
0.32330489901416065,1
-0.11239192734514192,1
0.8184657682776062,1
-1.0391561043817552,1
-1.1979893163319395,1
0.3573385333346422,1
-0.39116493151265036,1
0.32014608106787446,1
0.9365836638317522,1
0.9797770191381873,1
3.680426922586074,1
-1.4771752409570196,1
-0.2825426304263984,1
0.806556179645169,1
0.35643932587798194,1
-0.326572413428857,1
-0.25012129747973366,1
1.3398410420350055,1
0.7976836066381846,1
-2.0338739300808935,1
0.5985321694408947,1
-0.050281147791030587,1
0.009880825008035348,1
-0.09357050830569405,1
0.8491195955473303,1
0.39675234962153466,1
0.3312375414139516,1
-1.1979465650363663,1
-0.38971248231983163,1
0.9524792485011712,1
-1.4829993105879737,1
-1.000793533746087,1
-1.2165629464481795,1
0.6889769554569299,1
-0.7692321439418008,1
0.3788342278459197,1
0.7783124195771717,1
0.37496447320276777,1
0.6128645897284801,1
0.38246582660236944,1
1.3566466835107318,1
1.1635101181661456,1
-0.7880991210950138,1
0.8168619284383071,1
2.150397536528412,1
-1.066244391785037,1
-0.30967075480532025,1
0.5454229420073409,1
0.6449882020378686,1
-0.9283412700766112,1
0.7327882379333838,1
-1.6565533386397735,1
-1.0754159932509524,1
0.44888800739661455,1
-0.39172214746809497,1
-0.3493747411961582,1
-0.0845629618604561,1
-0.0697759856675939,1
0.1063455943708875,1
0.294039602394847,1
-1.3767940410583,1
-0.9146988761878235,1
0.7818943215685179,1
0.012371308648674055,1
-0.7010747113046927,1
1.7910339828687085,1
-1.286973702821811,1
0.8989856201282257,1
0.6333010852205192,2
-1.9726547344422547,2
0.3257887413104736,2
0.23639479378065023,2
0.4349250852937261,2
0.30445733457949287,2
-0.7446336723228538,2
-0.3457903945135862,2
-2.6154980030277253,2
-1.2965402122068082,2
-0.2550085331521371,2
-0.6783438719211782,2
-1.5486819302439767,2
0.5057133470718114,2
-0.5522295792948082,2
-1.681564143839634,2
0.5315073200844178,2
-0.013260319704526338,2
1.350898479859154,2
-0.1215226274404722,2
0.548906385783871,2
-0.5307188929779596,2
-0.25986243075146725,1
-1.773236575916984,1
1.1408476297658197,1
-1.6166958018793944,1
0.11127499467866167,1
-0.005476567836459965,1
-0.8036089872332866,1
-0.28716844985500023,1
-1.0179006253030418,1
-0.036369994674227406,1
-1.2336095516029326,1
-1.044400304236855,1
-0.6303575731913692,1
-0.3452573725871431,1
-0.5028256852663971,1
-1.261820298566169,1
-1.1056620710518859,1
1.0260533754932084,1
0.6703581012186026,1
-0.3407226115240906,1
0.262057665036499,1
0.4100359148743171,1
0.25729115536293684,1
-0.23606229454620398,1
-0.11082095260107964,1
0.9181769246235146,1
1.0016187211959038,1
-0.5864329957740633,1
0.01696155520309159,1
0.6782377304655223,1
-0.10095661176425348,1
-0.46221257841622787,1
-1.003562084932785,1
0.6058452406272633,1
-1.5587009489878594,1
0.8173627277132268,1
-1.180026503345292,1
-0.16130284313000579,1
-2.446589655340687,1
0.3727360599948112,1
-0.7778471996925421,1
-0.2918879003464775,1
1.5428165305264148,1
0.17426425043734597,1
0.1325275380891925,1
0.3646081098120722,1
-1.1887122623258919,1
-2.021503990081793,1
2.1191385278111414,1
-1.8703774907166544,1
0.3072831093583335,1
-0.019337122940848606,1
0.8679245002658627,1
0.6877219369554419,1
-0.8961138329310158,1
-0.3387021703690762,1
-1.7819877305783813,1
-0.9307210234292851,1
-0.5305980588875889,1
-0.3188021061635069,1
1.2261557583746834,1
-0.6247947705184558,1
0.7499737236992351,1
-0.18434525043634972,1
-0.32043416246680295,1
0.10572836832027004,1
1.4580979988943588,1
0.13585312273766253,1
-0.5785524476236356,1
-0.3323157709878127,1
0.5221302488864794,1
-0.9493608474773797,1
0.16078776631515604,1
1.3090614676588488,1
0.19810202875670652,1
-2.373413183387727,1
0.9396084261554153,1
-1.7373280524420018,1
-1.1374293249890852,1
0.11131119929032894,1
0.5821004996582545,1
-0.3840838728521857,1
-0.09137752444835591,1
-0.49634414883071737,1
-0.9305290949712818,1
0.3613613752659262,1
0.05935480105435265,1
0.8851271807752037,1
-1.3560245150732515,1
0.4357557157535034,1
1.1807902306825493,1
-0.36873826706517937,1
1.5642199367733356,1
0.1426978170078661,1
-0.9875485097767646,1
0.1277741032850924,1
-0.8464799913985458,1
-0.3872016774922773,1
0.3706024228119818,1
0.08154174570133883,1
1.080406237627227,1
0.3692903430729504,1
0.10811933262771325,1
-0.2911041194088527,1
1.1505562231784656,1
-0.11952659473464791,1
-0.5901148201800904,1
0.3367868450892088,1
0.16381657087705295,1
-0.05072265972465474,1
1.0451362809612064,1
0.4942502820902241,1
-1.4117527945463648,1
-0.42814924014048367,1
1.1540614447406075,1
-0.7191286779452969,1
-0.1090339651459556,1
-1.8553726412387892,1
0.37971749134304744,1
0.009238029279475288,1
1.6919105357386865,1
0.6410320839917861,1
-0.03460204131304596,1
0.5880706581464299,1
-1.2044368033198827,1
0.5283158731747676,1
0.6663398904744158,1
-0.3319050956851456,1
-0.007090410758979303,1
0.20764389647004314,1
-1.3016972516215115,1
0.00784985676987381,1
-0.056200994447382996,1
-0.29694487212055704,1
-0.3952456395096618,1
1.3077909315381167,1
-0.324736917282505,1
-0.442301989658204,1
0.35406882645538607,1
1.1855747186616699,1
-0.6766842623430127,1
0.2575270808071189,1
-0.5841167463781688,1
-1.3277768213249221,1
0.8686590037289474,1
-0.9267218567392749,1
-0.620497161826413,1
0.4290066986873615,1
1.5207741200597216,1
0.013590093935683839,1
-0.8685970273597338,1
-0.818285639468517,1
0.6376199859474815,1
1.1520701378855978,1
-1.568790291547107,1
-0.3738911246120879,1
0.517150310172799,1
-1.977067773853982,1
-0.7175662942895031,1
-1.26535864436103,1
1.7265504819147164,1
-2.1642077391646195,1
1.108323233640633,1
0.5004246860267119,1
0.510786317450276,1
-1.8062131932576735,1
-0.12182061168838472,1
-0.4438560787756785,1
-0.4285056285431144,1
-0.7095947185683963,1
-1.8507454234661345,1
-0.021107070281433694,1
0.16733342227011477,1
-0.35582841410347804,1
0.7376980900703162,1
1.3556426356801985,1
-1.226148791024051,1
-0.3073375090013914,1
-0.9682518464266122,2
1.962742164410781,2
0.20826253201524814,2
0.5225954717136422,2
0.1568738694982605,2
-0.5937852338822148,2
1.1229663130946923,2
0.17542142241802386,2
-0.02216716905466701,2
-0.15800858181141111,2
0.7650707753378401,2
0.3868857790250152,2
0.5450105827157068,2
-2.051590423408348,2
0.6393630206065416,2
-0.5740933618575489,2
-1.9069523132890835,2
0.25536984816071495,2
-0.08997980852725523,2
0.1658969122552491,2
0.9273604476506018,2
-0.8589896165354602,2
-0.4501205910253138,2
-2.1389790654284355,2
0.4569793852592911,2
-1.3590430025747173,2
1.2902038317136015,2
1.2172350472645586,2
-0.12450412435190895,2
1.1802554450225415,2
2.787653464590845,2
-0.7958340745129286,2
1.1231450422397964,2
-1.0409972187885672,2
-0.20746187639554223,2
1.178181138331215,2
-0.9404756791248273,2
-0.4589448130869794,2
-0.042766585303600335,2
0.34258791201576894,2
-0.058148888825380565,2
-1.1392185122882117,2
-0.5811168253201994,2
0.14838774437702273,2
1.4838482337567627,2
0.22252456788316635,2
0.4468971061185499,2
0.08831435228120722,2
0.9316631635384875,2
1.1605344685016088,2
1.3579016455069988,2
1.618860486466681,2
0.8441027678191622,2
0.3685545869763088,2
-0.5842531741187513,2
0.2849710008997525,2
-0.6732693990529527,2
-2.1250023713848294,2
0.15576292876484832,2
0.4271031717631924,2
1.3482432598661587,2
2.250319196728366,2
-1.9749993463768338,2
-0.3233332369817009,2
-0.6348567154574349,2
-0.36494596444882804,2
0.5653708654456523,2
-0.43475361620351927,2
0.6934529760703271,2
0.4167357303003476,2
-0.4640658109551168,2
0.7359711687906642,2
0.3927691556618377,2
-1.2562522479907519,2
-2.3320846451147834,2
-1.1100273527041598,2
0.6442866558817643,2
1.148812525959636,2
-0.5765344292836042,2
-1.010368802998253,2
-0.5323614817517662,2
1.1266057039592627,2
-0.7909987672550505,2
0.14574518670930567,2
-0.25885766605881505,2
1.514553128873684,2
-0.2664769522220187,2
-0.9138752471581868,2
-1.5830748831358048,2
-0.38576784430330147,2
-1.0994050048858148,2
-1.4457826502352407,2
0.8585328966766285,2
1.0648034560196804,2
-1.9664281321412618,2
-0.16808421872439983,2
-0.19726831560149946,2
-1.534282148049957,2
-1.0244476965713667,2
-0.46712984063207796,2
-0.4271351319432454,2
0.3574041682675413,2
-1.2007510458728619,2
-0.5662790054793365,2
-0.6479915612299272,2
0.8745577949013954,2
-0.33696280820888075,2
1.0400989321763474,2
-1.0010734288542726,2
-1.3053924454610821,2
-0.7121463816799783,2
1.6294465843978752,2
0.7190603987714149,2
-1.6378258388529656,2
-0.5416592953209973,2
0.12608992875310934,2
0.2733108119759384,2
-1.0531891106489948,2
-0.7758322349349952,2
-0.7314871139328947,2
-0.18019417289234216,2
-0.7781767856944352,2
1.518936561694591,2
0.6624366729686023,2
-0.005472438020414736,2
1.0709763984459364,2
1.317407124549371,2
-0.6855134339021063,2
-0.3355832155983236,2
-0.014730156265158518,2
1.0828357361660756,2
-1.0145308528455539,2
0.5416256679194806,2
-1.3930579304675177,2
0.32108520136225616,2
0.49382996314045885,2
0.17843902663785924,2
-1.4953745428462182,2
-0.6798139878658559,2
-1.8665214895899704,2
-0.26995437064612804,2
-0.5680834714292762,2
0.2732751163043814,2
0.5724964141115289,2
-1.7640555416728134,2
2.4028630218863305,2
0.8907308776497306,2
2.044830621352991,2
-0.8701412389631973,2
0.3831553335533355,2
0.8822153857160381,2
1.2960933975074336,2
-0.8534617925188639,2
0.8062196953512937,2
0.2209258603551742,1
-0.3396968521750598,1
0.06129548681699037,1
1.1619795908436594,1
-0.211502978374195,1
-0.6152402131229164,1
0.8118994671397436,1
-0.03858404587268048,1
-0.9989389564565103,1
1.2895951426750245,1
-1.8983948064302987,1
1.5036066928962946,1
-0.21959880258748318,1
-1.172363655005328,1
-0.7129838165472613,1
0.5587144164551916,1
-0.06129007859181236,1
0.4157704887881239,1
-1.2134107754051158,1
-0.38034682502390527,1
-0.5833255558023571,1
1.4548291648551264,1
0.2039602501080367,1
0.772693781850863,1
-0.4206330571484793,1
-0.47178548187520924,1
0.11287446911775208,1
0.3222973165048463,1
-0.6205395267904592,1
-1.3850595428692216,1
-1.5407421800196925,1
-0.30426166716952563,1
-0.23357609783268266,1
1.8093846682324553,1
-0.06391821324925585,1
-0.48188789516239244,1
-0.04746805358936045,1
-0.4296142252973021,1
0.7711236437802085,1
0.38826916280084967,1
1.0066552006313436,1
-1.5031362232052954,1
-1.2846172182460496,1
-0.234767310091951,1
-0.057333050226690406,1
1.2271641964775832,1
-1.4466285271610029,1
-1.079154084329511,1
1.1468230773358539,1
-1.5717252669095656,1
-2.1503233943850404,1
0.04294162591179912,1
0.030191925211875734,1
-1.1693118314922928,1
0.5939888988568047,1
-0.448326300627401,1
0.566031857347176,1
-0.9217329915399989,1
-1.3231843482036232,1
0.13836131951292205,1
1.158724716550861,1
-1.0214254049743152,1
1.3373483447686212,1
-0.30752541191289706,1
-0.4944295111773815,1
0.9669413335600956,1
0.863480062385461,1
-0.9876546329788533,1
0.5865761762688569,1
-2.691063450624909,1
1.4598883645897425,1
0.8645401854795508,1
0.2292004465757024,1
0.6539632570703212,1
-0.42198103201658604,1
0.34370048191148594,1
-0.16575800984450992,1
-0.8513182532756117,1
0.12939561891719253,1
1.023510292007468,1
1.1908676559137077,1
-0.5103825970994011,1
-0.9868446411212094,1
-1.0036620333499748,1
0.9241127238773357,1
0.7461571903548184,1
-0.18988378601842115,1
-1.4326840939498227,1
-1.5275139385268384,1
1.351017372111184,1
0.6864096501754202,1
0.6174188328809318,2
0.6653186685573625,2
-0.6787203585112711,2
0.7061213109451456,2
-0.5899393717132824,2
-0.23240626917096605,2
-0.8650460917634581,2
-0.25234909212678935,2
-2.3194390886368255,2
-0.579412683431622,2
-0.5656817891098376,2
1.479428804969962,2
-0.4478817341888705,2
0.06752338559528345,2
-1.0140877758097038,2
-1.4204415913571853,2
2.0831911054255126,2
0.12061305013455506,2
-1.9117238725563128,2
-0.08806191243716133,2
0.5900684912348076,2
-0.1223031184835223,2
-0.7704267283689261,2
-1.2155738204062483,2
-0.8582140704189908,2
0.40579410619153666,2
-0.9347121965056542,2
0.7883533627961568,2
0.05814467684812456,2
0.7780818333866277,2
-0.4281523272664096,2
1.8489428256827938,2
0.18940915799014124,2
-0.120820032674376,2
2.2446472789271894,2
-1.0294588427791755,2
0.901115590880908,2
0.2225873283689775,2
0.27918608365036,2
-0.35503278997875304,2
1.143126798352443,2
0.12189455963959711,2
0.1552416839920328,2
0.2329261392309636,2
-0.604957963225978,2
-0.21699913150454214,2
1.5422474263260049,2
-0.8863089509024367,2
-1.2389525188742414,2
2.1082488735542366,2
-0.40652932437408723,2
-1.8148844813696794,2
-0.2813090652607024,2
0.6767200117993317,2
0.05015759770964243,2
0.7024553602805486,2
-0.7430973481655707,2
0.14663882338184012,2
-1.0778841140445918,2
-2.768969372171994,2
0.3470139658755731,2
0.5694071184277756,2
-0.5111704970378216,2
-0.3716714214522778,2
-0.2725647029740169,2
-0.8221112705444986,2
1.096993190591313,2
-0.07008007876519225,2
1.749144583887064,2
-0.10029385151413032,2
0.40050899798437,2
0.8989457485888132,2
-0.08630516177594444,2
0.11178971062406315,2
-1.130607978305166,2
-0.8012513043711942,2
-0.7310150911331922,2
0.567703518030531,2
-0.35882445330296286,1
0.27199062056373363,1
-1.2004541354273661,1
0.4108318655245684,1
-0.28860043669347374,1
-1.701932820012622,1
1.361131512050068,1
-0.34242247567903666,2
-1.3326997269347876,2
0.2611692134707734,2
-0.148184431518344,2
-1.2570214286922488,2
-0.06867952944065855,2
0.726233779431936,2
-0.4966381761185802,2
1.7515804865781417,2
0.06575821525444153,2
-0.6174117292358379,2
0.666567497763262,2
-0.2553386196699663,2
-0.030956492499756256,2
0.628908119920422,2
-1.0732579820466361,2
0.31602244236559923,2
0.5487706767059696,2
-0.9865222977812009,2
1.1720313998431682,2
-0.7843130508728029,2
-1.2760312402791862,2
0.3529489161000806,2
1.399167846877503,2
0.04942998505094194,2
-0.14134358698260954,2
0.636793270944642,2
-1.2251821772751859,2
1.0785898376752194,2
1.179080107787623,2
-0.025986091920187845,2
0.44333209120428874,2
-0.2273687022774317,2
-0.6460647162010651,2
-0.001648054754961399,2
-1.6318261833963053,2
-0.2653334701510697,2
1.1931833489528576,2
-1.6774243635046213,2
2.4384270040767504,2
-0.1500150560698582,2
-1.6352105610203143,2
0.22918004817051818,2
0.4280033752488682,2
-0.6404443258243364,2
1.0531575233982333,2
-0.9923028126879997,2
1.4049360467353407,2
1.8243756203376424,2
-1.7573218537203472,2
-0.6636139017176548,2
-0.6607362343398624,2
0.07239690141770198,2
1.9266349965960543,2
0.6901479459011034,2
-0.399974719216421,2
-0.2875113079779595,2
-0.19042726629597778,2
1.5785597346832743,2
-0.1722814940387897,2
0.22151568111076908,2
-1.646412437754699,2
-1.1622385642784103,2
-0.7761218889214532,2
-0.13863598400574795,2
0.8389736339633551,2
0.5506166139731714,2
-0.49024860435568685,2
1.1795683108434976,2
-1.4686719188235888,2
0.48471063377524665,2
1.8426411947380974,2
0.3925345602584599,2
1.3464225572213877,2
-0.1559924254564885,2
-0.24466474470058422,2
0.8793841759881964,2
1.1388781719414296,2
-0.007031493989500877,2
1.1140063233551776,2
0.853966811245924,2
-1.2431907379553342,2
0.2729803211966923,2
-0.12104659483502854,2
-0.996467499763779,2
0.6661963550774823,2
-0.629499690309932,2
0.8526732281171508,2
-0.9223870186724379,2
-0.36645467089990286,2
0.2899689855650037,2
2.0683535305515814,2
0.4754801826135813,2
0.3429278247973844,2
-0.14668001163825833,2
0.6704955400401611,2
0.9843872729124616,2
-0.07514936792453739,2
-0.5582292957357857,2
0.2727880652125588,2
-0.2363978087827724,2
1.797799242083968,2
-2.2497017084776267,2
0.7522595894012056,2
0.6961774375960859,2
-0.00144884383134577,1
0.9190526299046363,1
1.2240332136044283,1
2.928044481647138,1
0.1751822521042816,1
-0.41981775837952073,1
0.9694104437652085,1
2.165550049045741,1
0.6955483846239849,1
0.09291444334095587,1
1.641041048757023,1
1.6157743608945307,1
0.706797275769287,1
0.2996831603310041,1
-0.8753079006709618,1
0.6836223835442988,1
-0.596996448578826,1
-0.5490819704114155,1
1.6191313243232277,1
1.1927829167832416,1
1.1752109095147123,1
-2.0592089748298537,1
3.109618014841559,1
-1.7345180755619178,1
-1.7867034000354414,1
-0.23676669498125083,1
0.9510107712797019,1
-0.607307181191552,1
-0.08108714519918148,1
0.18990676015165506,1
0.6856625165855913,1
-0.9136621834088295,1
1.2368101751994234,1
0.3954393774031482,1
0.2746071608929607,1
-0.5283009287057782,1
-0.362075206114875,1
-1.595125649053448,1
1.3752460283207106,1
-1.1373001121281623,1
0.02066953185022114,1
-0.02364717312115323,1
-0.1901131745974009,1
1.6860879888097973,1
-0.023285308537435028,1
0.8516577822012918,1
0.4967198291953653,1
-0.7368752423305444,1
0.06383916829943849,1
0.24893343612564364,1
0.08618830014042587,1
-0.09754045018209613,1
0.6546976419727829,1
-0.19229660491097844,1
0.24803378000007906,1
-0.8532463010092562,1
1.1416065509978126,1
0.7400692414245303,1
0.25164569928599473,1
0.411784545804454,1
-1.4760570203730592,1
-0.9234516558818046,1
1.4223634325062169,1
0.5944178253842547,1
-1.1952433122044486,1
-0.7512615521398153,1
0.477877048683491,1
0.12612113427695687,1
0.049503055273029145,1
-0.169269703139645,1
-1.3542565337120953,1
-1.1652311949998542,1
-1.4434706390181322,1
0.16229306106421584,1
1.4132183644361132,1
1.022806543809837,1
0.13449758727772704,1
-0.5999806461523869,1
0.7012620833725196,1
-0.6235706729428151,1
-1.308167721375621,1
1.3656383963215504,1
-0.44668507069265834,1
-1.6058486154548792,1
-1.1042312109063777,1
-0.44909901368340915,1
1.6339656798747282,1
-0.6693590817517278,1
1.3204425563869373,1
-0.2033831808784106,1
-1.024398416788539,1
-0.6668724524961972,1
-2.187086097461475,1
-1.2803111141603434,2
-0.04893913212458119,2
0.050167525246563816,2
0.6789602839172095,2
-0.43471386099325166,2
-0.7246033391189746,2
-1.093351843064721,2
0.0836710558238342,2
0.04649569526462898,2
1.125817161381193,2
1.7087527269801408,2
0.30490449097545824,2
-0.12929789424523533,2
1.1368309794951437,2
0.8503027839903786,2
-0.1479663278215394,2
-2.0343825165769185,2
0.47002033991864955,2
0.5384932825510227,2
1.9441351686995247,2
-0.6705978262866805,2
-2.355502619858307,2
0.4394339372843273,2
0.815829674069225,2
0.063533171226367,2
0.5076205644809979,2
-1.232737396049134,2
-0.8866997053840524,2
0.5205171686240875,2
0.33811474988782475,2
-0.6754483449504394,2
0.4017496645045406,2
-0.6416724267576429,2
-0.9546072287027818,1
-0.7328284710246326,1
-2.0635649408544303,1
-0.8553094183645628,1
-0.05446825730279098,1
0.48378520066630526,1
0.22092378518951736,1
0.18678280332509906,1
0.004626221797552367,1
-0.8683058516670472,1
0.8466328673808277,1
0.7313760756451373,1
-0.8434261325845107,1
0.2987954642146616,1
-0.41007223274483245,1
0.5176763369029752,1
0.42510093642751473,1
-2.3865977576930404,1
-0.5890874146615657,1
-1.6085163551945583,1
0.02863715955230394,1
-0.48151568888436597,1
0.17354468445108814,1
0.9069315595291215,1
0.2981402094673905,1
-0.6929770257514009,1
0.07888572827454679,1
0.12360866246466974,1
0.36434915672694895,1
1.0441620217258127,1
-2.0764681096331468,1
1.1393136722753587,1
0.9865919561865196,1
0.29875786264359555,1
0.7696152631599419,1
0.9081221043470696,1
0.7540582983853275,1
0.25941752251360073,1
0.07454641602952242,1
-0.5857668764154527,1
2.2692685645093746,1
-0.1459417153053639,1
0.058235429416153645,1
0.44117243822801655,1
0.24165636368644514,1
0.5486387059638708,1
0.7549656577066478,1
-0.40065396615385374,1
1.0844161910664494,1
-1.508694684834648,1
-0.22035375567073737,1
-0.48177405245921295,1
2.294039177402907,1
1.0751807292173483,1
-0.3079556836204432,1
0.880332142735882,1
-1.160836342803605,1
0.928117293275887,1
-0.06817802596999571,1
1.2494529896949145,1
1.8679437621967125,1
-0.9696145476622406,1
-0.3780833158322604,1
1.2062528960834416,1
-1.2430689135263604,1
-0.10222143963432982,1
-0.12268799924029411,1
-0.5123784786359342,1
-0.6851725786296976,1
-2.075769013014348,1
0.46073830037975083,1
-0.0897576355958893,1
-0.6092063796827456,1
0.3912638011666693,1
1.7071886056097063,1
0.46544915471578846,1
0.2973548026088416,1
0.6224914181356315,1
-1.5777838105477526,1
1.4367430186441008,1
-0.8184088933584361,1
-1.1388744796654533,1
-0.655732553133278,1
-0.9944437243717421,1
0.7716547759121517,1
-0.15998337095935503,1
-0.40555850941584326,1
-2.67144621464202,1
0.9389203751108289,1
0.2338406150122579,1
-1.507873520712647,1
-1.4275659452928702,1
0.6129137516370218,1
0.20287387515089067,1
0.6441539033461737,1
0.4705511827910157,1
0.5715787127730745,1
-1.1708935115903933,1
0.8146055713968668,1
-0.22433058749442075,1
-0.4020433531745275,1
-0.5247238224563353,1
-0.7733324179906744,1
-1.079435708072132,1
-0.34338354975598545,1
0.7611350841446543,1
-0.2911027435239327,1
-0.6828816075952513,1
0.03970263649714764,1
1.576381850783467,1
-0.26659215065098996,1
-0.5016980206223605,1
-1.253132178518997,1
0.8500820486034608,1
-0.7708227867282085,1
0.15476691316254912,1
0.571003815622356,1
0.3185655389108724,1
-0.6166086921957566,1
1.1715845376151228,1
1.502528467114987,1
-0.4703529115405749,1
-0.18144019618903295,1
0.904014142701448,1
-0.6431363369950939,1
-1.141593937344846,1
0.14223472464505052,1
1.4662657410168054,1
-1.1248534887612398,1
0.0033697594089134903,1
1.8881173043662356,2
-1.1097904780409047,2
-1.3168481570560768,2
-0.6019247922054909,2
-0.10927731866143726,2
0.6859333430104863,2
0.8270608163956268,2
-0.3828297691828854,2
0.01991427815747575,2
0.028146756337648574,2
-0.7912323598484501,2
-0.25669658953165114,2
-1.2055469272206647,2
1.3624517070209343,2
-0.13241825321406844,2
-0.6970991696552897,2
0.5738867353751477,2
-1.008615698642024,2
0.30430005956351797,2
-0.011684183209819092,2
-1.364639537987632,2
0.10374992020012233,2
2.7321771413577896,2
-0.2774916679900801,2
-0.13126245002023007,2
0.7800470593422437,2
-0.4733801784860957,2
-0.1317487109955714,2
-1.4343643086757993,2
-0.18538263439988947,2
0.02328359776563314,2
0.40939926750980926,2
1.8976413599489785,2
-1.5449138540530396,2
0.37566165718493333,2
-1.109044094175711,2
-0.9512357916419077,2
-0.6731620475244974,2
0.0008984494254918551,2
-0.3304827038817206,2
-0.1297677362238353,2
0.7701210911632859,2
1.433575130871651,2
2.0953814863868887,2
1.7267821788660678,2
-1.2683778806455732,2
-0.5920005086455692,2
-1.026436794542189,2
0.13406855353676111,2
-1.0011539983777449,2
0.3431667886979621,2
-1.4531242995818514,2
-0.7513914411848287,2
-1.13025519904321,2
-0.41901684213856666,2
-0.7190948689339904,2
-0.34616729334575835,2
-0.5415653083809164,2
0.9493485412450147,2
-0.509271666376844,2
0.7998862580969681,2
-0.6767426816262826,2
1.0257058704006476,2
-0.2826866430896155,2
-2.158499002173995,1
-0.6669269908922429,1
-1.1047660465186173,1
0.030303661518118242,1
0.18801043345643953,1
-0.030513300441164726,1
0.3487652339813864,1
-1.6277675466167127,1
0.44875670766098147,1
-1.581824544278007,1
0.14892231247894117,1
-0.4085108814723779,1
0.7530857034639189,1
0.18053921784694152,1
-1.459289539339589,1
0.24274645783549695,1
-0.18058565457825346,1
-0.48790390720191096,1
1.7377946531867539,1
-0.5309776428598335,1
-0.3819059911693755,1
1.5706245481825079,1
1.0138479520951353,1
-0.49664004241879983,1
-1.6000231039312984,1
1.0780208322577087,1
-1.1380824252005002,1
0.5569495040544495,1
-0.0561271186983462,1
-0.08386692709062783,1
0.9011581399494616,1
-1.5570166026818146,1
0.7033327756488872,1
-0.493488901488322,2
0.7161581885505193,2
0.17833924976979887,2
-0.017002503526611274,2
0.7285933515126304,2
-0.6137976620888014,2
1.1403660737797514,2
-1.465711313445827,2
-0.5009490037182346,2
-0.4020276820398378,2
-0.22347663508823645,2
0.39110562950420424,2
0.7778323174687999,2
-0.11162133876364111,2
-0.36367017040956207,2
-0.6894455222587388,2
0.3462793710294555,2
-0.3901616643640192,2
0.9758467826781224,2
-0.5419067429049598,2
0.7234044351534711,2
0.49922947721100025,2
-0.28628928421298505,2
0.016276533713003936,2
-0.155942528907888,2
0.4677951952600197,2
0.48084000667068577,2
-0.08181777616048491,2
-2.8355888876964563,2
-0.9165106560077805,2
0.3909653141987758,2
-0.4101194889735049,2
0.24402935107371293,2
-0.4876497790266531,2
0.11145468887128553,2
-0.8155356846945752,2
0.1336273597344143,2
-0.5333407709989085,2
-0.6352293778526116,2
-1.5965819330309594,2
0.49926930738493347,1
0.9850517026050294,1
1.0780130711935987,1
-1.397601692430382,1
0.03610421327917925,1
-0.08409537646828043,1
-0.23655270097202388,1
-0.4085707470224193,1
0.051479354625806724,1
0.9215934267317583,1
-0.34098696477908014,1
0.97824422103029,2
-0.5284735755481422,2
0.2690030070545075,2
-0.22432614219626493,2
-1.6897868613131357,2
-1.2341741814599887,2
0.2536616947104296,2
-1.3269224411240972,2
-0.1657183782182469,2
-0.03413944583367557,2
0.00733612906200994,2
-0.9161554729318788,2
0.0984485111610896,2
-0.3539934727709206,2
0.20388267628954357,2
-0.7480572519833631,2
1.0049899683135006,2
-1.0172737084881367,2
-0.5854278013754909,2
-1.2649259769563703,2
0.6263862018460067,2
1.1076424158878284,2
-1.9601696290922066,2
-1.6825333506012696,2
-0.614709096251085,2
0.620750228384242,2
-0.32484609374639534,2
-0.3620141399233534,2
-1.321444180924892,2
1.1716958463421594,2
-1.572021418737461,2
-2.0433301325054414,2
-3.34929226924657,2
-0.7167683337415569,2
-1.2051870941144853,2
-0.6541618483414353,2
-1.2768306603387543,2
-0.6860541362756989,2
-0.9858973418625195,2
-0.07230032577568728,2
0.6682588042397626,2
-0.02576040956382425,2
-0.6544656132891309,2
0.4870250523420622,2
-0.7162736850485154,2
1.496453729910081,2
-1.5247083873401406,2
-0.4842004057573093,2
0.354196279513509,2
0.3280511207896041,2
-0.5774566851092773,2
1.3652607886441823,2
-0.8110151066426532,2
-0.40264465616285644,2
-0.29103677112167936,2
-0.23512836416061694,2
-0.3156821448801521,2
2.288679217391559,2
0.8786217892961978,2
-1.7240917951763564,2
-0.5593799692423465,2
-0.39235161599056906,2
-1.533486053685967,2
1.5001926987986975,2
-0.7179042141319552,2
0.6544541614865563,2
0.6046247652991185,2
1.9920896482903334,2
-0.36685899401536587,2
-0.5268588821224515,2
-0.0034854578617146133,2
-0.46472473080700916,2
0.06419786541730432,2
-2.397748999599946,2
0.14138048303921022,2
0.41244759922198826,2
2.092991637003581,2
0.8659951871553361,2
-0.2833342418337382,2
-0.10345821090347763,2
-1.7716900185875022,2
-1.0084047046926823,2
0.18928689463952503,2
-1.9762633715296534,2
0.8732637604033467,2
1.0480446073936769,2
0.028453105063219554,2
0.324347483567168,2
-0.4724361509580461,2
-0.5076701700982973,2
-1.0289860799497943,2
-1.5716263799280088,2
0.9106801462299114,2
-0.3881587452136252,2
-0.07316078670690625,2
-0.33914147800789485,2
-0.10022642591702555,2
0.8341398665389742,2
-0.3560543714935022,2
1.5601757785981964,2
-0.0928146317021213,2
0.396534118287766,2
1.8110577060160502,2
-0.46154489545551747,2
-0.66972566522689,2
-1.0598786610741076,2
0.041810526923803604,2
-0.22112427245204272,2
-0.6907196870037217,2
-0.6924716571257207,2
-1.6575283997937689,2
-2.019859645111559,2
0.6140378251479595,2
-0.3501510506815384,2
1.4443826192029223,2
-0.8900754143966394,2
-0.40347740679883204,2
-1.337411873100953,2
-1.7561581446363188,2
0.4450851251634307,2
1.2022940910065536,2
2.306414097823894,2
-0.3668376051836435,2
-2.184753074364744,2
-0.15526725733032187,2
-1.5860463513520273,2
-0.888322463574809,2
0.277160871787236,2
1.6585274090998634,2
1.2426323761572315,2
2.1564087298063037,2
-0.14125429027545627,2
-1.6183527025853193,2
-0.0563113824190889,2
0.34780108355002376,2
0.17102252555146435,2
-0.6401885306647238,2
-0.2843484169735822,2
1.375283373923635,2
-0.47535102303841653,2
-0.07647864793384523,2
-0.10542553985502173,2
-0.35513181884957634,2
1.2514649136299458,2
-1.8093892546154138,2
-0.6593996072629141,2
-1.0609850546563548,2
-0.41349217191461196,2
-1.4644910943871525,2
0.8441193753113176,2
-0.3567423193005557,2
-1.0669003924302196,2
1.3172483821725005,2
0.5098164630218033,2
-1.543872821666123,2
-0.21095572589098358,2
1.1277031915971725,2
-1.3096292299570453,2
0.38881803987984476,2
-1.459511525650029,2
0.4307166937313501,2
-1.1356637426119789,2
-0.2865019339457335,2
0.43175742194589734,2
0.9699812072575086,2
-1.088726724152424,2
-0.2510724358757873,2
1.95860341625733,2
0.6104260032434872,2
0.3425890819997815,2
-0.6269705333568709,2
0.8895229316700527,2
0.3843076996244364,2
-1.443009268051212,2
-0.7140351188748183,2
1.0377796269248625,2
0.02407548253886752,2
-0.06849519520533481,2
-2.58119477654124,2
-1.053278572995166,2
-1.1949513229879265,2
-1.760484205683489,2
0.5547987723522385,2
-0.1915752276375639,2
0.7511758826195879,2
0.23425538801081788,2
-0.9292490255975645,2
1.1604367146319476,1
-0.6795582272815882,1
-0.4806526069901343,1
-0.5286885148371474,1
-0.9028777607734095,1
0.5423544442772804,1
1.0498205326801906,1
1.1893605673017869,1
1.6148562077404836,1
0.05885129590929578,2
-0.37626319960612953,2
0.7419382102860126,2
0.24440790365721318,2
-2.114934402689865,2
-0.20748905087026634,2
0.10294387194299584,2
0.6881506444757729,1
-0.37114738685081256,1
0.20205950887979635,1
-1.3186889597632747,1
1.1176238071768645,1
2.570303637040928,1
-0.012996904573756459,1
0.16581188807046626,1
-1.0563701052620196,1
0.15489883750145506,1
0.8561678584236366,1
-1.0038556250057156,1
1.5105472333864047,1
-0.3696183906020132,1
-0.813697363013934,1
2.0038753599279184,1
0.36146122282858356,1
-0.21735835514543847,1
0.442679453919419,1
0.016702115810195414,1
0.1749661771869781,1
-0.7504452581442207,1
-0.7444291745660607,1
1.0139556285224778,1
2.9798717703569544,1
-1.713086892634711,1
1.0886939896931773,1
1.3245502166314114,1
-0.2794961072446195,1
0.14052017099187264,1
-0.019647640142097172,1
-0.9173160582312753,1
-0.9366726483783762,1
-0.7420346327860333,1
-0.18126840697165925,1
-0.9007000952505517,1
-0.6462374945838922,1
-0.4994617699067823,1
-0.7641756959912461,1
0.5320289957609332,1
-1.911683687934951,1
-0.5422688918199333,1
0.35229335396191286,1
-0.7943378313800732,1
-0.20961517510632974,1
1.0543518899414193,1
-0.4812151209211181,1
-1.7516176043165783,1
-0.08605057862941086,1
-0.18637689291921541,1
-0.8355156201394114,1
1.9562816838996075,1
0.30839860119445944,1
-0.5008823290268575,1
-0.13950057202373445,1
0.8448919385059058,1
0.2191330583851607,1
0.29949634547470894,1
0.09715953889349592,1
-0.1334164861596292,1
-1.4151089445933498,1
-1.4425414786919886,1
0.3850164326055012,1
-0.9053957395209945,1
-0.5382611279702341,1
-0.5951085965813875,1
-0.6492464539355153,1
-0.649919633879309,1
-0.6034376629633672,1
-0.33334484739025144,1
-0.05296159105790375,1
0.23240934003803682,1
-0.3946616502154641,1
1.7550543771851244,1
0.36678788779940596,1
0.4676049355241386,1
-0.9616379870852847,1
0.23312424035870558,1
1.1259515560801183,1
1.2933963122114482,1
-0.8899012885111242,1
-0.3729035093248305,1
-1.318219171493194,1
0.6375713082859941,1
-0.29110038251608467,1
-0.9414579257519834,1
-0.12273249547676068,1
1.5333588121718393,1
0.6384766724617295,1
0.5552669113356834,1
-1.0522623667794415,1
1.1771815965323513,1
0.6288217901131617,1
1.5784161890545385,1
0.1758414086375607,1
0.340524414498614,1
-0.053767833390149795,1
-1.5886700611226594,1
0.7288948972382356,1
-1.2300513393070776,1
-0.8156141592846136,1
0.847574185185738,1
-1.5907134377441372,1
0.3697118613299195,1
0.8466156056791371,1
0.3252449682152097,1
-0.6353494046927308,1
-0.5566438416998645,1
-0.4867163327987642,1
0.05387729217657798,1
0.9445465591815013,1
-0.08288433036171505,1
-1.9187586832173356,1
1.1124538388148362,1
-0.2885081955111651,1
-0.5492768998874612,1
-1.4140591540867151,1
-2.041936108161216,1
1.1168999536409798,1
-1.0712110610049579,1
-1.0961040868168845,1
-0.5705613842157422,1
2.024231824114965,1
0.25770232514983127,1
0.3027387957397865,1
-1.596636872747916,1
-0.8953977237650487,1
1.0473921122194172,1
-1.6686570697518903,1
1.995243348048678,1
0.07329277179857699,1
-0.62926407884633,1
2.413306373393583,1
-0.03200653495253099,1
-2.0158818322868624,1
-0.1151193713911862,1
-1.7708063109316614,1
-0.38052767887900024,1
-0.10980965370743813,1
1.0828210142849726,1
-0.04198085877412127,1
1.002036946025803,1
-0.26836175641841054,1
0.42002420038262056,1
0.9249840049510901,1
-0.06108392058994397,1
1.0197328917097137,1
-0.1055979971226824,1
1.4060794855014034,1
0.4300285475558031,1
-0.6904764992988135,1
-0.38361474537306656,1
-1.255698970021038,1
-1.5492617585621213,1
0.9024908009622485,1
0.2303552021724586,1
-1.0262135769887686,1
-1.00855902970313,1
1.1815412536339829,1
-0.05464385892371958,1
0.44711780848547156,1
-0.04876102156670968,1
0.23782774974047105,1
-1.5676988816518682,1
-0.373206461597269,1
0.5911046006846709,1
1.5287023761933933,1
-0.2566294697619608,1
-0.48512521487604154,1
0.633843715140485,1
0.2080876225635411,1
-0.5360174550928101,1
0.3277880716521131,1
0.8465138235651768,1
-0.22410414007643326,1
-1.0731849714928208,1
-0.10657064827424982,1
-0.19078877899524274,1
1.598079158835311,1
0.22428377177402406,1
-1.0854510991981103,1
0.28003112230858207,1
-0.4527026637010764,1
0.7189762725795239,1
-0.2638581712937434,1
-0.7861455023653419,1
-1.0179937059341386,1
-1.5156954349004157,1
0.04535323171616367,1
-0.738012782213986,1
-1.031656258953172,1
0.3417388139255605,1
0.9022399221605899,1
-0.14453965242256755,2
0.06260700106865366,2
0.947701108403638,2
0.5667299307153796,2
0.7742605550653506,2
-0.3716234509527432,2
1.043272373816122,2
0.412430346220159,2
-0.9922701331020696,2
0.5104904406878501,2
0.1153817638969221,2
0.3085714270793006,2
-1.5694192738793002,2
0.6917028257938551,2
-1.7139982920128043,2
-1.2681485433968291,2
-0.4164714212984401,2
-0.77992730734925,2
-0.5616165263141052,2
0.40864845107506814,2
1.2342329885965344,2
-0.6736797570567064,2
0.6091029939957957,2
-1.1297686106609075,2
0.2706577664167916,2
-0.478460279824441,2
0.2202384338343673,2
-1.263073632040281,2
-0.5446355920009753,2
-1.336315603449018,2
0.4533355395147606,2
0.008384509182821203,2
0.23557262201285092,2
-0.8999688060356702,2
-1.5947805668600126,2
-0.7499889820664825,2
-1.4179964588628204,2
0.7071207088974559,2
0.39671430817189385,2
-0.5419144959014236,1
-1.695771352187902,1
-0.3071732317396769,1
1.8418948834652396,1
-1.621862896905661,1
0.8719430664304779,1
0.8490833278967599,1
1.5310517533904393,1
2.1602486457153867,1
-0.8997137180821124,1
0.24905028349287314,1
-1.2633822310514058,1
-0.6678917543760384,1
0.5854980635080596,1
0.6468830280597188,1
1.4148833169214279,1
1.1925024321129258,1
0.3100521122975337,1
1.1203150805438786,1
1.7519572357005042,1
-0.22161131362780034,1
0.7532872119874787,1
0.966177087935233,1
-0.4490501785411323,1
-0.7107859413410175,1
0.42823141462997355,1
0.5931803566572919,1
-1.003948180392018,1
-0.5794727454848579,1
0.504020800795816,1
0.5140199407627836,1
0.621763161955029,1
1.4018051167030023,1
0.2676573062088117,1
0.48829657581851954,1
-1.1201148364655138,1
0.5526352433417399,1
0.39691964764191395,1
-0.28206074997898006,1
0.9451625031509941,1
0.5453466927698783,1
1.7755629772645103,1
0.8828861191628012,1
0.11070437580084391,1
-1.2217953016251981,1
-0.6180158294701857,1
-0.6095350698992749,1
-0.3940848756526546,1
-0.7833242983441207,1
0.49064205495397734,1
-0.6627854312790328,1
1.4257562498215777,1
-0.7712443669206454,1
-0.6081958142024725,1
1.843860764468016,1
-0.7972450795509755,1
0.11079650377331254,1
0.7382806007290751,1
-0.9116898412451017,1
0.35015750004476537,1
0.12115301758035632,1
-0.15407991418620767,1
2.1983613812186062,1
-0.20128838475759886,1
0.26664251792163174,1
-1.6183367966319437,1
-2.649120756892123,1
-0.11421540602462538,1
1.018190089980758,1
1.4266457056466484,1
0.14810873078671583,1
0.6771672925528738,1
-0.16312963775098052,1
-1.6183042508964904,1
1.5535669784863029,1
-1.3644017986831853,1
-0.22589244015125795,1
-0.4492719265386221,1
1.7230277159130138,1
0.31081231718070945,1
-0.13601261536391526,1
-0.46253929725280785,1
1.0053455306204764,1
0.8077580641768816,1
2.28864962724071,1
1.2221065568428093,1
-0.6547404423637018,1
-1.5278484344190322,1
-0.4452107847705778,1
-0.6623183594307586,1
-0.4105635984921497,1
-1.6047868660650693,1
1.3874167922815537,1
1.0936717758086871,1
0.17371483420155984,1
0.4847843451322594,1
-1.5597206367688523,1
-0.12267773325454656,1
0.3945002614472469,1
1.4628386892296406,1
0.9694316014029886,1
1.084344678296867,1
0.6582367083487527,1
-0.09830809405405624,1
-0.03766448119100331,1
-0.41961881748501595,1
-0.6651637900715858,1
0.4510714948282935,1
0.08506268996247192,1
-0.9596689519194582,1
0.35145227161169185,1
-0.6979661760321588,1
-0.8060554383385871,1
-0.9921863676025279,1
0.6720351614971956,1
-1.4537405495498248,1
0.10410876072682933,1
0.5393547283317526,1
-1.951413982904906,1
0.7554677005895338,1
-0.3649566559405556,1
0.9348844938829549,1
-0.7079680384701624,1
0.10765723840468017,1
-2.725640318271662,1
-0.11468123847233086,1
0.43005690779117206,1
-0.6607666839714404,1
0.360336605330112,1
0.30417723179481077,1
0.08143744761934853,1
0.536991673523571,1
0.1519048725369465,1
-1.5554436943400163,1
-0.9087285667213258,1
-0.012144205239804605,1
0.2189256450651656,1
-0.42456017663315543,1
0.8989340436641501,1
2.129937297369279,1
-0.38132133203435875,1
-1.6502409991374496,1
-0.18983972623210912,1
0.4896382228130728,1
-0.4242811826391602,1
-0.7260336866154096,1
-1.769459859530893,1
0.3302694826451306,1
1.2364876864977403,1
0.25462016184556513,1
-1.6237681453102344,1
-0.032639895966660754,1
-0.23655041970335772,1
-0.9162536593115566,1
-0.25018058104966584,1
-0.6310074646557425,1
0.47952634432935265,1
-0.2909247306110835,1
-1.1561673048694547,1
-2.1381069279360405,1
0.9741776549193527,1
1.303203052191654,1
-0.6539601389431922,1
-2.09896333176639,1
-0.06158223872788239,1
-0.2544324077491538,1
0.08756921584856657,1
-0.6747082090899947,1
0.07798087952425375,1
-0.6844419030632727,1
-0.29028204221169523,1
0.5810554905980236,1
0.2020112547159482,1
0.9611163099012068,1
-0.9379370370745646,1
1.2651389416018501,1
-0.14610829892668797,1
-0.17466462575729808,1
0.37968056040957665,1
-0.9650826343998434,1
-0.8387807427692198,1
-0.3396362269387055,1
-0.7421799791999428,1
-1.533379838491171,1
-2.4729507120282728,1
-0.3951399876694602,1
-0.396310046119691,1
1.0757981050351157,1
0.1138863917352098,1
1.0831023178736705,1
-0.5192440440429713,1
-0.9102962885316673,1
0.6024083910951538,1
-1.8468959727467529,1
1.0276742441380622,1
-0.5851410542631585,1
-2.074055216648415,1
2.9037761378718336,1
1.5848060507480468,1
-1.890741204508409,1
-0.19960005501395908,1
-0.02027510916160161,1
0.3658696659806233,1
0.7932457025590939,1
-0.16655393908991642,1
0.020412122501161194,1
0.589511591811643,1
1.0411752077977383,1
-1.5666172027663405,1
-0.02870262395915858,1
-1.6220653089457442,1
0.20661748387948628,1
-1.01227336310792,1
-0.48005914190320553,1
0.38324144998364146,1
-0.9267907753745338,1
-1.8354740944386416,1
-0.0707506664505014,1
-0.5268286309686115,1
-0.20943512248002955,1
-0.10775925146589337,1
0.3467495812560195,1
0.6213332411068501,1
1.1574694816927937,1
1.2318518322988625,1
-0.657011253654363,1
-0.7755668262688286,1
-0.5503660646716403,1
-0.2553925064953771,1
0.5068956827912936,1
-1.920036255527314,1
-0.6173307542670808,1
-0.10083370626706012,1
0.020583174298259455,1
1.6770721792748315,1
-0.6891617891420867,1
0.7804623304374954,1
0.1649164825028194,1
0.9593527418333888,1
-0.4267697195300995,1
0.47018181093139394,1
0.5172628737623084,1
-1.0379276303342624,1
-0.1768811251608142,1
1.353301818119533,1
1.1617267667883147,1
0.8767380466126092,1
-0.04265307835879661,1
-0.9777714759399178,1
1.2801719258232949,1
0.4683981841772886,1
-1.9437090632648726,1
2.452520676658165,1
0.6098051455638561,1
-0.9095054871694356,1
-0.8702137528960948,1
1.4731008719569325,1
0.48732399103114565,1
-0.8575857229685991,1
-0.037794913060793876,1
-0.5429035277671522,1
0.7343141136825826,1
-1.8426380033667558,1
-0.8582897152360411,1
0.15842246603086396,1
-1.3313534793509672,1
-0.717215579865051,1
-0.0020362406590695007,1
0.30449258949904096,1
-1.5779852046200156,1
1.6999468693273547,1
-0.2820406566548153,1
-0.4548815091511499,1
0.42601159038361425,1
-1.7923193788632712,1
-0.6917682150702521,1
1.0649955050738213,1
0.4885602233190523,1
-1.7751707895817659,1
-1.4224883322757442,1
-0.5034977373452203,1
3.2156315502126263,1
-1.6734911308883096,1
-0.5860772702781237,1
-0.12308810321670163,1
1.4491933406242639,1
1.990100733689062,1
-0.3480582114075406,1
0.08194477263737106,1
-2.0150357715779523,1
0.29866055610558473,1
-0.4615293973304098,1
1.132709981979636,1
0.7937574436615255,1
-0.9605348385101671,1
0.04286424736989622,1
0.12864540700721327,1
0.6990262201029752,1
0.9206538843441411,1
0.8547194174486172,1
-0.6308885394272893,1
0.09832851626848305,1
1.5468166703475597,1
1.0321698177602503,1
0.9986610994484623,1
1.5926597151852298,1
0.022770856651289813,1
-0.2728226964996416,1
-0.6513103009614889,1
0.3380289035249752,1
0.29248034323473215,1
1.1084923485408553,1
1.2679388408373564,1
-1.3061346356730725,1
-0.4632104249204749,1
-0.5706663800883944,1
0.43476383491289294,1
-0.774988129699314,1
-1.0448273823225898,1
-0.10127295154575278,1
0.4565333329527141,1
-0.5480241885286773,1
-0.7027745390094202,1
-0.7985134847386529,1
0.3434297888249727,1
-2.9602765370301145,1
-0.6907063353585177,1
1.0698869925717267,1
-0.06876514338565878,1
0.20531439966451906,1
0.9149384256343583,2
-0.7652428551674262,2
0.02398226126812639,2
-0.6141291147967582,2
-1.355892979565799,2
-0.42950077497489214,2
-0.22190791261571402,2
0.3638548022681115,2
-2.004747321974471,2
0.4669786079107569,2
-0.5747920720182048,2
-0.941759019486738,2
1.131212225721721,2
0.7584934701073995,2
0.058289211818931395,2
-0.7353286100102154,2
1.0973365534005015,2
-1.3817272261138072,2
0.22259655919792984,2
1.6718834630276713,2
2.9927031054810445,2
0.2500102820759407,2
-0.5090007876466993,2
-0.049327199724144746,2
-0.03040919448957804,2
-0.4739218198246594,2
0.5711721047189112,2
0.5942296120414784,2
0.7206681568074915,2
-0.02554845653443675,2
-1.3310627274297286,2
1.1548734641493243,2
-1.0769935768374639,2
1.8340056506951246,1
0.4254478620756113,1
1.0047402517319433,1
0.07540620684884286,1
0.4063192005398885,1
1.0390328754357163,1
0.6069036101017772,1
1.6188058179645501,1
-0.5759188281988005,1
-0.04574234811852622,1
-2.563111751453946,1
-0.04560748962244138,1
-0.13705449984706136,1
0.10336915991768379,1
0.3943458843392658,1
0.5214825936974633,1
0.3450599832609042,1
0.756643918933596,1
1.6225424692783854,1
0.5532945221265275,1
-1.186321423224154,1
0.3857331345832685,1
0.4808833128132694,1
-0.8551996190556134,1
-1.3013662909673764,1
1.2423745632427547,1
0.5919120289075305,1
-0.1305951741405779,1
-0.5799154708817468,1
0.6408549784730885,1
-0.07296593793401389,1
-0.3675517344003973,1
-0.7966115519712921,1
1.0271934429863947,1
0.7848026185687652,1
-0.5552962240367196,1
1.659336906032305,1
-0.0955642959399936,1
-1.7856155222775016,1
1.5143512545975044,1
2.2037099237330957,1
0.5446523757975348,1
-0.2028514529715609,1
1.0769576593292443,1
-0.5418000159131879,1
-1.0582562304424428,1
1.2761770489498871,1
1.5669300227590137,1
-2.0842854250195826,1
-0.5877522632044947,1
0.7120170658346212,1
-0.30829924683580767,1
0.5634426149950035,1
0.2764481227871077,1
-0.9492257806716591,1
1.4918924168201004,1
-1.627019097013202,1
-0.9657070352813323,1
1.175642518484253,1
-0.5348181619850967,1
1.2099622556397434,1
-2.01409260038211,1
-1.8351022283334906,1
-0.5474971918321349,1
0.9117546853989812,1
-0.8422513787995912,1
-1.8497966946173834,1
2.08186185990724,1
0.06428850604755343,1
1.2410572503702335,1
-2.1464302696464674,1
-0.5863596253568983,1
0.411310479630555,1
-0.4116992759408189,1
1.269238705258927,1
0.21361563811447182,1
-0.1921199799884966,1
-0.6000614923706,1
-1.0718313265529686,1
-1.077691430757979,1
-1.257166838112798,1
-1.1018727079640254,1
-0.4073974112430249,1
0.4591618264371114,1
-1.666850166233801,1
-2.2039814973348824,1
-0.45784890333965395,1
0.4253032650153454,1
-2.5776178051054126,1
0.06707992095837248,1
1.22868055576655,1
-1.1176040324420142,1
-1.011478423465306,1
0.0182928607204917,1
-1.0568343535688396,1
0.862667485916842,1
0.5680919966784218,1
-0.7748185612354134,1
-0.26911336056329044,1
0.035444638312937746,1
0.15326108111313638,1
-0.5488737235277211,1
-0.7697705056187162,1
-0.3847933209824363,1
2.208903402954423,1
-0.9192378480554881,1
0.7615497981894266,1
-0.678631645462331,1
1.1541929236360773,1
-1.1210813813153127,1
1.8318578966184855,1
0.1882044693774393,1
-0.15236938764978755,1
0.49133716436462727,1
-1.732408216219885,1
0.35890825009499927,1
0.11688913269438805,1
1.7198368845465322,1
0.23493212752037237,1
-1.7856265136339804,1
-0.14287238455680237,1
0.9020050735496787,1
-0.31938703286224485,1
0.12141387719064624,1
-0.3634020127454802,1
-1.3346955312447957,1
-0.14874824689062519,1
0.5347520242278265,1
-1.2281974786516456,1
0.47381077586259285,1
-0.8413613100392681,1
-0.12354924628257197,1
-0.6383971290158645,1
0.6432115079538357,1
-0.28072075807591096,1
-1.7045390144951167,1
2.042357743525686,1
1.3017802215289884,1
-1.1041599007285532,1
-0.07497406498663084,1
-0.02934946662996373,1
0.6276344064548389,1
0.7359112914106383,1
0.6742614893276002,1
1.1703189982619684,1
-0.7038630509597128,1
-0.729376268665828,1
-0.20535131837063414,1
-0.05800386377686865,1
1.1231690713064626,1
1.024458314320721,1
-0.6705094814882621,1
-1.5988185572795486,1
0.7731382992377471,1
-0.5576125506944101,1
-0.018161178357160714,1
-0.3529371521901139,1
-1.1788929237948589,1
0.01365724782272072,1
-1.1527482790757326,1
-1.0062772293149553,1
0.3971580408625225,1
0.5643951435844666,1
1.1162491899475855,1
-2.2870968421134465,1
1.3861237526529633,1
-1.5476065386127051,1
-0.025438896542162567,1
1.6535027777185556,1
1.0867745865725784,1
-0.4937275382192907,1
-0.8227673817763872,1
0.989425194376498,1
0.33140220254317715,1
0.5862335960788042,1
-1.516728707270744,1
0.6054530064881611,1
-1.3440491090738786,1
0.5195194168501438,1
-0.966598190516807,1
-0.29238272155910777,1
0.2136488771652544,1
-2.194625764733622,1
0.41236974430401024,1
-1.4321495235428428,1
0.21740288585976347,1
-0.6233915234016207,1
0.5062468914527871,1
-0.4998600668615311,1
-0.10500650565705304,1
0.542909655279829,1
-0.6543750739835307,1
-0.6022488557602214,1
-0.5665234672306834,1
-0.4297982249509817,1
-0.5716145005294829,1
-0.9156205102110341,1
-1.262475962891593,1
-0.663401552998294,1
2.564668122273263,1
-0.5831965903969404,1
-0.3417010909858892,1
0.7735714824686328,1
0.6515038395638169,1
-0.7394265722911727,1
-0.6562750313701133,1
-0.6433995560129664,1
0.7096666123162494,1
0.4325006841627,1
-1.023195471889987,1
-1.1906769237482908,1
0.11768826001756406,1
0.8923272137609412,1
-0.14763200365625712,1
-0.5605315168394818,1
-0.07073582681857515,1
0.11902214498537962,1
0.1511117591864386,1
0.2543018892053799,1
-0.5811480074491008,1
-0.24954589627824536,1
-2.3489972146191382,1
-1.6256558585655372,1
-1.5915843749282046,1
-1.0059656344358467,1
-1.602690040317932,1
0.15478739913004075,1
1.5479702366197807,1
0.324604865293538,1
1.2451664770306834,1
-0.8822356371080923,1
-1.2159113609531715,1
0.8126337658826707,1
0.5728426486849474,1
-0.06821203800113822,1
0.9590485773651344,1
-1.431025136699945,1
1.6149760009572385,1
1.4203808511126985,1
1.398331952222118,1
0.695143498495192,1
-0.8286086757850731,1
-1.7149019422498517,1
1.3090370021952986,1
0.7258221519812166,1
0.6565679537139799,1
-0.9628160014085562,1
-0.7892310011185163,1
0.1097099436207403,1
1.1606040225725207,1
0.7943117231634214,1
-1.5176532084779588,1
-1.1465804845085472,1
-2.778328674614135,1
-0.8933502946241886,1
-1.5450292488380428,1
-0.4366631387958431,1
1.8725102454171998,1
0.6319827309859164,1
-0.5650294400392852,1
-0.03150314625348417,1
-0.45606575418188366,1
-0.31774159326821344,1
-0.48136014323980214,1
-1.0219504060878237,1
0.17486327471822913,1
0.7221864702718641,1
-0.5428240835183092,1
-1.4604253742547446,1
-1.5026749364745562,1
-0.7923048330722456,1
-1.5120525677395538,1
1.1370482377761628,1
-0.1559317421933257,1
-1.382577743352398,1
0.7868066608899942,1
0.40850370600771513,1
0.11365015929833112,1
0.5649236697949691,1
0.6686192850191728,1
0.2545567391110699,1
-0.7077046726704475,1
-0.30357369228949804,1
0.40029965299183473,1
-0.21917940904494224,1
1.0041714520846554,1
-0.515083535323094,1
-0.2308400772930219,1
-0.5166470164538854,1
0.8983118073524972,1
0.04450115676967778,1
0.23131123897865694,1
-0.5200559932852036,1
-0.04187039285538021,1
-0.9219177637792343,1
-0.6246938682150323,1
0.8351023036364059,1
0.3973982576225997,1
0.8796619195212473,1
1.0138551473157622,1
-1.3711979125715288,1
-0.9604955019156421,1
0.6192997413134356,1
0.5443424290224556,1
0.3607748381391124,1
0.7796579577142072,1
-1.5348500901664803,1
1.2385788819066639,1
-0.3902329193741634,2
0.529671923181555,2
-0.42905394282905857,2
-0.9808583302084045,2
-0.9712075265931717,2
0.15022531466002037,2
-1.4027330202345771,2
0.3854230567128874,2
-1.4169531690780897,2
1.8850033834518827,2
0.6045347522449837,2
-0.4868072215993414,2
1.6179477639238746,2
0.25876571318295194,2
1.2886763049583088,2
0.29522599128197347,2
0.5525239497915565,2
-0.42945026920154167,2
-2.1185455960544237,2
-0.8822763124411682,2
1.4410265704299996,2
1.5713078723374923,2
0.16186045687945685,2
1.576745808277085,2
-0.8714082842286196,2
-1.2355121979731525,2
-0.6700857007664099,2
0.4472354606540772,1
0.280980408445628,1
1.1697424695751055,1
0.28939300092318615,1
0.6308037189714216,1
-1.3616474778078616,1
-1.490278872683514,1
1.2726631755511058,1
1.3903249129502364,1
0.275052678280604,1
-1.316364156822379,1
-0.006834899630451421,1
-0.7381424724060666,1
-0.026446673229468896,1
1.132008328321559,1
-1.0080168882253748,1
-0.1699578206639388,1
-0.3768622506055463,1
-0.6976917818158433,1
2.149263024416513,1
-0.07147016036736974,1
-0.2702175197360193,1
1.7605596268286616,1
0.03495580203801586,1
-0.922624277354833,1
0.12119318111938776,1
-0.354372041241559,1
-0.6916183903708641,1
0.2113856237641537,1
-0.7355951433095904,1
-1.0319687433078244,1
-1.8349732716263323,1
0.19142027748674917,1
-1.009813801853624,1
1.5986999301546143,1
-1.3514315312507603,1
-0.36473929544897427,1
0.14421254661572872,1
0.484094177133619,1
0.42153754855387654,1
0.659484748864742,1
-0.9175325109511335,1
-0.42628480422874954,1
-2.1975321104407954,1
-0.17640299599316142,1
-0.8887209155771286,1
0.4712788004279035,1
-0.8652877660036019,1
-0.12183646573705195,1
-1.043482119873652,1
1.9094458887904944,1
1.2577277197449301,1
-1.556596633145692,1
-1.2980269665657047,1
-0.7788632988736918,1
-1.678587863056168,1
0.7417470849051805,1
1.2072476269632315,1
1.500627011799689,1
0.22691468802161677,1
-0.873642144117901,1
-1.119950532229921,1
1.001276286177866,1
0.7349934408483526,1
-0.683795964324574,1
0.7130338057104687,1
0.21611744353324622,1
-2.248261481017124,1
0.6021555293750852,1
0.1315234005625864,1
-0.9156661492711721,1
-0.29192122771757173,1
0.5564014803852858,1
0.22999726808008542,1
0.08322921054413057,1
-0.9819898657338675,1
0.4760027417754632,1
1.4499815248594217,1
0.9838632821603042,1
0.07153536703273855,1
-1.745264158956546,1
0.9720540349960463,1
0.874657238590285,1
1.6467941257022016,1
0.17774676759603883,1
-1.0230171640009624,1
0.8583225410192423,1
1.21112495766421,1
-1.6892125259911337,1
-1.0439015148527229,1
1.3793278835777447,1
0.2993955463074363,1
-0.9355883734502422,1
1.5070424456851346,1
-1.5174140293074774,1
-1.697149886568122,1
-1.2331981292522216,1
0.5418293473473154,1
0.11125840109640225,1
-1.3677785105437517,1
-1.3989646687393587,1
0.13502505293790773,1
0.3412277400149681,1
-0.8131403699701436,1
-0.2829915259911296,1
-0.39701598464992105,1
-1.2660048417931637,1
-0.74286913503395,1
1.648419829520067,1
-1.4036285680021694,1
-0.9336917808711195,1
-0.7900989703864205,1
-1.0153188989748407,1
-0.01446578878754574,1
-0.1788618878482828,1
-1.0974367910001748,1
2.364380217521422,1
0.20492779842569708,1
1.6269548057835566,1
0.7889511493102347,1
-0.2534778183974413,1
-0.636382065035575,1
-0.924435610310975,1
-0.22766517218419363,1
-0.7685411301460904,1
-1.8628297181649034,1
0.9245989678272745,1
-0.8178969691200654,1
0.6286416920547546,1
-1.2083607800924547,1
-1.5490447258771898,1
1.1329996398400308,1
1.0220120996740236,1
-0.7606708553596373,1
-0.37982683296810404,1
-0.2792888599704447,1
0.2251902904249036,1
0.42112583152653005,1
0.06134423094433139,1
0.13653863179200224,1
0.8292370966404516,1
0.951099302497674,1
-0.1045906626053831,1
-2.3363403956051876,1
-1.6991062037273708,1
0.015194465315687036,1
-0.829085792683965,1
2.0947884600217965,1
0.4438330796253397,1
2.9397135336453704,1
0.2684136007800435,1
0.48470562612092455,1
0.7078095040012342,1
-1.7317058201880495,1
-0.47132216565111723,1
0.1363902787622507,1
-0.5218478130766261,1
0.29246733687416737,1
0.26293766237193644,1
-0.7377248863669025,1
-1.2953152507595656,1
-0.6991175503360242,1
-1.2843283415280282,1
0.016306630616113576,1
1.646460649328928,1
-1.493111418093553,1
1.3510336339181848,1
-0.4874897676539009,1
-2.5314066342765322,1
-1.2172882253207542,1
-1.0921320385132562,1
-0.9969451375150737,1
0.23213896691892855,1
0.017516101973154716,1
1.1797954737627236,1
0.8702005077532359,1
-0.943938615984744,1
-1.7323456019825052,1
-0.9160521736895698,1
-0.6189179128841605,1
0.06220053886441553,1
0.6812839309629724,1
1.079629023309797,1
0.4338829812274273,1
-2.144855982866498,1
0.7185929364711,1
-0.7467583904097114,1
1.116748965393268,1
0.01393479025098117,1
-0.3035824231895982,1
0.08943974009501339,1
-0.9594627823598922,1
0.3910776643500869,1
0.6201872757426878,1
0.8045516205932912,1
-1.8641510421633838,1
1.9378386237756098,1
0.3867943339978181,1
-0.4481718141157156,1
-2.415850772349287,1
-0.4642086317015942,1
-0.5563480953938412,1
-0.48523930457635883,1
-0.6263931628065085,1
-0.10923024598920232,1
-0.03603988211989107,1
0.9426816681366231,1
-0.5611996235963119,1
-0.6623477196963593,1
-1.2602463704961977,1
0.7089659528187601,1
-0.10677060027525088,1
-0.030316999885916636,1
-0.6453948999565989,1
1.4350745165197,1
-1.1939746997945784,1
-1.406164887466431,1
1.6109562863930473,1
0.001692784013068371,1
0.28605207626755247,1
-0.550255014004615,1
-0.11544542183165649,1
1.1236953807752976,1
0.35894401826912636,1
-1.0650811964208928,1
-1.3470535186491222,1
-0.4125289726355723,1
0.7857284299885552,1
0.47280127823949375,1
-0.7645048011577217,1
-1.06806591862364,1
0.7422566625100587,1
0.46512751581071654,1
-0.035018696959717634,1
-0.5084675343025908,1
-0.43940781063374684,1
-0.9109943994132877,1
0.8543998222070597,1
0.07657013169189167,1
0.6520696064819989,1
-0.28832578196466213,1
1.1804117250409463,1
0.40696310428178006,1
-0.32501974611253764,2
-1.0290968692729414,2
-0.4922343356574595,2
1.084050670840207,2
-0.30079779996467315,2
-0.7826954209622177,2
0.31763862757670563,2
0.385602786082183,2
1.242920943632706,2
0.907043398442921,2
0.6469302416492935,2
0.0016542880497779336,2
-1.2002809775284677,2
0.323517412091417,2
-0.5893972528535331,2
-0.4966748018877376,2
-0.9516500467807524,1
1.0435382222322753,1
0.7463301597822275,1
-0.3711757509371345,1
1.6109380052789515,1
0.44607180336960695,1
-0.7416533036093155,1
1.04474677980541,1
-0.2875066492450113,1
-1.9273797672135817,1
-0.006069687719737932,1
0.747774005795734,1
0.579285889951281,1
-0.6659981370725174,1
-0.7581448301337774,1
-1.1412691906889596,1
0.48085760611670997,1
-0.5606594927722702,1
1.005475829649965,1
0.7770161193676813,1
-0.0050713689409499245,1
0.5279328449657048,1
-1.965072226535843,1
0.5883525636576378,1
0.7153316548048696,1
-0.6100051816790364,1
-1.3869321441253268,1
0.5490051303273756,1
-0.8485998531431053,1
1.0801783748559306,1
-0.4692171634953105,1
-0.9106076617538144,1
-0.37076541796061047,1
-1.7206297565091764,1
0.1365881522954369,1
0.18373355146633913,1
0.7121956401466579,1
-2.042962600404223,1
-1.6649117547885606,1
0.2782025247057818,1
2.023518089578758,1
-0.9618904390509739,1
-0.11801868582281955,1
0.06846054563204311,1
-1.0679805994666978,1
-0.6448407316132765,1
-0.4355470590481047,1
0.3689728310775501,1
-0.3650042926283355,1
1.0637318941528,1
-0.5582148173605865,1
-1.144251841755034,1
1.3732663294903906,1
0.07489714752894021,1
0.46355309352859325,1
-0.047949836726455995,1
0.21000062034534656,1
-1.5141196110182367,1
-2.6275303409795634,1
-0.06669771630033983,1
0.01748374371953079,1
1.2596485917109623,1
-1.5273999888671852,1
0.2733282315352049,1
1.0528399349386686,1
0.4825950692844236,1
0.7505132017964213,1
0.805913944626829,1
0.6135191537352109,1
0.3478636254402119,1
0.46701804638028976,1
-0.022182837619494463,1
0.4492402936139854,1
1.5356988109740466,1
1.207953547018153,1
-0.4863020448074492,1
0.5480491527800617,1
1.0416432027806808,1
-0.7680462458510086,1
0.4328409828396466,1
-1.058634546693507,1
-0.9179920064045549,1
1.6604947102264158,1
-0.9442984088444532,1
-0.8834706626774604,1
-0.6162507199974517,1
-0.01672572534535422,1
-0.6579328227712768,1
0.10864089279745204,1
0.2804577396496939,1
-1.2410001023121324,1
1.3297865814708614,1
0.6832075375582205,1
0.5047174290013752,1
-0.027172930276563947,1
0.5113108149186191,1
0.34337530839481784,1
-1.1568758210315884,1
0.354535926603779,1
-1.056333969913585,1
0.8842946722210187,1
0.7038760376403836,1
0.4262500405113633,1
-1.0171493328491634,1
0.5499545736014476,1
0.49679092262349217,1
0.38335478190346856,1
0.5479639839549691,1
1.154676259143777,1
0.9477343394594705,1
0.1826410209403805,1
0.9783480975296174,1
-0.2304539566638921,1
-0.661680575610836,1
0.18359621122749364,1
0.9393179902343508,1
-0.11725215378706198,1
0.6344591379396934,1
-1.5805576774691312,1
1.5309143503737344,1
0.2564805823673014,1
0.47121285465127655,1
-1.2172653899880854,1
-0.6065382313481077,1
0.25487529971880485,1
1.1329535990261608,1
-0.023305301451736312,1
-0.08846795577754216,1
0.7830828606805211,1
1.3553335875880195,1
1.217474161683528,1
-0.22050494686614294,1
-1.0598518211588546,1
1.2438722519433099,1
0.40976379161623355,1
-0.4322439352843067,1
-0.9258882620519778,1
0.5595233728749579,1
1.6597149192584533,1
0.3837442279130827,1
0.8451615696335499,1
1.326771215619985,1
-0.4148247115979265,1
-0.8394654606267576,1
-0.2558722210598829,1
2.2123678324202785,1
0.3455443320397101,1
-0.011240045277482315,1
-0.3647638723337391,1
0.541090351628521,1
0.35746150268875543,1
-0.8901886069580985,1
-0.025616466504257595,1
1.1504318641812084,1
-1.567905467495219,1
1.1843741951675923,1
-2.716072940753301,1
0.5010095655342606,1
-0.15701577066307176,1
0.9425109311026577,1
-0.09649410435742072,1
0.40787063967959675,1
-1.0865798357442609,1
-1.0309471603041802,1
-0.08249101103102016,1
0.08152895754886881,1
-0.9019524740517544,1
0.35180778670377316,1
-0.59962324156596,1
0.9316674180831376,1
0.3579561857837799,1
-0.5635816819930044,1
0.5180854519732377,1
1.043092323990601,1
-0.3518322292861951,1
1.7205021226853061,1
-0.07237774912689399,1
0.12769137556536722,1
-0.32092431612314326,1
-0.8461676979796804,1
0.22508928829374783,1
-1.89458680521015,1
0.8687032283052816,1
-0.6929968899452676,1
-0.15798355914971435,1
1.052798339797201,1
-0.32822182579397885,1
0.7869506559251751,1
-1.0587977414617635,1
1.4451297153437241,1
0.09509910152036169,1
0.416868145453181,1
0.5675497691540595,1
-0.6265550008624239,1
-2.576630195040468,1
-0.23045245593345157,1
1.5238673575978872,1
1.428823647131873,1
-0.8685450322403687,1
1.5779079633485367,1
-0.9350871221544786,1
0.5347524938609556,1
1.0444791321705704,1
3.0964985462405865,1
0.8375863222544018,1
1.3619640172807377,1
0.4694878982014477,1
-0.4173469932145656,1
-0.08741779876544624,1
0.4632478958561363,1
0.7005392770098458,1
0.11629537082626207,1
0.6724861985667365,1
0.5456049279866404,1
-0.33808209995216515,1
0.7219425592941425,1
-0.6164827477163507,1
0.44787422615628714,1
-0.8286110386123434,1
-2.080307269274466,1
0.6112253911362192,1
0.25143557356383917,1
-0.103523859801457,1
-0.6368037736677818,1
-0.9171372016345768,1
0.6605552536621971,1
0.2530038375858373,1
0.2229156267730341,1
-1.0523022401070379,1
0.40753906918827515,1
0.09905857669654784,1
-1.3252962740659164,1
-0.19202557999062292,1
0.9322765949578796,1
0.476610342326002,1
-1.06216874417572,1
-0.18832687492054742,1
-0.4190164773651227,1
0.18668962820320942,1
0.06995337384465536,1
0.9602268453905856,1
0.7781627784903016,1
-1.4538758603136537,1
-0.15134412541301978,1
0.21408693747275945,1
-0.5942101181451404,1
0.5633590379458912,1
-0.10936710489977103,1
-0.4946927219988762,1
-1.9547854672024425,1
1.2732376851039462,1
-1.1264390387060694,1
0.988292529247946,1
-0.1255593993044827,1
-0.5637943808341072,1
0.693768726079084,1
0.8904657242527004,1
1.0354608758814097,1
0.4796558353885896,1
-0.7724472112002884,1
0.04273133566743927,1
-0.22153643641124404,1
-0.6031402059766087,1
-0.5182912723253947,1
1.3106467299556679,1
-0.4401223519821802,1
0.6653198995854355,1
-0.8201946551561097,1
0.921231198081092,1
0.012577277217985483,1
-0.4103090425398557,1
1.4035283625925243,1
0.1261888041000733,1
1.536953024776943,1
0.9025017585481208,1
0.630001646008817,1
1.6555812624558406,1
0.09672145831206282,1
1.1053929523377806,1
0.1449008091854997,1
-0.0931105585847985,1
0.6014170648818317,1
0.868630400175653,1
1.1752056483501596,1
0.9610950034568191,1
-0.3177624740267534,1
0.17729688394326878,1
-1.0647073676892072,1
0.3874885183919386,1
1.3948770264162536,1
-0.19775660309697393,1
0.7563209575320787,1
2.4355875754463994,1
0.7136033272000972,1
0.6366974037872246,1
1.8269591295958278,1
-0.4912362109026288,1
1.098045135382273,1
-0.03522531406970622,1
0.32415149725309333,1
0.17403995450983561,1
0.9254293359824499,1
-1.603757863772438,1
-0.9472673715229518,1
1.2798294361477092,1
0.6171334852460074,1
0.2461745824849505,1
-0.09017671969322258,1
-1.1720183620264142,1
-0.6588483210410053,1
-2.464139898081393,1
1.443541363348697,1
0.30822479111820944,1
0.5409648040960464,1
0.7472859032172323,1
1.194540898007423,1
-0.35309387263412223,1
-0.3471267563924388,1
-1.6843601614827592,1
0.5936263286082617,1
-1.4229944675361792,1
0.8401819801293107,1
-0.7568344630769881,1
-1.0097923115536105,1
-0.5812408832434318,1
0.2559594943336078,1
-1.7087920738491276,1
-0.8231328465701754,1
0.05891833909349659,1
0.02019225548132118,1
-0.10871730443708028,1
-1.0922088247397919,1
-0.36964617515372844,1
0.4658448500889645,1
1.1566236565430477,1
1.8719243982540128,1
0.5125199517626775,1
-1.0206095362990792,1
0.5549535124133133,1
-0.3766049067454907,1
2.0416775698762497,1
2.1767431080089703,1
-0.469722064115735,2
-0.7881337603597177,2
0.42129027351934567,2
-1.803430739365867,2
0.22429385537812463,2
0.5446327077495468,2
0.07888813313604999,2
0.6391194664244082,2
-0.22552965433833994,2
-0.6595149497199874,2
-1.5953884527212177,2
0.5997253495698217,2
-0.6440484081302478,2
0.5361316395593196,2
-0.9376121414329218,2
-1.593651165196412,2
0.4785700324139145,2
-0.7030843609283844,2
0.3664970655908356,2
0.9157897201030577,2
-1.1066345439003604,2
-1.2504150735826918,2
0.7912644148725321,2
-2.1139418569722066,1
1.1961179964711428,1
1.5150023647718132,1
-0.16518193410710705,1
1.8252272685041024,1
-0.2552772153787356,1
-0.46102096027862044,1
-1.5612826906042359,1
0.29626658441988785,1
-0.043298475650358846,1
0.2317066448899227,1
-0.8426285280721918,1
1.0361421813018519,1
0.5675869175400254,1
1.4349144083265355,1
0.04008888962820554,1
-0.6908835609621974,1
-2.009123579812696,1
-1.2384604259717227,1
0.38673303965830996,1
1.0514512857305074,1
0.23084417079960473,1
-1.330784547098688,1
1.3158429328675676,1
0.5814395425507087,1
0.3317581625223899,1
1.28402363244972,1
-0.8953546714009425,1
2.3458692839458344,1
1.3431353378481412,1
0.8978270435932464,1
-1.7464443581959337,1
-0.1594940242599575,1
1.4840821710660248,1
0.4485209696361699,1
-0.700013500751384,1
-0.6905250424876067,1
-0.15682351337019992,1
-2.0871674121590944,1
-0.7495319859804082,1
0.13226875025205573,1
1.1736728008989523,1
-0.5110592522659408,1
-0.1084837008871875,1
-2.050667591576076,1
0.38877997313031853,1
-1.5588171305545722,1
0.7782860085154244,1
0.46337051396051315,1
-1.2532789430104447,1
-0.770224154972809,1
-0.04262297614944669,1
0.8325096222548911,1
-1.6155856643886413,1
-1.8588814419616067,1
0.6974216219558576,1
2.358219318263869,1
0.08972458446687599,2
-0.16828849081241018,2
-1.4250906014006595,2
0.08061076436955703,2
0.28788126846269724,2
-0.3534880674021901,2
0.44110380970101504,2
-0.3462727222851543,2
0.5602750723038652,2
0.7961019570142014,2
-0.33297593960332716,2
-0.2854393815853994,2
-1.2160225204981627,2
0.030157506294869584,2
1.836035505006786,2
1.01874485294756,2
0.5002849926652382,2
-0.2587847887055244,2
2.035899883326252,2
0.6245403478179321,2
1.0501865431589648,2
-1.0828617934745608,2
0.5206586476841337,2
1.1095129337948055,2
-0.16218261409318707,2
-1.0575379661787603,2
-1.8053505601597795,2
0.1276560723082048,2
1.1068991204486964,2
-1.4640137670784281,2
0.08791782666357052,2
0.8257525390439157,2
0.9684592052254122,2
-0.16458430947907243,2
-1.412097357681055,2
0.3315598472084248,2
0.18789231258845207,2
1.0680014571118668,2
-0.7357327076473826,2
0.13423024359140556,2
0.26852879238191724,2
-0.03143596759589881,2
-0.009548072917160422,2
-1.5372129852197907,2
0.12058249726427013,2
-0.8393877236300777,2
0.6967355714357156,2
0.6918702961486792,2
-0.7825989428530838,2
1.0736987371417723,2
1.342796508365591,2
0.06094715791804971,2
-0.33523415052730393,2
0.3625174536560147,2
-0.8452715623560135,2
-1.4271663190422925,2
0.9154601635904557,2
-0.6093605981269039,2
-1.0519294896919622,2
-1.460721014548055,2
0.3489038018733773,2
1.4441548541778977,2
1.5264534138201928,2
-0.20531903484424527,2
0.18667048952980106,2
1.2141630572498219,2
-0.34745794950087305,2
0.21641814020880115,2
-0.14963890678247363,2
0.44514011497618117,2
-0.004656989983552363,2
-0.39001318152672637,2
0.7469379442428657,2
-0.2357501710875323,1
0.7518201734548214,1
0.5942219292642775,1
-0.7907386902354286,1
0.9566265592324418,1
2.678018215454615,1
0.03613050670424952,1
0.27378177823663213,1
1.3204101052925832,1
0.1311925006409514,1
0.36622413445887636,1
-0.9798992617199827,1
0.48644576838137404,1
0.9832541100274302,1
-0.40157024681249986,1
0.6865609226432461,1
-0.1848389726477415,1
-0.4989330405277781,1
-1.3676363721778553,1
0.5010116352962289,1
1.604445159211264,1
-0.12963768717189098,1
-0.0843936387907627,1
-0.42507525220697623,1
-1.7892387320748886,1
0.8875675788980929,1
1.6500654945215336,1
0.4731827467000568,1
-0.9128535975571875,1
-1.340869048563864,1
-0.3158354015857819,1
0.8010364923717413,1
-1.398612597875164,1
0.7572305499875583,1
0.3747742036288668,1
1.741304603873382,1
1.4165392109032386,1
1.0059093050310255,2
0.5389196391651603,2
-0.1213501654175967,2
-1.7522933215405363,2
0.8320252621436937,2
0.3141829345276863,2
0.3835872936987295,2
0.5583166653921683,2
0.6081918284260088,2
0.7219688919636507,2
0.3334545255607822,2
2.6649872985353933,2
0.8644382231237444,2
-0.8420336985824295,2
-0.9589048798778685,2
0.01909954829455807,2
-0.269287499787552,2
1.2933746297607622,2
-0.7881462537916772,2
-0.3045248480810507,2
-0.300319493676662,2
-0.7146382584695995,2
-0.7865598390884656,2
-0.2622941926826922,2
0.15135525524184465,2
0.09430862166333105,2
-0.44075869524572076,2
-1.3388717631683575,2
-1.3963067521462071,2
1.388511310094333,2
0.25820415827656185,2
0.4659140528897859,2
-0.4450557880605221,2
0.1944495039255941,2
-1.443658279672795,2
-0.7398895607396042,2
0.9058238504498777,2
0.7847562114261641,2
0.17226717925241317,2
0.44097721945944224,2
0.4276267597381731,2
0.4122358634259172,2
1.3080864063287776,2
1.8764878545461257,2
-0.26444185285437755,2
-0.3152065843110689,2
-1.6068186598295995,2
-1.3367841628116728,2
-1.4875393613227275,2
-0.15957594124658775,2
0.2444110446236227,2
-0.3693082022724136,2
0.914636011389899,2
-1.1764187050263697,2
-1.7890458584783024,2
0.2726538562529124,2
1.6390281341257904,2
0.22717116256686937,2
-0.4306354168557145,2
-0.7003527958522645,2
0.0969837946147456,2
0.05280558419214696,2
0.8707432922310573,2
0.051232670976119846,2
-0.6534477272476608,2
-0.8183883074461112,2
0.3293610767796946,2
0.1769431710063659,2
0.6799262818758269,2
0.2973327330224273,2
-0.03272832031778418,2
1.2456661796555553,2
-1.1574476106527911,2
0.15975463006860827,2
-0.3027606101037498,2
0.2302355207802933,2
-0.4035733126166309,2
-0.18021270082175278,2
0.24003136394653682,2
1.8948803080839995,2
-0.21556520632789117,2
-1.2110349184010776,2
0.8461442951315273,2
1.1344040364924186,1
0.20300586556567277,1
-0.7177585238025981,1
0.51369473456476,1
-1.4908588500070166,1
0.0666819889377114,1
-0.09693038777997211,1
-1.7000886077198294,1
0.06207821602772547,1
0.5354481397405957,1
0.31565772217798166,1
0.9726286008803685,1
0.9767320755399731,1
-1.181383471649002,1
0.8432901943261781,1
-1.0622352496420036,1
-1.3611619238039767,1
0.37432519895251914,1
-1.3532027176179398,1
0.5831039834238673,1
1.6885982897243839,1
0.0005221923217603539,1
-0.5121452359372164,1
-0.975655079927844,1
-1.83340875115987,1
-0.6768671737695585,1
-0.488342232133423,1
-0.6081474621181759,1
0.6586988842105493,1
1.0265992335642111,1
-0.6497266187898173,1
0.3732197236254761,1
0.0461580187759833,1
1.9922076188262652,1
0.7279662870935218,1
-1.7536548692414848,1
-0.5556535580061954,1
-0.8943387596253549,1
-1.77535114448873,1
0.35982562559797454,1
1.590483703946916,1
0.9551656946266988,1
0.8150889269729746,1
0.23870808299967272,1
0.7100272998855153,1
-0.050772842005713414,1
1.6040510234822616,1
1.0369570649788367,1
0.796785419755743,1
0.511006050088057,1
0.09951770888007844,1
-0.21653042338531106,1
0.36858864958873766,1
0.007588081333078795,1
0.4241513500876391,1
-1.2745036298800603,1
-1.8830896781857067,1
0.11905224812245134,1
0.6169223444634264,1
-0.6987585646548403,1
-0.45530204122932993,1
0.9320098030799088,1
-0.08668348656286133,1
-0.1285321975693529,1
0.1911633202059965,1
0.9575754492565808,1
1.0925969397737587,1
-1.4006844239011442,1
0.9649493024544502,1
1.4986650487017579,1
0.5279839584680918,1
-0.7015023249720105,1
-0.3353507235534627,1
1.6685460059095159,1
0.9020840714743756,1
1.4690269338068105,1
-0.255102221824181,1
-0.21911474201534276,1
0.48957561315296694,1
-0.6399844775986447,1
-0.9519699520364568,1
2.236828392170503,1
0.5153741541006566,1
0.438146155346578,1
1.7677014837227596,1
0.8151238507946578,1
0.3267039555770999,1
-1.296924980767219,1
-0.475525042549174,1
0.8257291442960196,1
0.681846499246491,1
0.30362535358853343,1
0.6899527907890876,1
0.6020301216237562,1
-0.5631651983597666,1
0.18725282244388197,1
0.8436292358986105,1
-0.026960161298420323,1
2.5174301754969677,1
-0.06430804487113172,1
0.13606282638471395,1
-0.5748132272247618,1
-0.6370737841361014,1
-0.4943361745870386,1
-0.27032809026513843,1
-0.6100898760145581,1
-0.8840904023619318,1
-0.2632157041100828,1
-2.8171594928118546,1
-1.5798377670599701,1
-2.0509866760244626,1
0.5818091522409203,2
-0.6599313497705844,2
-0.4415835727876308,2
1.1083530413880218,2
0.4743745736468857,2
0.2517166708799454,2
-0.558624631983794,2
-0.280525671247134,2
-0.11007423464387624,2
0.33395727492135313,2
0.20656328859442247,2
-0.7820124901581652,2
0.655695349407773,2
-0.9374909491665555,2
-0.7754809435338352,2
0.7027691605384407,2
-1.6092442256930617,2
-0.035602461443952176,2
1.834289145439744,2
0.8324750106410878,2
0.042527124161329234,2
1.5616091627841178,2
-0.2561258632248658,2
-0.10380032694566246,2
-0.17103450823424804,2
1.1320164399032902,2
0.23265116563756974,2
0.6228836155238727,2
-0.29948169597998253,2
-0.19113318632140186,2
0.20960468079953465,2
-0.6060896387722997,2
0.4608085657791764,2
-1.1699562837224577,2
-0.15012306676709836,2
0.6457056569642435,2
-0.2481378746720695,2
1.1205584975793286,2
-0.1831266838445931,2
2.183675428399859,2
-0.3676131585831538,2
-0.06535602674813124,2
0.31854682495792186,2
0.30463516476047514,2
-1.36935837564944,2
-0.8694614839630428,2
0.046296691954357774,2
1.1992092889172996,2
0.12104221771433372,2
0.12213650411750647,2
-0.038308343816533655,2
-0.35269190438868053,2
0.07617567151354993,2
0.24375278915384832,2
0.07180656880939516,2
-0.5447694758453783,2
0.48833509028108,2
-0.28464252914360216,2
-1.0594113152762847,2
0.0345848788443256,2
0.973833152602229,2
-0.3524447712398247,2
0.582740633944229,2
0.8942088568488733,2
-0.8011116430214917,2
-0.23748316113818987,2
1.1677377228502344,1
-1.113725637926352,1
0.24586776300577506,1
0.5162652544094561,1
-1.6151353273435007,1
1.2943440418027958,1
-0.3055690289235861,1
-0.9186763707905724,1
0.5992638820890104,1
-0.5921923887814285,1
-1.0394937356398124,1
0.36803174353582635,1
-0.5460422949892997,1
1.667691243147929,1
-1.3589646956677082,1
0.4169020046268576,1
0.5659342953647963,1
0.481359460601811,1
0.41557966906631566,1
-1.8954746219983185,1
-0.7523525534543124,1
0.038821214195239415,1
-0.20457362693489498,1
1.8010775497379266,1
-1.111514603989374,1
-0.816211940742122,1
1.5437811109292365,1
0.489923561959914,1
0.6058726338199376,1
-0.777154957751367,1
-2.0592141866104976,1
0.17324429781999057,1
-0.46450354820104944,1
1.7374420086629192,1
-0.28468233207962623,1
-0.2542205089612292,1
0.243402165213312,1
-0.11858112072160405,1
2.03692956467858,1
-0.7908330637485811,1
-0.1887267148935674,1
1.1261897400062977,1
0.7653216643268651,1
-1.1805466788780816,1
0.13761528546632962,1
-0.6024822316963899,1
-1.3224567582112734,1
-0.8682856361982788,1
-1.300601467146594,1
-1.4128373740487636,1
-2.373004753885823,1
-1.235964852333499,1
-0.03933624922924107,1
0.5164357344106819,1
1.2511269517712627,1
0.0620106085529921,1
-1.656079453329295,1
1.0896115288651784,1
-1.7081243669281594,1
-2.0521239580981057,1
0.8884289122255093,1
1.5856460504940642,1
-1.057193488305209,1
-1.046151494256129,1
0.3739855505694031,1
1.3087316910192786,1
-0.3359490180835693,1
-0.6795274019232862,1
0.07355589780503663,1
-0.6323760590706142,1
1.9244145200210234,1
-0.0008528347288760565,1
-1.2601882779457452,1
-0.7489575144078915,1
-0.31738001748745936,1
-0.438305739905109,1
0.09410681601045016,1
-1.0420284859556561,1
0.3223197831525252,1
-1.890779590270349,1
-0.3297278881406405,1
-0.44229933103612434,1
-0.8951540747022217,1
-0.43335558332295365,1
-0.629812801739217,1
0.5286488157409598,1
-1.3269608746183832,1
-0.19734706742211933,1
-2.037855928313108,1
-1.091786233141231,1
0.4735896513315249,1
0.12362515598806721,1
-0.7791165235127286,1
-1.6084509515088887,1
2.0158406578232753,1
1.124551092113441,1
1.8157353762173774,1
0.22291963434598167,1
2.7364565624113295,1
0.4857730180225529,1
-0.16413657604111784,1
0.9407758653451199,1
-0.5089355540891374,1
-1.2652224896055897,1
-0.9310827640673058,1
0.1732913974297381,1
0.308682610181959,1
0.6914814051347684,1
0.08426250581909149,1
0.1632032746410828,1
0.822862407946579,1
-0.5632304539102037,1
-0.23507233029137667,1
0.30819668328643324,2
0.7950256372543562,2
0.9664804713434278,2
0.31023341263528165,2
1.6658029455027248,2
0.42126537403041603,2
0.9886586013303421,2
-0.1434468121509121,2
1.67393361573448,2
-0.11337770153440155,2
0.6568109450561141,2
0.21269473281422918,2
0.7063933629398372,2
0.2383018826064653,2
0.30046176086660537,2
0.18458699739226836,2
-1.2277925221602288,2
-0.9949313331087978,1
0.29062315479570927,1
-0.31263091861319786,1
-0.963599241469496,1
1.0591574612829873,1
-1.8591919088344435,1
-1.0293527262258995,1
1.138153092806636,1
-0.7605140445678177,1
0.887033107355102,1
-0.16678302614108237,1
-0.31501590660245565,1
-0.518737631281485,1
-0.5748549113999892,1
0.5465287741776034,1
-0.40235924489681574,1
-0.8757143351943274,1
0.603969833048002,1
0.008304425715097857,1
-1.616864873608219,1
-1.2460623627236693,1
0.017363815409737273,1
0.9725467101781704,1
-0.39539838128629984,1
-0.7300769443222197,1
0.9710809810548028,1
0.19336183200064216,1
2.2095763840833977,1
1.2476632195026114,1
-0.08187114747417483,1
0.6189882608430131,1
-0.9490713826997772,1
-0.45238617653394025,1
2.211149844851946,1
-0.9629114525231064,1
-1.5318433982200714,1
-0.24910779992636317,1
1.2269150696626172,1
-2.4310331691013363,1
-0.9458328747724586,1
-0.7544820296190029,1
1.2858588633101502,1
-0.7417011414563525,1
-0.4822213677727889,1
-1.3885126150855511,1
-0.08347548430496568,1
0.2008494088991645,1
-0.04693239376599271,1
-0.9880123797242863,1
0.6355659561092929,1
-0.2518704368641292,1
-1.1285554068975168,1
-0.3809331341336853,1
-0.46887296834294223,1
0.6844255252465368,1
0.9428803136251059,1
-0.43812159321830674,1
1.0590610776014204,1
0.23548210027595015,1
-0.962061810687877,1
0.14402526642634966,1
0.09395188566012506,1
-1.118967167136258,1
0.3544328018652861,1
0.14959914762666934,1
0.9999687221101865,1
0.15368005108168342,1
-0.9967056306966218,1
1.14005169532534,1
-1.2552340358968357,1
0.9126279399952302,1
0.3927632352592234,1
-0.5518077331978587,1
0.6416148710009144,1
0.4156672785931023,1
-1.0765422908027977,1
-0.374330463769638,1
0.04744145391326988,1
0.37119321594604193,1
0.48738167863618675,1
0.4663841881151536,1
0.034912650998922774,1
-0.3709728009375868,1
-0.5812542705349245,1
-1.3915391944633706,1
0.6308689130853848,1
0.11417892532666592,1
-0.7194261165620969,1
0.18700165665524723,1
0.5641256780335426,1
-1.2681375675513114,1
-0.8284229638396371,1
0.4348954923462212,1
-1.2607986130286848,1
0.1556121888000821,1
-0.3500413207590475,1
-0.4452168448523648,1
-0.7455157684732255,1
-0.45862616235094655,1
-0.1884892265001616,1
1.878530553779478,1
1.296397550089125,1
-1.1232176071036004,1
0.6012201387872772,1
0.4830269073476674,1
0.9345971757878181,1
2.0311956683910415,1
0.29825253618416814,1
2.8996284100248393,1
1.516512154360024,1
-0.6732781250040856,1
-1.1060638926921575,1
0.6061120824461206,1
-0.2586673288550454,1
1.3307348958102492,1
0.9327298096058969,1
-0.05311166102413252,1
-0.0020575172406369423,1
-0.7396013028602912,1
1.5330552060562268,1
-0.09427183039566074,1
-0.3051167484188436,1
0.8923281548669826,1
-0.4238820758129554,1
0.4074018846639217,1
0.8915009372644935,1
-0.4787653265026339,1
-0.45202455036631217,1
-0.83402034901636,1
-0.9772289703861835,1
0.19668417123182025,1
1.4978938542371694,1
-0.5047438953021411,1
0.2899735499228446,1
-1.0664996236755997,1
0.35152988675762364,1
0.6876429117234119,1
-0.3014901708173196,1
-0.7408850012639879,1
-0.6413328389245635,1
-0.4850873607685329,1
-0.6779469234014065,1
-0.1925815438202336,1
1.5100422062485857,1
1.3361846508560842,1
1.10838240993963,1
-0.48242604200853656,1
-1.2254484983806537,1
-1.2604257414993225,1
-0.5393717594111808,1
0.758324609064119,1
-0.13329420338770656,1
0.34697673770193965,1
0.5824626221243869,1
-0.36366124144994827,1
-0.8219740533744686,1
-0.16783145784082182,1
-0.34048704204788416,1
2.193858194233429,1
0.7018358085708004,1
0.5066169364631362,1
-1.6965339661237393,1
-0.5216746120073522,1
1.621556260577124,1
-1.1082854586570847,1
0.9450118029704018,1
0.4626529747885494,1
1.1912539944251759,1
-0.09771942087748653,1
1.37728929596511,1
-1.5156934477309714,1
-1.9499344526026807,1
-0.579924581582078,1
-0.7645182701881462,1
0.8061189116849258,1
0.9542896384250418,1
0.9117437963588029,1
0.35674664390196253,1
-0.258733121868768,1
0.4557831666565063,1
-0.4187698616114463,1
-0.4646314068376669,1
0.32736480911004484,1
-0.385453246983298,1
-1.3685185933179032,1
-0.3378773853607721,1
0.5876665862055289,1
-0.007569312940089731,1
0.8119187822806281,1
0.377747638573276,1
0.8092768015871895,1
1.3369642215543986,1
-0.664435904360097,1
-1.1934349258058037,1
-0.3863392786456297,1
-0.11782431091424,1
-0.2987668464203865,1
-0.757293387516366,1
-0.08220665252849411,1
-1.389353047506949,1
0.658745715470407,1
0.12008233068904069,1
1.1429039295021988,1
0.08559754227987804,1
-0.9590062773451001,1
-0.5126064847109152,1
-0.07138181570815452,1
1.1631530634061027,1
0.4452165325484548,1
-1.0715587222001832,1
0.34521989778285167,1
-0.43313894301321587,1
0.9373044263436997,1
1.63818416457811,1
-0.9303563627417026,1
1.0464092383998276,1
2.4275756793735734,1
1.7297760450103417,1
0.2102561095718552,1
0.3818315901767225,1
-0.2706319182495062,1
-0.5321293910377892,1
-0.7637470123102732,1
1.014265571624077,1
-0.6856231265134045,1
0.10153528655662855,1
1.2904115080001952,1
0.24834268956324385,1
0.07329933035525517,1
0.6270079093812888,1
-0.3517075578820466,1
-0.9720844978826019,1
-0.013217626369211184,1
0.5597092151644709,1
-0.39972834088964415,1
-0.8978951225355651,1
0.10705154606458317,1
0.9220308069024656,1
-0.7989814177779755,1
-0.44512925199308934,1
-0.01884019139501274,1
-0.30643519059888413,1
1.131743195441025,1
1.565220700677013,1
0.024767948967493313,1
0.6009933657513772,1
0.14777095630729914,1
-1.0037429132662914,1
-0.250974281120995,1
1.2207788670984066,1
0.5572539954405126,1
-0.3975590615180209,1
0.37744025646335805,1
-0.49199585503118043,1
1.5268608423900722,1
-0.30418718697064584,1
-0.032968927108400915,1
1.6572263150861002,1
1.6843078194059913,1
-0.3793302535368794,1
-0.14247433210194105,1
-0.3715409534421426,1
-1.1770993306191437,1
0.1798957572095218,1
0.11344837124496264,1
0.3820352880398115,1
1.525109328994905,1
0.6702816824852527,1
0.8590226040773692,1
0.07105328808873816,1
-0.8479020032542933,1
0.7900697308942682,1
0.16806800579185852,1
1.1320155373347425,1
0.8359448667283546,1
-0.9445430665991402,1
-0.20273924939647878,1
-1.0130622575198702,1
-0.7420160638242965,1
0.40614199089648373,1
1.5996535524485955,1
0.0018750626352234687,1
0.39409808970644405,1
0.9220013993131504,1
0.712306197310117,1
0.0902473824561088,1
-0.17894827571031513,1
0.4646953690947318,1
-0.29076057964055013,1
-0.9408066150404379,1
-0.509416776416039,1
0.5620243131564666,1
0.9566043608314136,1
0.3581058428717147,1
-0.2981496283264088,1
-1.256360748817256,1
0.972201395234671,1
-0.33733693575158863,1
0.19869878076933137,1
-0.06960248620844649,1
-0.26272388938232044,1
-1.3201537315078573,1
-0.05817862742536405,1
-0.5946998381512613,1
-0.23930927519335166,1
0.5205526256753038,1
-0.1552963322638238,1
1.3629974947013983,1
1.0272610594568075,1
0.4975670488481989,1
-0.7345589702278136,1
0.2728004688302784,1
1.180651204201203,1
0.12388415501017895,1
0.21350911526302813,1
0.8054424641380883,2
-0.8434733939977034,2
0.446476879986385,2
-0.3026511313282685,2
0.05052120093125324,2
-0.07512307604082512,2
-0.27282240342361164,2
1.044515160551725,2
-1.1310414456107376,2
1.4704999433788946,2
1.953356913042765,2
0.00872328685260515,2
-1.247374637577715,2
-0.10619248576640068,2
0.10050174224304019,2
-1.6443704481159558,2
-1.4499804058279817,2
0.38529238461306337,2
-1.9229093807079318,2
-1.4372948651511277,2
1.5054147764531944,2
0.4388594137984225,2
-0.7989383718821637,2
-0.4125746417562274,2
-0.585056661680095,2
1.2069700985916034,2
-1.3209606967744423,2
0.5768421811754495,2
-0.589118580694241,2
-0.6204033495282326,2
1.1920556813539067,2
-2.1750116854579233,2
0.3820163663054541,2
-0.12053952657262337,2
-0.01201209225937384,2
0.4060269464601195,2
-1.30819159075101,2
1.4405243125031724,2
-0.7454093890734498,2
-0.36704526305721674,2
1.0836082518435728,2
-0.3379448021599078,2
0.5004305343941963,2
1.408815341472852,2
-1.539462103349152,2
0.006035132928441818,2
-0.007916875300279838,2
-0.45595079267228134,2
0.1291665986818709,2
-3.1128347387827624,2
0.14075852482103057,2
1.1661978661853112,2
-0.3354520472919157,2
1.5331412462244198,2
-0.874422311109113,2
0.08880246476086694,2
0.40118564963563635,2
0.5488408173785108,2
-0.1322487522908218,2
-0.04066046783855828,2
1.1302718935316405,2
0.6274416160282366,2
-1.2817725104003352,2
0.4306675139695245,2
-0.5094007578833476,2
-0.4177229293416232,2
-0.46091777835375863,2
-0.43839520585243247,2
-0.3269396244927208,2
0.20050787057603423,2
-0.08589984929298629,1
-1.7783691271495101,1
-0.6944655702509561,1
-0.7991193158335127,1
-1.7670737051499534,1
-1.1612420052467916,1
1.473356730828855,1
-0.6528040960980451,2
-0.2809342908604401,2
-0.5074976448266311,2
0.325957049695224,2
0.38337597114062494,2
-0.5581374983793452,2
0.1072281555238436,2
-1.9444448707585509,2
-1.2228076504369076,2
-0.12438925257492196,2
-0.3259180068047314,2
0.7160867074178346,2
-0.7252802409850019,2
0.9300249662227782,2
-0.4112353534093243,2
-1.7351595600964087,2
-0.8938115243300652,2
-0.4006598726230598,2
0.9741243496941382,2
-2.627684912047555,2
0.33452637020292364,2
-0.004294114933773427,2
-0.18293482609739106,2
0.2686768900442051,2
-1.3914204308185472,2
0.4720306404027666,2
-0.5229710670757156,2
-0.09757897070122214,2
0.04949966140901029,2
-0.3250757041987259,2
-0.13377254599643146,2
-0.6665302286467365,2
-0.12191307632785393,2
-0.9504190995411097,2
-0.2516684970184068,2
-1.5175585555482378,2
1.4151534160769517,2
0.7793740226647403,2
0.5833455094473268,2
-1.5490062973026557,2
-0.6262048529137523,2
1.300278766319268,2
0.7500099725073849,2
0.3045431824533387,2
-0.08640078176353652,2
-0.8539852960815755,2
0.6272624531647483,2
0.4714082760735578,2
-1.2085277434501698,2
-0.3590318691893696,2
0.050780116318050045,2
0.8737106113506043,1
-0.693034872051921,1
1.3505687225881764,1
0.38252532417841734,1
-1.1499188097997106,1
-0.6779821869134054,1
1.3667556359771373,1
0.38568749354236215,1
-0.33337505800064693,1
-1.7837057596710542,1
-1.4293777982850195,1
0.43165144727223254,1
-1.3619417114434542,1
1.2719040312076393,1
0.9373576162239406,1
-1.4847801715127753,1
1.023405678722465,1
-1.6980704478161515,1
-0.594737675264491,1
0.5059575408206047,1
-1.9991397412903558,1
-0.7733510786221158,1
1.0411010930846958,1
-0.8290981027117343,1
-1.7732597921672473,1
-0.5195591747947773,1
-0.5139610990420764,1
-1.4155936945217351,1
-0.26843333790551094,1
-0.8072305988855664,1
-0.6751505946262909,1
-0.08765575341717485,1
0.6219284840902696,1
0.6259325685997359,1
-1.1007518717231841,1
-1.3062935188599727,1
-0.06081876179430699,1
0.5037160633957782,1
-1.0367020973045256,1
0.605310100950114,1
0.20075794026028893,1
-0.725310897427561,1
1.206883774596277,1
-3.1525310167171803,1
0.6497788472765003,1
1.772904337130945,1
-0.4649721170386543,1
1.068068717547536,1
-0.32921343692551247,1
-1.0260251563344907,1
0.8132063260604186,1
0.18162901687648164,1
-2.276281755305418,1
-0.8948248960722276,1
-1.0757513812353119,1
-0.49123600291784725,1
-0.6253924260312126,1
-0.5132887998162404,1
-1.3931222560935954,1
-0.0843619562024853,1
-0.9194334414085631,1
-1.5465259044149702,1
0.6468990672531684,1
-0.14201117741336586,1
0.8740098406448024,1
-0.07772790479234283,1
0.3582136109480809,1
-0.20502058435694945,1
-0.15892302598782834,1
-1.0206617400225209,1
-0.4327593946044914,1
1.6814450408642652,1
-1.067800642726631,1
0.43569184262755195,1
-0.08507217206233504,1
-0.22988175525811547,1
0.36806781368973984,1
1.3636525438856988,1
-0.12680252680589066,1
0.7492290177879335,1
0.5236408884628753,1
0.6500012881175493,1
-0.21496911677859457,1
-0.5247168292711403,1
0.4077738513923071,1
0.1452762585757887,1
0.44942064062105747,1
0.21202865380736902,1
-0.06931653159229556,1
0.43845462700442644,1
1.0625734160547764,1
-0.7793148318871402,1
-0.23977943754296946,1
-2.568780729021872,1
1.7457652201984075,1
0.7893214214625018,1
-0.4588332604013234,1
-0.46684272822482514,1
-0.9334710665474311,1
-0.39286799004222256,1
1.1528453204213547,1
0.17155503299907013,1
1.7824343920102703,1
-1.6954047470591878,1
0.22179882194795042,1
0.2665057158341998,1
1.464161298507999,1
0.12818107593347644,1
0.7945097562187892,1
-0.5812717467737819,1
1.4247486845421278,1
0.35060903981563835,1
0.4909951285195792,1
0.12902119499904877,1
0.8992742971151483,1
1.1232156488340386,1
1.851207776582296,1
-0.5189705570389183,1
-2.6107137283228714,1
0.6053208748728711,1
-1.0774120040127695,1
-1.0922133551039932,1
1.11752606624044,1
1.5917574631447748,1
-0.07062388233616029,1
-0.41182199480016285,1
-1.383111896103199,1
-0.4369461708711368,1
0.7435848792396593,1
-0.1784301615137345,1
-0.46054761941426614,1
0.7597068791136457,1
-1.3569436112078745,1
-0.06433711308130077,1
0.7394230278155065,1
0.6602007253311938,1
2.447022051219076,1
0.4381963064863133,1
1.0949730241022895,1
0.29200257710844313,1
0.399828296535467,1
-0.9542816002999944,1
0.48440719655270237,1
-0.5252586055179047,1
0.49041331533169413,1
0.21135556568617977,1
-0.006750356611477691,1
-0.7581652513580094,1
-0.8457224759726769,1
-0.23952685850066405,1
-0.49185221631065756,1
0.5197136807249971,1
0.03388259229195294,1
-1.3645037878318385,1
0.12086563506795484,1
1.1255202761336174,1
-0.8611113349992846,1
-0.0942525401862217,1
-0.6563141352069709,1
0.5401082445262919,1
1.3977602749417497,1
-0.4200343774500011,1
-1.5105887104780997,1
0.3863121052353088,1
0.5577599048576873,1
0.43961927493357994,1
0.6894972604239874,1
0.34237633905749815,1
1.4591344033146891,1
0.8170228233580114,1
0.61259037839998,1
0.30805327097974,1
0.788051004713969,1
0.6590800628022534,1
1.2611676479602767,1
-0.7979856415479635,1
-1.6043275578306346,1
-0.3995105739879661,1
-1.3895259873149173,1
1.033213596033402,1
-0.37488558958044677,1
0.9860586551118317,1
0.020703702385539084,1
-0.04035816517776067,1
-1.317001392608863,1
-0.3645026962751757,1
0.8080222758484972,1
0.8559510428215761,1
-0.5220675024633441,1
0.5059825343455955,1
-0.12050869547836221,1
-1.42949799215459,1
0.886062156963584,1
1.1919841848876953,1
0.5554583151670396,1
-1.0338441210755545,1
-1.1895918482523065,1
0.7450368915198605,1
0.7475319798162741,1
-0.1270833075982905,1
-0.3586808799404189,1
-0.9595194296790654,1
0.07864877124493508,1
-0.9357166195367999,1
0.06132685831578348,1
1.684512757096057,1
-1.0192893784917114,1
0.503082343905373,1
0.017244986065928232,1
-0.1436902038036602,1
0.10037733397108425,1
0.8860573364646149,1
0.9056063739665271,1
-0.8515381778636569,1
-1.1195968493416468,1
-1.5261985677083847,1
0.3073129801590264,1
0.8891475476214121,1
-1.8036946374614826,1
-0.8787493941594966,1
-1.298958817499072,1
-0.6814244175871872,1
0.9867661936997535,1
-1.5648621123255408,1
0.5108672392821709,1
0.6224463410638738,1
1.5916458917593057,1
0.23738511281983968,1
0.06660723282489442,1
0.40284885559329214,1
0.1752509528327771,1
2.174715023461474,1
1.156952876093721,1
1.2676927941013347,1
1.0641856438359936,1
-0.7271028666017355,1
0.015787080808790207,1
-1.1664020673215816,1
-0.543361459932132,1
-1.455429143416988,1
-1.8492224556657875,1
0.39621939506489,1
-0.4049500079849999,1
1.9010341756437945,1
0.21174850491205913,1
-0.9050354960398326,1
-0.7139764672052893,1
0.12416530102920034,1
-0.049661244621792035,1
-0.6341667405193031,1
0.895734603629307,1
-0.28789043389114327,1
0.02059750303065166,1
-2.484595956324667,1
1.1346458482519262,1
-0.263282768959674,1
-0.1525754392352151,1
-1.0856443186967182,1
-0.03635463323386129,1
0.8035434334785269,1
-0.1479849582355765,1
-1.3128908779537893,1
0.23812185228287452,1
0.8128296770898724,1
-0.46729123437888326,1
0.049908028131603305,1
-1.3652511845928264,1
-1.5616487559728522,1
0.2862778333453329,1
1.4655431092677145,1
-1.8069608217643898,1
-1.1642718595432953,1
0.3057346341493402,1
1.080359538731293,1
-0.4367264208664724,1
0.39064314783288423,1
2.181610061567714,1
0.013913929168566513,1
-1.0306511676080783,1
-1.3605316324627383,1
0.45906623656785683,1
-0.41433786272024103,1
-0.41187426807076366,1
1.8809337512410407,1
2.2399433577935643,1
2.093074863016676,1
1.2672988428500513,1
0.8024810147393366,1
1.3564844387886015,1
-0.14153123704455767,1
1.043849309846531,1
0.15315159415493906,1
0.30588238005339446,1
-1.9752909114691075,1
-0.4838483309234995,1
-0.760617370424337,1
0.763482903832987,1
-0.7761176884430583,1
-0.6826693251572784,1
0.6392171659345353,1
0.5730905014582747,1
1.1075299457406826,1
0.5128638300842365,1
-0.5645570414017878,1
0.12510811015750187,1
0.8829661526393605,1
1.2085368146153284,1
1.5582906164302566,1
-1.8381535979323507,1
1.479617641092928,1
0.15105162558789387,1
0.42293688218217945,1
0.2573123565239661,1
-0.5177537622683965,1
-0.742831712190541,1
-0.8909266338244196,1
-0.8885312079603894,1
-0.25012523938143316,1
-0.2985626470983691,1
0.08209086757669416,1
0.33739140644117854,1
-1.288033620082644,1
-0.8430505187198867,1
-1.064720988008076,1
-0.6064865020809054,1
0.6183572201750864,1
1.4153558051380222,1
-0.8638489595448935,1
-0.4792542853284935,1
-1.6834603627892117,1
-0.27065519152955364,1
2.9113661273799085,1
-1.3163594398602425,1
0.17969651756274121,1
-1.2660095019970843,1
-1.7382482270770794,1
-0.6867450384751966,1
0.8856160254430606,1
1.052801639577027,1
-0.11062985681756685,1
-0.07247523912133988,1
0.9588096591160797,1
-0.6225790076148161,1
1.559314373021172,1
-1.310534987691873,1
-0.06782768024491544,1
-1.5422074430168147,1
0.4031862104373476,1
-0.04814505547699767,1
-0.7744149366636572,1
-1.037119481460662,1
-1.0115588759786418,1
-0.7519534073375156,1
-0.6886093688194596,1
-1.0445271467515753,1
0.20630308809571318,1
2.0913639620301447,1
0.9988361731166288,1
0.01836599481629624,1
0.4190508546113893,1
-0.3166530682303083,1
-0.0809439189417485,1
0.8037471937905788,1
-0.35104545642926277,1
-0.09667842117368688,1
1.2583154156475558,1
-0.5317845240541632,1
-2.348297297442082,1
-1.8945566623527306,1
-0.19374867831800688,1
1.6079660611109745,1
1.034990259343967,1
-0.5225211719434434,1
-0.22863644397400001,1
0.00921185765511221,1
-0.21300250749529473,1
1.0054450952846645,1
0.4514973047057929,1
-0.16841301368269018,1
2.010232797570313,1
-0.3214758266682134,1
-0.6134928706526789,1
0.6226164236994592,1
0.011807860538291545,1
-1.4395269239564847,1
-1.4755978768091267,1
0.6923549606365511,1
0.8713475695792164,1
1.11993828337661,1
-1.257254983255598,1
-0.8915085059737557,1
0.3436465298353947,1
-0.5192163387117087,1
0.1152801225866563,1
-0.4694697322937086,1
-0.41182866231215226,1
-1.6514502486988394,1
1.8440566742586224,1
-0.15115312071382497,1
2.7287840570517283,1
0.27598924462138635,1
0.6282054730193695,1
0.027346337908717044,1
-1.5240736699910704,1
-0.10188575496689263,1
0.7371371254516661,1
-1.8625230774376826,1
1.7441735548628374,1
-0.8443224453541566,1
-0.2307119735256844,1
1.1801796170977163,1
-0.4247493791610455,1
0.7395170144874867,1
-0.08814804894282328,1
-0.3526433047107424,1
-1.0445947513639418,1
-0.2305380652276721,1
2.020446579228089,1
-1.139981297352829,1
-0.5096426067808532,1
-0.5635651798388567,1
0.9689284978779128,1
0.4494232504342598,1
-0.8454174290178108,1
1.1613083381036846,1
0.6747136652310585,1
0.29425750838827386,1
-1.2728254512428363,1
1.0027256614745677,1
0.008424494869409624,1
-2.949264063444517,1
-0.031691112866548174,1
-0.7433413712306172,1
0.3554858776835923,1
0.21325400173776082,1
-0.8137491677406749,1
-0.6533605783655677,1
0.39674536213876327,1
0.12576214393233925,1
0.869825736679332,1
1.2909604260681717,1
0.3509340221578445,1
0.12560931669931943,1
-0.947154556893483,1
1.4041855350886399,1
-0.8180155469710853,1
1.4337293531439692,1
-0.47776142296952334,1
0.7769446349996761,1
-0.028942938080774742,1
-0.49574484581148287,1
-0.3318615486608796,1
-0.18186845549517994,1
-0.011765082153418415,1
-1.1042789917892228,1
-1.908523234980953,1
-0.4936095997557978,1
0.38495658197510735,1
-0.6225797288112435,1
-0.45356471443263513,1
0.3568629917086423,1
0.6826958072496427,1
-0.37363874725679186,1
-0.8111135677309904,1
-0.5009551978384813,1
-0.5664312253657175,1
-0.8343890499526699,1
0.30898305331031184,1
0.37379416843910207,1
-0.16962783968889228,1
-1.0666567554611412,1
-0.09620026917005947,1
0.6878047357328697,1
0.5096205245280618,1
0.18207680779340985,1
-0.5231564437956213,1
-0.02715450256017453,1
0.6098166272825827,1
1.008245078195639,1
0.721450954960207,1
0.7438804291620745,1
0.45688352329680515,1
-0.7683121096855642,1
1.2324165976359975,1
1.3974334866220666,1
1.4176144852996369,1
-1.3838997943941949,1
-0.3236860425018218,1
-0.3683093832203086,1
-0.18794929967135204,1
0.8955650989306235,1
-2.263995731572175,1
-1.1891079132224343,1
0.5575192379938569,1
-0.6912400166475456,1
-0.4322964836642791,1
-0.21873232428302072,1
0.3971390946692211,1
-0.1478803531533769,1
-1.2705860413086625,1
0.8148259729229699,1
0.40590984996540275,1
-0.5916262564452619,1
-0.06089614867003288,1
1.4463675926748676,1
0.7098063266542258,1
-0.030165556350199293,1
0.19334836885332565,1
0.4657892556435023,1
-1.665541339132007,1
-0.1380179187388169,1
-0.35576463706230604,1
-0.8071618212406471,1
1.5369333993465413,1
0.6457742035784766,1
-0.9057078829896389,1
-0.3546358303882179,1
1.6525571091311981,1
0.6265414335618636,1
-0.9420995523156611,1
-0.8557778212384947,1
0.14844862900277395,1
0.2560014069804783,1
-1.0685759641123889,1
1.2603365430303077,1
0.6336819154494238,1
0.5335633810195283,1
-0.28170847214917927,1
-1.8088760233060885,1
-0.5313565848629233,1
-1.2859727780996377,1
1.6245507635330914,1
-2.6692399268142153,2
-0.18550360926432005,2
2.917423097612674,2
0.1302166351050612,2
1.5318982864258037,2
0.3859281777324726,2
0.5164856930638076,2
0.887422992774077,2
1.0849951912686278,2
-0.8467877152424041,1
-0.7069394481240608,1
-2.9935811676169433,1
0.2359090414053845,1
0.17018812970784572,1
0.8603554095243996,1
1.0039866701838864,1
-0.953063913190946,1
0.40244737758063703,1
-0.25588556310472976,1
1.128352967754382,1
-0.8319713282031767,1
0.08463270689719216,1
-0.9006101652229568,1
-1.2098787480392434,1
0.22191226593522762,1
-1.4904519270058254,1
-1.1690381031538022,1
-0.47340993329773956,1
-0.34114707148614937,1
1.016172288802893,1
-1.592197970906413,1
-0.5342615056924963,1
1.122629605731931,1
-0.05584517786003209,1
0.6466126248481078,1
0.9870123403514421,1
1.2312905703767312,1
0.38146674966940636,1
-0.20508564288662615,1
0.12205566271013854,1
-0.36063001281682666,1
-0.4297821938555292,1
0.3130023199918234,1
0.10232439586572052,1
-2.1015445154821144,1
-0.3335337197550283,1
-1.1823658907304468,1
0.13683266371369646,1
-0.273153304729407,1
-0.9610367633539632,1
0.7889432494883728,1
-0.4653118310299449,1
1.2221812610977794,1
-0.8722432868686344,1
0.8035298726054616,1
0.4683178977268938,1
1.7644487868047036,2
-0.6524184141235265,2
-1.482860986635553,2
-0.42120978337488996,2
-0.9369639623683798,2
2.0741862143527925,2
-0.22628303790005896,2
0.12545480411514126,2
-0.23530887030750713,2
0.49204039870570077,2
-1.0266397343583908,2
-0.09453330019761295,2
-3.0516990878972767,2
0.9128617229732799,2
0.3212799651191391,2
0.5495318636201051,2
-0.8528156677797822,2
-1.1026351812239854,2
0.020619509389193557,2
-0.5600265201373033,2
-1.1291781408158201,2
0.7918875285115256,2
0.41219199439602816,2
1.490669053142356,2
-0.49222954564038823,2
-1.8257573663060702,2
0.9656220696134707,2
-0.7270863768477055,2
-1.9737319054807563,2
1.1992766088406759,2
1.6528699921314067,2
1.9800615356553024,2
-1.3466927742801489,2
1.0121756463834803,2
0.8147266850035144,2
-0.01951673592603292,2
-0.8882339449662291,2
-0.9072033031510629,2
0.7065387467892587,2
-1.6385081315868137,2
-0.5535069300908942,2
-1.4694903622400737,2
0.6341686212121397,2
0.4145770408809823,2
-2.451050748750567,2
-1.8890126269001932,2
-0.2860137780257449,2
-0.11020595730797582,2
0.7003812305617846,2
-0.21656100175157347,2
-1.1428206187443888,2
0.11050230908943445,2
-1.4596596596922802,2
-0.1332913120494312,2
-0.7628504002769019,2
-0.8886844217773464,2
-0.09232082282156494,2
0.1318147792590281,2
-1.5080847103186132,2
-0.027144891142951034,2
1.4510357409109036,2
0.48841261910936173,2
1.34627578598177,2
0.3649918007187722,2
0.35936980291317605,2
0.5911103166506985,2
0.2899161478755226,2
-0.059321127500726836,2
1.7121711386773646,2
0.5015672263701729,2
-0.3881983991233011,2
0.17781722560981103,2
0.7163461499778171,2
-2.119825061154252,2
0.4532971998569568,2
-0.8761286510713627,2
0.5612339537889958,2
-0.6003289759845757,2
1.9005070264267059,2
-0.7009714895904012,2
-0.7432176084024887,2
-1.9015318758970616,2
0.007066949471362893,2
-0.22311766588231546,2
0.012243759881060596,2
-1.005324250966849,2
-0.1354480961812006,2
-1.8164276828091606,2
-0.13574613126681556,2
-1.4729595881444983,2
-0.23960990626904605,2
-0.2505831431081807,2
0.4338922856586748,2
0.6080091508326664,2
-0.9136007761040563,2
-1.2473248006842308,2
0.28048142711185514,2
1.1039644618974795,2
0.22615970975520489,2
-1.3145888800770953,2
-0.5597966294952705,2
-1.2875722420760187,2
-2.2678699861934293,2
-0.47823108221555066,2
0.7907897103972089,2
0.24608967357340455,2
1.6930344175903032,2
-3.0487206753592777,2
0.6771592449126593,2
1.3327349852325816,2
1.3788864666082865,2
-1.5765658323639187,2
-0.34545990246178515,2
-1.59311668673168,2
0.21560525002717457,2
0.8113037045191054,2
-1.0159964326443356,2
0.27207009211962424,2
-1.4205238480565148,2
-0.7569339775662612,2
-1.0978226144883445,2
0.7445328121917907,2
-0.4012847358022856,2
-0.4083623522879476,2
-0.5060885298917771,2
-1.5016293586183518,2
-2.393440086137535,2
0.9336486758055421,2
1.6891336112020234,2
-0.052177866773356014,2
0.5106140783709064,2
1.2047040950158256,2
0.31566872221115094,2
-0.9161858183172117,2
-0.8067055554648228,2
-1.5118305722656356,2
0.6870431724114653,2
-0.24468564032457255,2
-1.5138305868738382,2
0.29195930288798294,2
0.19673907680927646,2
-0.2544278984275198,2
-0.8775521903970955,2
-1.2747616079410107,2
1.7483832121668563,2
1.308291247937987,2
-0.9595811403377843,2
1.319048080045772,2
-0.43918875201925694,2
-0.890831281797688,2
-0.8619901991721333,2
0.1269361178382777,2
-0.9640650319286501,2
0.2100507324014836,2
-1.2107900824994708,2
-0.347263748639373,2
1.1354980448528051,2
-0.8582115229889159,2
-1.1996037196836813,2
-0.05017619220097981,1
0.4927714647433602,1
0.42383985055991535,1
-0.14186522953115555,1
1.0806533988802207,1
0.7969340015947659,1
0.2621873111767294,1
-1.2491144114312964,1
-0.06370721698298404,1
-0.9102694290273439,1
1.272583334403362,1
1.1298099353992337,1
0.9390432510710979,1
-0.16492038030878772,1
0.8215180593078608,1
-0.2836970339025826,2
-0.3108543743659964,2
0.6657159937759439,2
-0.15281840883209064,2
-1.1405453493092574,2
-0.5364394325669556,2
1.137242018946626,2
-0.26476805732119907,2
-2.2829230641599922,2
1.8046768831176927,2
-0.048569688657792806,2
-0.6888052563747201,2
-0.9139727323118446,2
1.2151926293214093,2
1.477727241774957,2
-1.5917816635812019,2
-0.31151067696442175,2
0.8123368305697823,2
-0.43465479499728,2
0.8322269091713461,2
-0.7114843945625866,2
0.507893439401517,2
1.270936160778463,2
1.7186599320539047,2
0.6407081352764425,2
0.0014300693036363734,2
0.2565913341053075,2
0.6385317412486041,2
-0.0703297244439586,2
-1.1975330587468629,2
-0.05446464019704644,2
1.3837129457806203,2
0.736671978193902,2
-0.9364999458663319,2
0.8915779897782531,2
0.017704361444301712,2
-1.4891345221451977,2
-0.09512247647369854,2
-0.5624398844573395,2
-1.8398770956622676,2
0.41401144674292145,2
-1.1901735376676317,2
-0.1971609868491424,2
-0.34602897565136426,2
0.13924865216716772,2
0.2676739514414256,2
-0.7190089828513485,2
1.7689722490766402,2
-0.3312133410079593,2
-0.07365846949308247,2
-0.14479397784126885,2
-0.12815742238791378,2
-0.6870957191070352,2
0.2644864093177727,2
0.6995280232213741,2
-0.17322124465793937,2
-1.0234409318039261,2
-0.2705624255140215,2
-0.09787090151722344,2
-0.9246554632625074,2
-1.263758433471782,2
1.0997024870550112,2
-0.7278489308631256,2
1.017468809026223,2
-0.42857221399535916,2
0.5266488933283595,2
0.537937603289765,2
0.540829338327036,2
0.00251389330435683,2
1.2798059565390156,2
-0.8437978500431479,2
-0.9042431596962295,2
0.9768847503833589,2
0.4551861810758403,2
-0.5668428345551998,2
-1.1113448924232854,2
0.307855259670178,2
0.06041859909123171,2
-2.362028873468029,2
0.935896372290454,2
-1.3748531138906082,2
-0.2546874496689398,2
-1.3581129047958242,2
-0.9892135478970011,2
0.26735429496755764,2
-0.9968803937752951,2
-1.6235476490741478,2
1.3528913329611443,2
-0.2662220194647746,2
0.03720881397455542,1
-0.16272688226189513,1
-0.7603259918433617,1
1.6885385568394418,1
-1.2656904674407072,1
0.29371167065930365,1
0.5078370269405729,1
-0.07221146005760663,1
1.1198169697327032,1
-0.6640934305849707,1
-1.2062954206425918,1
-0.6352712636256085,1
-0.2894145040735084,1
-0.5512177083810351,1
0.7467378153612745,1
-0.6648838748042308,1
0.3920626793776835,1
1.5936052264834981,1
1.189147400469521,1
-0.03437428509586223,1
-1.0873031515508627,1
-0.8820702028455651,1
-1.4325701963995905,1
-1.0209040798521964,1
1.691118203414208,1
-0.5764045209606372,1
0.17416364656281783,1
0.5840130907944927,1
-0.018320304343426755,1
0.6771764486270702,1
-0.6128826677181801,1
-0.5516484997187384,1
1.3456666848261358,1
1.6248918541934996,1
-0.061452724093456985,2
-0.4540913748472683,2
-0.152314646716682,2
-0.62020930189804,2
-0.5690930842862544,2
0.2781769257070205,2
-1.9780336565077663,2
0.560610988411496,2
-0.37487761779652534,2
0.8582596217016473,2
-0.6923385519484765,2
-1.2106276017951303,2
1.6691460182092739,2
-0.7515449463933985,2
0.5807120724206596,2
0.7232340356148884,2
0.010603601452886304,2
-0.5139133521378161,2
0.8453501726712929,2
-0.19180447033673345,2
1.0021230790924867,2
-1.0829955716843873,2
-0.969856930766694,2
-0.9151120466260321,2
-1.259003545463188,2
-0.00574992103950529,2
-1.8265434909146656,2
1.1865524287676936,2
0.34161110088722874,2
-2.1150744487212316,2
-0.7362199466826478,2
0.7218006754596511,2
0.6611527334084231,2
1.3020891044791454,2
0.21545602838004524,2
0.4120230266320029,2
-1.2718460941914367,2
-0.4417220494131085,2
0.6134827511903292,2
0.8788089269219268,2
-0.08864270545024608,2
2.0078440655620438,2
0.463631782317068,2
0.7979454259389877,2
0.922217834726478,2
-1.609369660544124,2
0.17605627351735656,2
1.3323692894143742,2
0.27635988531004974,2
1.8186591672587589,2
-1.3191707003750641,2
-0.14297150133532344,2
-1.4897119800744476,2
-1.5933016549999266,2
-0.342846050294716,2
-0.64197529475173,2
-0.7164892207454644,2
1.0091057598680517,2
-1.5669869668483767,2
0.5643587065283471,2
-0.2437625856914107,2
-0.022867787779022927,2
-0.3810443890196217,2
-0.42774878742245664,2
0.7491964777804564,2
0.787111151459527,2
-0.3433931753079611,2
-0.722161044122157,2
0.9599995075647703,2
0.1867571574728609,2
-1.388881676845057,2
1.4123745199869804,2
0.019121324529971086,2
-0.7428265278834245,2
-1.2076294165607864,2
1.6745011968265837,2
-0.8300207206481951,2
-1.072580841973335,2
-0.22649081132826165,2
-0.2933539751216478,2
-0.2785844403730095,2
-0.20748337757210805,2
0.9716422453238395,2
0.37874965571971564,2
0.07939001923665334,2
-1.9496226861128383,2
-0.947857686090198,2
1.1788098739992536,2
0.7564065664036006,2
-1.9026706258276196,2
-0.9608953064480225,2
-0.9605271264602526,2
0.7164345052130856,2
0.566381856402928,2
1.1413582151966708,2
0.3680155204085368,2
-2.248819431903315,2
0.2075358730195265,2
0.3230572238206535,2
1.5193013676200617,2
-2.082209049310974,2
-0.03840114736757281,2
0.5691447294091542,2
-0.05385500737233527,2
-0.38028928246725174,2
-0.7359587984320252,2
-0.5201887145057302,2
-0.20656178981163853,2
-1.0706490681120062,2
1.2410101545823051,2
1.8316946001078647,2
-0.9815212530630613,2
0.4069037039540109,2
-1.0077092822677072,2
-0.08181727514524344,2
0.6859736088159747,2
-0.49623666154615637,2
1.231412341263003,2
0.41521892681578465,2
-0.4810920667335879,2
0.2287264984343188,2
-0.19123210460224466,2
1.0402135352964725,2
0.6044515902959746,2
0.4739327133686736,2
0.9973109841061294,2
0.24863723827445647,2
-1.0282716391658986,2
-0.8972274934656754,2
-0.4447384185660535,2
-1.2437095813712928,2
0.03708316162245912,2
1.6295745704808844,2
0.33589764792299515,2
0.4405961302684694,2
-1.0368690648975971,2
-0.2527423176197498,2
-1.2672603553933133,2
0.2789809439069099,2
0.3671087666703625,2
0.04755604328472494,2
-1.5880348233873438,2
0.5298113394619384,2
0.39639613618387054,2
-0.7889957194476386,2
1.4319000699583426,2
-0.07137371009491476,2
1.264241778683838,2
-0.4751996998260725,2
0.3155955724471687,2
-2.5117616800108826,2
-0.8915226672528195,2
0.6520816444500488,2
-0.8283756809381101,2
-0.9250175631967282,2
-0.4398985276031752,2
0.9659052433255548,2
0.24236345698635822,2
1.1701197249640811,2
1.026801411006359,2
1.3030152769364853,2
0.0708650754530717,2
-0.43003295449883616,2
-0.34773127907368573,2
-0.19948451477027282,2
0.2404433582309585,2
-1.6142613247896864,2
-0.013594905220894899,2
-0.9638608737657474,2
-0.20320312054043618,2
-0.0903527013186251,2
-0.1566082624547583,2
-0.6826201711302117,2
-0.10803432109794557,2
-0.7086268826876655,2
-0.051591403629643734,2
-1.3897876239960418,2
1.1030970074555322,2
-0.9835282577847604,2
0.6607223240848793,2
-0.8276435307556435,2
-1.5057496087853428,2
1.1251700109642961,2
-1.5605957470598406,2
0.6760824344490587,2
0.6757371465930322,2
-1.650369505859088,2
-0.9094467251989978,2
0.6639039223116262,2
0.3328625602455048,2
-0.8077197718760322,2
1.5488406484419912,2
-0.04721093377509556,2
-0.5124584128418577,2
1.3610451181425236,2
-0.42499337743607307,2
-0.502422948810857,2
-0.836751323617939,2
0.2973347147726771,2
2.4644448757748396,2
-0.026898016017322623,1
-1.5815423807469513,1
0.5829325677673751,1
-1.3581577746762759,1
0.019207434233129077,1
-1.226046649620241,1
-0.8090211998705065,1
-1.7564100705233658,1
-1.755496342051625,1
0.741210352039401,1
-1.2877099712274882,1
0.10426299976135377,1
0.7385280282316974,1
0.07742004265511869,1
-0.25164832320513175,1
-0.2612997754939413,1
-0.2227667112062225,1
-0.6864782901064568,1
-0.44678663987509204,1
-0.6542894381992286,1
0.22435750486217315,1
-0.1480206054915274,1
0.43394684691574587,1
0.2843707721172438,1
-0.3585356439681827,1
0.535178988095998,1
-0.1621791963361832,1
-1.1361372475842542,1
0.5753458346922979,1
-1.4974070476707284,1
-1.242036254595079,1
0.1676670184179944,1
1.0049150942856444,1
0.8868138177812136,1
1.6535494339956274,1
0.6627342387613903,1
-1.257480462936379,1
1.105024726078842,1
-1.0891596467852713,1
0.4214043806340004,1
-0.49708632020004895,1
0.7615036906829722,1
0.5390181443289801,1
1.6137699139633577,1
0.8962894146655291,1
-0.7904486568789183,1
-0.6778937847715483,1
-0.7499524788693999,1
0.5025512549970231,1
-1.1817119978366053,1
1.3023457271023047,1
1.414187543783733,1
-1.1150569848400211,1
0.3095013664232557,1
-0.2846643439741727,1
-1.5603433142996086,1
4.177072596476328,1
-0.7860120293021414,1
-0.3320387029805701,1
-0.1947303989740381,1
-0.35667293393273164,1
-0.09532682253813206,1
-0.6077907848093193,1
-0.958523399268858,1
-0.6065434343839371,1
-0.15747276437251803,1
-0.065074716128803,1
0.9299916053888903,1
0.2950208576826382,1
0.8273007345748321,1
-0.7022828073935472,1
0.3217813050639714,1
0.005851645888115271,1
1.0972749163321553,1
1.5277570839784913,1
1.1615567551567418,1
0.48953214587328153,1
1.47549383150147,1
-1.0732776242607327,1
-0.9871436542390852,1
1.4751375338824544,1
1.2139624379108673,1
-0.5227840127145879,1
0.959135486408495,1
0.7709680101245671,1
-0.7199479600484974,1
2.3629291314834853,1
-0.8674897064461838,1
1.2762364913882143,1
-0.10024596300068808,1
-0.6781262828517958,1
0.2340194455831049,1
-0.689557479841978,1
1.4448867515985606,1
-0.17127734785741447,1
-0.5398337357230871,1
0.12207024052783644,1
-0.8790382472651624,1
-1.0069555440984919,1
-1.307765711971908,1
-0.014124793819929492,1
-0.01949098667157468,1
0.8096886487451315,1
0.7255391676978074,1
1.3451129279782235,1
1.3118250812220866,1
1.8521406313198476,1
2.2799646694248246,1
1.0101139261810368,1
0.08560120799022036,1
-2.255957514940548,1
-0.3129492557989786,1
-0.7771204015542931,1
0.5544317116428469,1
-1.4050848874947126,1
-1.402638777127975,1
1.004344570306403,1
0.21623580932046818,1
-1.633096262608042,1
-1.1877379562243697,1
-0.3110179304387086,1
-0.12161516525610298,1
0.6795283254239872,1
0.7844717582727067,1
0.467437478439448,1
-0.5677633163143403,1
0.8472626681431176,1
-0.11910410172493088,1
1.4004376217063432,1
-1.971496225700991,1
-0.04680059264822565,1
-0.4588561900626728,1
-0.48749988611793243,1
2.8725071617969737,1
1.7403667727170546,1
-0.18476232080525964,1
-1.2765079837625226,1
-0.3995103956062716,1
1.170239291753796,1
-1.1963995663161013,1
-2.2723947992764786,1
-1.4244686585958963,1
-0.23189102034678807,1
0.7450728174877421,1
1.572267755318978,1
-0.3613595882678897,1
0.03868901035657813,1
0.7148882112370826,1
-0.12737336549986344,1
1.5205225130330626,1
1.7008163721837457,1
2.0484797731358304,1
1.1268600360181154,1
1.521036721854021,1
-1.0856747814641736,1
0.7264727301542161,1
1.122230588450624,1
0.8988696399223418,1
-0.3413207696457654,1
0.2705546037526109,1
-0.1576327824511079,1
1.0842472701385444,1
-0.3191389662691118,1
1.372058772490008,1
-1.8696768097765084,1
0.3338850959690527,1
-1.8094141220918085,1
1.0703286575668145,1
-1.1875165749953573,1
-1.2387321307535473,1
-1.5106475723093757,1
-0.4883499264371891,1
-0.38125208078543815,1
1.876302124221299,1
-0.6476382376553322,1
-0.9158096529080357,1
0.1372706221928064,1
0.24130805666095886,1
0.26941330714500217,1
-1.2225683282344464,1
-1.3163405438775655,1
-1.7946326294225372,1
-0.6175117823944528,1
-2.2529815100239605,2
-0.17523712063671465,2
1.7420903645908676,2
-1.439418505201839,2
-0.03915840880573765,2
-1.5442218243553776,2
0.8398027552051004,2
-0.4558288887580634,2
1.3539265839825279,2
0.1862937838179332,2
1.4431099381269819,2
0.2261590434254878,2
0.7048832336671694,2
1.8511329230572688,2
-0.6431619519094719,2
0.8457042830924744,2
0.9181091194192018,2
0.22940723882143677,2
0.7787592311770282,2
0.8517092120871864,2
-0.500917451222864,2
0.9566086878429467,2
-0.1096122429133329,2
0.2211908410331509,2
-0.6407284731268046,2
0.33741389751156176,2
0.8885157003191643,2
-2.2135145384244437,2
1.7905159701849163,2
0.2042412576765597,2
1.3422878875092705,2
1.8291884368340952,2
0.10804996019748046,2
-0.1745156553930102,2
0.3016483907923601,2
-0.5774050283031728,2
0.9574236488879503,2
-0.7139512017309638,2
0.3617779611483416,2
0.25715729320388,2
1.2026250375136756,2
-0.7287720624335451,2
-0.008227125397638056,2
2.0776216649580674,2
0.9650204180023809,2
2.0761311067787367,2
0.8110161569779677,2
-1.5237061143258421,2
1.1912026181492374,2
-0.8910175190606517,2
-0.8814059231865702,2
-0.2602975631130907,2
1.9700560685100796,2
-0.05066148021207974,2
0.7010362604594738,2
1.3562723524045444,2
-0.1967344152058233,2
-0.37811955273425635,2
0.1535391970134136,2
-0.4828234197973727,2
-0.23948713665417454,2
1.3059494452750804,2
0.47919002801088967,2
0.7103821478059542,2
-1.5521913146701811,2
0.6047193286910053,2
-0.3821652618606021,2
-0.7890088053124815,2
-1.1447492618714354,2
0.4122798527021224,2
-0.3635171410717744,2
0.9815519704990684,2
-2.156082783610592,2
-0.5316539307618923,2
-0.11625021092100135,2
0.10269484915680958,2
-0.8050566934256663,2
-1.5763229021201555,2
-0.8670706540200771,2
-0.5390382584976341,2
1.3503366223770024,2
0.6274511663008673,2
-1.2323881790030535,2
0.662790436857951,2
0.5346064725389591,2
-0.12278429168074166,2
1.1263001747468784,2
-0.8332637158084315,2
0.6527037795182061,2
-1.4823958967603241,2
-0.22785696009424383,2
-1.0307230412570438,2
0.6231928914580445,2
1.8819725088244814,2
-1.4866933470075698,2
-0.29034144875039053,2
-0.2793989297786716,2
0.43594059789528844,2
-1.3613604261448904,2
0.4732952774859019,2
-2.129802842824753,2
0.3811848731929413,2
-1.665012101515385,2
-0.11692514893405448,2
-0.0988911576142072,2
-0.8614490691573472,2
0.32761786168236945,2
-0.18992004858192701,2
0.32594134083569315,2
-0.42762229791263207,2
0.06514730200294921,2
-0.18502465720934622,2
0.028126170788702956,2
-1.4327943425876064,2
0.6226384097036979,2
1.4606420110356757,2
-0.8757845168885441,2
-0.23548264718433426,2
1.626371517947912,1
-0.2570297401108782,1
-1.5400744487697386,1
-1.230658742823242,1
-1.6085421548555279,1
-1.529358928878237,1
-0.11200531315325243,1
-0.11695697003372305,1
0.2537969211309726,1
0.06746431374736706,1
0.013237661331853095,1
-1.1355765964366604,1
0.715011294005011,1
-0.6293164051275658,1
-1.2855909181650844,1
1.3841660322252087,1
-2.1566820061360197,1
0.7364277340714919,1
0.13020343179987354,1
-1.198230298002541,1
0.2657410111829584,1
0.030581623135261044,1
-1.0425039627033172,1
0.2651802973638649,1
-0.9868751989795357,1
0.32990013207238256,1
1.1503393090729561,1
-0.16487373168227062,1
-0.7417478757391016,1
0.7209374090710551,1
0.3996684775447117,1
-1.6942868181425723,1
-0.9896752669408555,1
0.8273663571362465,1
-0.5274153213959923,1
-0.7554313519579995,1
2.511852987378984,1
-1.564260602243685,1
-1.2544667874916018,1
-0.2536049101736492,1
0.5409029902902119,1
-1.0847765549433173,1
0.5720067706166087,1
1.0716452711692406,1
0.9992251326185718,1
-0.0440033844437347,2
0.31418290480940736,2
-0.8235132416470964,2
0.6724568216677962,2
-1.2694804634804764,2
0.8463000067732207,2
-0.11794808044146382,2
1.0289945373363698,2
-0.07185069628397643,2
-0.7691741828481937,2
-0.12669498578431726,2
-0.092430223611517,2
-0.12819314519805844,2
0.9295304974572963,2
-0.4034658620877174,2
0.6515365939273893,2
-0.10820083200567926,2
-0.6116280581276987,2
0.4618194455429395,2
-0.812431859847954,2
-0.9574115080936834,2
-0.7454802764287085,2
0.8556170337283224,2
0.01994843087571146,2
0.29411165991102556,2
0.799553383752281,2
0.7903977385951771,2
0.33338614923494664,2
-1.4393578419958057,2
-0.9922843618823511,2
-1.5296548704243136,2
-1.4911999782293826,2
-0.3603411577624914,2
1.358737644310767,2
1.1136031782666314,1
-0.5464325415534607,1
0.11284099096269737,1
1.5812419331074838,1
-0.7529322162898291,1
0.8389790871668815,1
2.1236054534916824,1
-0.830999077650001,1
0.9749620588713291,1
1.5257614555541663,1
-0.3111026061265852,1
-0.25298217256717703,1
-0.538728299308442,1
0.20369214643841776,1
1.1436381055996307,1
-0.6104447359124325,1
-0.4996557897588299,1
-0.719062011336246,1
0.30834075164717917,1
2.5535719599652253,1
0.4331128878236342,1
1.629910814577139,1
-1.965349887040654,1
0.3889856007010973,1
-0.5832833562283323,1
1.7004634204769198,1
0.8286266375280956,1
0.18128769176187975,1
1.8831167082196414,1
0.8883461994860901,1
0.2726667603074836,1
-1.1068033780959103,1
2.7350346512423793,1
-0.7189732676601654,1
0.024629076398444673,1
-0.7959226031382952,1
-0.8740946567795622,1
-0.23470066190320518,1
0.2692769257138145,1
-0.5255072600600068,1
-1.0374590329677498,1
0.9964929384365456,1
1.592045744933867,1
1.6164129600118844,1
0.29008665610460843,1
0.41291930097866997,1
0.14810986136751036,1
-1.3187096454987148,1
-0.6918701860707167,1
-0.5407757968428077,1
-0.4235492618547077,1
-3.0540343721905305,1
-1.1030613275424068,1
-0.6821170596164717,1
-0.6216438720988946,1
0.3423371028872666,1
0.27420147841626336,1
0.8935669403298335,1
0.7182982594053271,1
-0.87316197144929,1
0.7754732307404202,1
1.0775676730062878,1
0.2862115569356572,1
-0.8378470126839671,1
0.17096274093653713,1
0.660542996916885,1
2.5451074962393707,1
1.6948569370727535,1
-1.2681321957450296,1
-0.3508268666025687,1
0.7523195503227287,1
-0.5841312107731177,1
1.678299282906644,1
-1.4152881366469254,1
0.04204760802341299,1
2.0779280924948735,1
2.488136633628003,1
0.11839106333378002,1
1.1199301503330967,1
0.06900189532444113,1
1.4137047783205114,1
-0.5580434905264471,1
0.2036702854624132,1
0.7140632943571456,1
-1.91237074515868,1
-0.501123233152804,1
-0.6438324185297029,1
1.3610379388147509,1
-0.5828864137443917,1
0.0893827171738272,1
1.8551204114271447,1
-0.5676904932012734,1
0.02489027519094958,1
0.1804223072639967,1
0.78123615585482,1
-0.45113738805658926,1
-1.2232217946240034,1
2.130696037402795,1
-1.4809597118064515,1
-1.2444154626819837,1
-0.058386088702910045,1
-0.7071197259238329,1
0.44560354027077353,1
-1.6851084106224177,1
0.28212989413601297,1
0.14986565002238125,1
1.4315123840933703,1
-0.43737583459424184,1
-0.04956291175823124,1
0.1165435231926643,1
-0.6592624840824793,1
1.9010340290029073,1
-1.436515320583372,1
1.2981025319947328,1
-0.17978508667872292,1
1.25934390516588,1
0.05240683618372309,1
0.32166683102167004,1
0.9128971221349855,1
-0.37212521669198123,1
-0.7034785575060497,1
0.8013998417724482,1
0.42549732303505816,1
1.2286802896818,1
-0.701804491584468,1
-1.2412081512007307,1
0.05083366024329793,1
1.102479738137407,1
-0.8661738716543246,1
-0.3546618733089392,1
-0.03179121386899207,1
-0.6889216131464349,1
-0.45226224948879123,1
-0.08055869633503275,1
-0.12843546094822578,1
-0.16914581190978004,1
-0.2646582383200235,1
-0.8570197132378001,1
1.0773815542171332,1
0.06984211696298728,1
0.9641946092639979,1
-1.0844336487945585,1
1.8792295403764032,1
-0.33278800609853626,1
-3.1846267555786953,1
1.8888184752314965,1
2.8377657913803187,1
0.38733761057809785,1
0.27020843660664673,1
0.45877398542399744,1
-0.5275278338002023,1
1.3464617736403373,1
0.8136031330572173,1
1.0696060859613559,1
0.4858426813879036,1
-0.919316281747197,1
0.11696975603708372,1
0.095917940193187,1
0.838374070710349,1
-0.47388767381270097,1
0.23275371984328874,1
1.924319375245792,1
-0.4511766615732991,1
-0.09285008193743224,1
0.33131086899374135,1
0.9721350274634255,1
-0.29782705410281635,1
-0.3360241334917613,1
0.19956926639154163,1
-1.081555479627227,1
-0.7486186204764865,1
1.794423009004451,1
-0.6670775033171216,1
1.0417254438275223,1
0.8842403587431894,1
-0.5703331078062096,1
0.2926630639524866,1
-0.9538379166974968,1
-0.9514218649879974,1
-0.0291001921696486,1
0.8465143089344486,1
0.6614610613014805,1
1.314006919665828,1
0.45408059389396727,1
0.6987558323529912,1
2.484366386930586,1
-1.3905365419006868,1
0.8773386617889406,1
0.28680116113523524,1
0.42737797690573337,1
1.6168688509883125,1
0.3526174652871527,1
-0.26952242914579644,1
0.5010703617698581,1
-0.7948107661684243,1
-1.6265340675185858,1
-0.3274689361415164,1
-0.5738482345102603,1
-0.9072052607526512,1
0.5384833161076727,1
0.4215523326234002,1
0.7503202560152455,1
0.6398139054625605,1
-0.1968668250471499,1
-0.6131964674554576,1
-0.10233340482830428,1
-1.515075308863894,1
-0.7278039280564886,1
1.2589931020318623,1
-0.9429785660723606,1
0.3681552234156238,1
-0.16014393179610883,1
-2.600803961337152,1
-0.16282590701835134,1
-0.24422842908385464,1
1.0754043202263295,1
0.3766107152767611,1
0.7057702457625319,1
1.1339197651368071,1
-1.438562615436192,1
1.4676771714755277,1
-0.9454259789401523,1
-0.07618067911414587,1
-0.2909294895791487,1
-0.42867504258537165,1
0.4362649063101896,1
-0.24831661154758541,1
-2.7482209773918083,1
0.7931059926175306,1
-0.6333992813520825,1
1.6211484959733586,1
1.1150086589875967,1
-0.43778878386121217,1
1.7301288991432504,1
-0.04842234042705524,1
-0.5194682862651678,1
-0.26797539409207977,1
-0.8339053740734779,1
1.0633504007231287,1
-0.5496053558331853,1
0.8721106666703128,1
2.347309986011528,1
0.25024987966459183,1
-2.420637255831308,1
0.11928355221263705,1
0.457361264587934,1
0.281684205448974,1
0.8100531968081345,1
0.7748597451106604,1
2.038679377296263,1
1.744581833946489,1
-0.601805048501374,1
1.8864153132738315,1
0.1834336776263375,1
-1.5174307969982226,1
0.5788735940925186,1
-0.5323917945583547,1
0.13617968913624892,1
-0.9793822224514184,1
1.5714540608558778,1
-1.097079809109417,1
-0.22022962426664977,1
-1.166729448261599,1
1.3613907104493952,1
-0.47657882347875086,1
-1.4679234476771967,1
-0.14978867147505662,1
-0.5127226372731163,1
0.1679799055580819,1
-1.151087766221989,1
-2.460258337318364,1
1.123826309785787,1
-0.3189457371695448,1
1.1844105067594035,1
0.029875138744845698,1
0.5088167468729267,1
-2.4950688694644727,1
-0.24978813893141585,1
0.296570758075703,1
1.4439039202591346,1
-0.8398286488414198,1
-0.3996839796433677,1
0.7388275436891493,1
0.8607356980822377,1
-1.085188933223921,1
0.26104473897385144,1
-0.7758927762582074,1
0.3726276415004292,1
0.8204312815143212,1
1.6483697062108098,1
0.03011079608460861,1
0.21229613725924598,1
0.4296368890215852,1
-1.8233311021419796,1
-0.3527088361255907,1
1.0080328861477796,1
0.23859240255967648,1
1.3898134013010854,1
1.836104127260351,1
-1.2431952081688082,1
-1.2737233946158077,1
0.5403056586619266,1
0.4217238060006752,1
-0.5770084260550935,1
0.3939153727799541,1
-1.0947986331406652,1
-1.5066943502143144,1
-1.1282321880854147,1
1.1613215829135592,1
-0.19350922600205778,1
-0.7228430716331208,1
-0.245260143756283,1
0.1781072169722267,1
-0.7478881360321945,1
-0.4383647613011985,1
1.7260199627202824,1
-0.20515938637756378,1
-0.1830232913177058,1
-0.9982584487646488,1
0.39081646449635293,1
0.12757028310164933,1
0.12559421767317736,1
-1.1068948924863788,1
0.3241212215125617,1
0.4521496012179467,1
-1.3267796966709147,1
-1.051426143903153,1
0.391697032221552,1
-1.27409727575961,1
-1.6516476560763627,1
1.5079145882200022,1
-0.11727577945399242,1
-2.0152400121600493,1
0.49881023597856344,1
0.4893211920762269,1
-1.7095211021436654,1
-0.737417638276192,1
0.5267138509423146,1
-1.3684331594138845,1
-0.6115801123798627,1
-0.13777903047607806,1
0.36590607095633626,1
0.20315944937909908,1
0.21739016918100415,1
-0.4699370550808969,1
1.2281046790480197,1
-1.388842537388975,1
0.6960027658180029,1
1.452394428304872,1
-1.0743769532019833,1
-0.44584115156500803,1
-1.756224141088357,1
-0.25303305390236097,1
0.6919094674760622,1
-0.06713986639928363,1
1.2698311048182038,1
-1.2374169119048446,1
-0.7683818415202361,1
0.02669752649776739,1
0.2103818599431229,1
2.4132859138058995,1
1.726492166579084,1
-0.23993501614774035,1
-0.002397494323174848,1
-0.9163370150707576,1
-0.6558916477277849,1
-0.46120612222994767,1
-0.6188074500712768,1
-0.3288633538995208,1
0.9855574387393444,1
0.877877308311062,1
-0.7247919266222375,1
-0.26317892549366106,1
-0.13001267270598924,1
1.5063515625243566,1
-1.2111747705526246,1
0.1698009501268298,1
0.70308729794565,1
0.07017373182429909,1
0.37270094840654155,1
-0.5442793859258683,1
-0.39249219561399984,1
-0.1585587291535044,1
0.46039377253778624,1
0.11282238295576383,1
-1.5389091267371633,1
0.7169205154857662,1
-0.447654778517921,1
-0.8484895029489163,1
-1.2216925577136224,1
-0.8968588153483366,1
-0.6428192032542177,1
0.5984118165757811,1
0.6439246539917933,1
-0.8942403881949536,1
1.3711775708613427,1
-0.8908422714536792,1
-0.744960960025386,1
-1.594345833034914,1
-0.28059038996624464,1
1.659275766389924,1
0.35179945275174873,1
1.2688566146535398,1
-0.37991331232180436,1
0.7086461078885956,1
-1.7019177659270905,1
-0.8665818041270054,1
0.16058225896969847,1
-0.24315074896093475,1
-1.7150572407718532,1
-1.5016943556001918,1
-0.29983525795692123,1
1.4935708743926068,1
0.40267347784536095,1
1.1034340058189411,1
-0.3232345065302527,1
2.261468446038432,1
1.213386011737162,1
-1.6836877646322606,1
-0.5863166265428463,1
-0.10102315237332096,1
0.5697841818869356,1
0.39589387497602424,1
0.0532015629291337,1
1.5867831245124546,1
-0.445551115977793,1
-0.9447718233253447,1
-0.8159013851398202,1
0.7253682621747423,1
-0.41064871180226276,1
-0.16993738613758344,1
-0.47375760477509954,1
-0.02660691400492653,1
0.04015477758139835,1
-0.26103801775770075,1
1.081580259418836,1
-0.6634714286949364,1
0.926811554728194,1
-0.5078292368587034,1
1.078917057773403,1
0.7533401815677403,1
1.4187264058816331,1
-1.4307852617848422,1
-1.645236922361304,1
-1.395952823650701,1
-0.3802824514406522,1
-1.289559358663624,1
0.0026409812034273042,1
0.7101038867124329,1
0.6323766839411847,1
-1.0245266680932985,1
-0.8123198658047477,1
1.391147487651949,1
0.45515207897114807,1
0.0011479033051171198,1
-1.1767555181432163,1
0.6109644731765163,1
-0.0542589423612062,1
0.8077887162552182,1
-1.037051813701742,1
-0.4804208967035036,1
0.08956989452178098,1
-0.8369511560788107,1
-1.318258649998933,1
0.8376754647474203,1
1.7347588569682377,1
0.2290335862959415,1
0.941529650612449,1
1.9353195321850913,1
-0.35461533979372156,1
-0.6422258132469311,1
-0.6077496397612979,1
0.9668325846690596,1
-1.1756424926229945,1
-0.8525582283502475,1
0.15184419137109287,1
-1.650183930591461,1
-0.6995012887329798,1
-0.13620521023981047,1
-0.8274283710292647,1
-0.7125385868972123,1
0.39913678728076957,1
-2.0958449239848274,1
-0.39716463869951757,1
1.5289773347915487,1
1.0444500907324579,1
1.2542368254102847,1
-0.8442137338402537,1
2.2122153203448165,1
-0.31856907568523146,1
-1.2129484438298284,1
-0.02748819928844308,1
1.1025068129980478,1
-0.2511164997056782,1
-2.085039507779415,1
0.8465738530623977,1
0.4036822830718233,1
-0.715792315737653,1
-0.6264937102851355,1
0.3314222629062507,1
-0.043837020664035366,1
-1.0840019114600041,1
-0.9302352071017755,1
-0.2784659564935777,1
-0.24615533633668887,1
-0.14962971838515926,1
-0.5093193765530465,1
-1.5087547052219117,1
-0.1684240794983976,1
-1.3845338410388972,1
0.8736800553430826,1
-1.1740670287686827,1
-0.42205520919669287,1
-0.2618266351408559,1
-1.6940562647660247,1
-0.9139224789834407,1
1.8237961363795432,1
0.4079546203968927,1
1.5918571344156778,1
0.2412595517221051,1
-2.339601842965164,1
1.243793356000818,1
-1.0121255242687712,1
-1.2565968843824475,1
0.8318607193418682,1
-1.3718075161846977,1
-3.3924748152577493,1
0.8502697580999268,1
-2.0535353693278724,1
-1.9776701206913363,1
-1.7446023466513447,1
1.3640340004785434,1
-0.5721613184033397,1
0.67624556725954,1
0.719236166964476,1
2.4934622746763186,1
-0.6654086067086821,1
-1.2741666057404257,1
0.03882723786564467,1
-0.7955454879298826,1
0.0773137473266317,1
1.0171471537734744,1
-0.17314785588288045,1
0.33444226712136876,1
0.8284137205644858,1
0.9977529388824492,1
0.12347646860797555,1
0.6860694431676748,1
0.20303146792302212,1
-0.48664074432680926,1
-0.9750120151880581,1
-1.3694579561943054,1
-0.41420116133787344,1
-0.29314736915173734,1
0.42685653262292705,1
0.5626364504668004,1
-0.5008193180210487,1
-0.360859532606459,1
1.0948309349097092,1
0.042036184058106885,1
1.3385167815559014,1
1.257719639190449,1
-0.6128418609065376,1
0.2075072158280159,1
-0.4887766772912272,1
-0.19935593820502276,1
0.9901278465239538,1
0.5779991768174665,1
0.40689532544284795,1
-0.3802141313547102,1
1.2011427990164716,1
-0.9640601777648721,1
0.36014075087205677,1
-0.8772391875352947,1
1.0470768142022586,1
-1.0154750174310925,1
-2.058753669938674,1
0.738149624464697,1
0.19599235069817578,2
0.42609514187907005,2
1.986774156396304,2
1.0748131163788261,2
0.6832046584563773,2
0.7450743068609509,2
0.3833159842491577,2
-0.008173839619476524,2
-1.6597919291845635,2
-1.6493003374228967,2
0.6706525844325316,2
-0.3404277532032942,2
1.723817512519886,2
0.27076908859377036,2
0.5198074108943543,2
-1.47499300885369,2
-0.05115083256892082,2
-0.5316058067837525,2
0.128899803096925,2
-0.663068787461558,2
-0.3916677350522354,2
-0.1742842142207585,2
1.2639452702076037,2
-0.9045799068157455,2
0.4352235831378016,2
0.5178179111461492,2
0.5280240760829183,2
0.332905333991097,2
0.2549908978414861,2
-0.5214196284708157,2
1.8404823272365691,2
-0.07137069044344067,2
1.0830051549969755,2
0.1575408282894671,2
1.1954287925600542,2
-0.23854290621034444,2
-0.26682650434431554,2
-0.749402067719425,2
-0.01233916056471149,2
0.5954427887918652,2
-1.1471008805420353,2
0.7549639800996598,2
-1.4251145304227801,2
0.13116667864460124,2
1.0589595305677681,2
1.1436598764068073,2
0.7905188048598993,2
0.5184234899503939,2
-0.673881648511279,2
-1.0121887096593296,2
0.5003626563279925,2
0.8667436174982324,2
-0.6459431166350084,2
-0.34585291257241135,2
-1.208412243087294,2
0.9602615044705909,2
0.9575379040502933,2
-0.5172985421199146,2
0.1544633224109988,2
1.9084614009700722,2
-0.2552026562004864,2
-1.3578297538929787,2
0.3857665272580124,2
0.5825599927679529,2
-0.5856435257324765,2
0.3585255539073044,2
-0.1805115591293958,2
1.0116928303385544,2
-1.3232047042656887,2
2.320212295880536,2
-0.06114620275737469,2
0.4250085229762162,2
-0.5210218871299629,2
0.22106023862007523,2
-2.5346494604507654,2
-0.5862844272311483,2
-0.6901691529891368,2
0.48710155293351354,2
1.6783163835909698,2
0.21314842500806563,2
-2.3363507609505807,2
-0.719274884865373,2
0.3251012337897112,2
-0.45438658216210237,2
-1.04731144409655,2
1.4051321762904654,2
1.1988289607116387,2
0.27329828208252493,2
0.4138589163342354,2
-1.1818919136948824,2
0.20907957751775436,2
1.5545853824291977,2
-0.1665508840708938,2
-1.0279678839456765,2
2.3013352498109176,2
-0.4293929042212759,2
-0.9890711756430542,2
1.1269723959182518,2
-0.8383119083168977,2
0.6568990632698471,2
0.4342617922416541,2
1.2779040093072007,2
0.86016500179848,2
-1.4009883440703688,2
-0.6688140415163356,2
-0.14415690279027982,2
0.9078815130835728,2
0.7725128704869962,2
0.500637490224417,2
0.2714108498817803,2
-0.4926343286161953,2
-1.0923871432254069,2
-0.5480640157775031,2
-1.1316225782790426,2
-0.7954317334788383,2
0.1914414047422593,2
-0.2666690877196174,2
-1.6671227533396547,2
-0.8663644516664512,2
0.42090200656788607,2
0.23790474957339844,2
-1.2997997669165664,2
0.23950975284255768,2
0.4611922832518111,2
-1.0775581441719149,2
-0.9588915558423362,2
-0.0036843587085103246,2
0.7061716245716525,2
0.8313136708602982,2
-2.0355568119987004,2
1.5137845826188874,2
0.02450632921312401,2
1.1827221159209218,2
-0.6868035461966248,2
0.20188094360226552,2
-0.2626438988877,2
-1.5592019517859177,2
0.4311393157453761,2
0.03272684648586976,2
0.6739234259109464,2
-2.304110626975556,2
-0.9211450944431475,2
0.36621015778185306,2
0.5928058881879691,2
-0.12600061820786454,2
0.17048778009124269,1
0.2736251955416636,1
0.4961865997080855,1
-0.9488758561615778,1
-0.002811045523667053,1
0.24581717124366564,1
-0.11534797292932383,1
0.6006660301133572,1
-0.9940725203796377,1
1.7269194741924994,1
1.7086614591377471,1
-0.3267403654784793,1
-0.21243993748218473,1
0.6416014464706977,1
-0.31877679287910804,1
-0.9335312838613549,1
-0.14652460107201234,1
-0.8063626432850866,1
-1.306504166756192,1
-1.825585278967212,1
0.4136101777002819,1
1.353599631022237,1
-0.5528624523685691,1
0.8641774489663142,1
-0.28564022449767307,1
-0.3897762604496292,1
-0.9037559194478318,1
1.241098696540477,1
-1.509987493723223,1
0.8495744056245802,1
-0.5563830342012289,1
0.489007978804506,1
0.6422454470884191,1
-0.18995469375641436,1
1.7076128823807377,1
-1.0545712453198066,1
-0.5121080728793183,1
-1.086091070102712,1
-0.49240172228729145,1
1.0840766785334834,1
-0.02913958241440026,1
-0.24243484736057483,1
-2.5341159161269724,1
0.5503803318677325,1
-0.901144436681316,1
-0.6035815475988375,1
0.6670885311309082,1
-0.952693732224818,1
-0.13563587163556778,1
-0.33506595966929764,1
0.19392628976134127,1
0.9317938965399111,1
-0.6846377014376357,1
-0.7049470451021053,1
-1.1578895312869897,1
-0.027027621871218818,1
0.8659293136694463,1
-2.236227746777337,1
0.6645680963156202,1
0.6768154556269765,1
-0.7936045525596283,1
0.5683917588075185,1
0.36276538665880637,1
0.01534351552981976,1
0.8777929545723666,1
0.7721149659923042,1
0.41701209203101613,1
0.7779488324809245,1
-0.002360335626429923,1
-1.0216599253404188,1
0.6260628444807285,1
-0.3712578402514594,1
-1.431403798274096,1
0.650669056740697,1
-0.03542782631250225,1
-0.30635074136104196,1
2.312033573393235,1
0.837903307988951,1
-0.19603656785516319,1
0.1619113839062384,1
0.18682439664682485,1
0.19368337824962467,1
0.9043698002063882,1
-0.18329895019776865,1
1.2817822726476047,1
-0.4988124987904415,1
0.13714488788583926,1
1.4410635400648186,1
0.1860576162296157,1
-0.5213958729277298,1
-0.4359441963781947,1
0.42564371509663385,1
-0.27107354615671575,1
-1.887455211418279,1
-1.433959982906187,1
2.667881198961268,1
1.2280509195836846,1
0.8088980778021693,1
-0.6718510781884297,1
-0.8466248982577934,1
1.531936037705655,1
-1.1709294760535809,1
1.9541088778342295,1
0.6780457042046558,1
1.006165176554619,1
0.6731354707705471,1
-0.4401543235297008,1
-1.8359514521996363,1
1.2994947561059564,1
0.5368432337912781,1
0.7355266038632948,1
-0.6619099095701393,1
0.5876282084470651,1
1.3681066289599062,1
-0.5930360449904452,1
-0.37030314217573007,1
1.1495375608413412,1
0.34692896808705415,1
0.7088730902322959,1
1.1738275743550055,1
-0.48584666882222244,1
0.009632849737339213,1
-0.8564431915412211,1
0.8569980580138514,1
0.04570398225261906,1
0.9356709695360669,1
0.24108574696025128,1
1.671192926024257,1
0.8035027270583089,1
0.41332951719788824,1
0.3543239228959128,1
-0.29465517796314883,1
-0.03396678196099922,1
-1.093888934557037,1
-0.48342439399601256,1
-0.9756925768440884,1
-0.20599710502316823,1
0.5143899385776122,1
0.9698517698454163,1
-1.5555183045332632,1
-0.137967944707918,1
-1.344677995048561,1
0.40588063402374236,1
-0.9186374895323434,1
0.26713613065177294,1
3.169324047493934,1
1.2976246176732498,1
0.5577811352077455,1
-1.4622344280224344,1
0.10042651395548402,1
1.3316723480405286,1
1.0701419627594921,1
0.03337461732193723,1
-0.3680511289254452,1
0.3429826049125446,1
-0.3473673016603494,1
-0.6245798644423866,1
-0.6446335646554087,1
1.0160287142657645,1
-0.7478736602845223,1
-1.6438866990387893,1
-0.3997239656812004,1
-0.20093105371270517,1
0.5659859252663788,1
-0.04875619900007068,1
0.44937699018043115,1
0.47361770518730795,1
0.8405462606061148,1
-1.3970075057226392,1
0.927744723556378,1
0.7046078981984196,1
-0.13690584811718098,1
1.4901351932544205,1
0.6325419702087313,1
0.7916073178906852,1
0.9148615627690772,1
0.8771609661620794,1
-0.8610888247373906,1
1.4232740217883866,1
-0.7163321755988649,1
1.0694222923241472,1
-1.3407327783422298,1
0.03089750329584285,1
-0.5691838072959603,1
0.16700978633015853,1
2.027129365011319,1
0.367763421580228,1
-0.45493284083069857,1
0.6261831715776497,1
-1.145480511411704,1
-0.4897942692295961,1
0.3502278293840849,1
-1.993812509830218,1
-0.5288901750847709,1
1.8783088716313086,1
-0.8235121122061092,1
-0.32451234680600316,1
0.9547105266034053,1
-0.8759419958994121,1
-2.1830811618910206,1
0.8557713856315269,1
1.4894677836542607,1
-0.13193483114665372,1
0.9115308543598634,1
0.3767163952882427,1
-0.24846506544727753,1
0.15573084413161956,1
1.2777072932651208,1
-0.2923018182809263,1
-0.9446332817947978,1
0.4689817483611943,1
-0.058386076435737566,1
-1.0881949886563278,1
-2.1061724767035495,1
1.4619474459413668,1
0.8795630545029324,1
-0.1606514619199219,1
0.05727052428179061,1
-1.151166032735126,1
0.8071195523739764,1
0.09812448501735334,1
1.6978954093541634,1
-0.8471776106689851,1
0.5884373336949335,1
0.24018089460112366,1
2.076059230741654,1
-0.18240268706876353,1
0.16712942008910567,1
-0.27610140448536946,1
1.039801723704246,1
-0.3391299592086445,1
-0.015588292881039105,1
0.12807815511690382,1
1.3483369629772244,1
0.9981272059836215,1
-0.049705401480097416,1
0.33373233435255606,1
1.8920168598789706,1
-0.6279097705603222,1
-1.1603265517523311,1
0.8486750417495001,1
0.8178096586144762,1
-0.04880954776867068,1
0.3468538570934767,1
-0.418063743206388,1
-0.22799596100513267,1
0.5764125735193754,1
1.791571457361037,1
0.34700889253539213,1
-0.1377194549903239,1
1.7201886752069078,1
0.2262111707745238,1
-0.7563638046329056,1
-0.7353936494592139,1
-0.03542322158953897,1
1.45940708158999,1
-1.1782432688974842,1
-0.6331689214535698,2
-1.0673251052715511,2
-0.5670489381198226,2
0.13955465984320967,2
2.0728642285529175,2
0.6630790732354354,2
-0.5625945436841786,2
0.7114930380258906,2
0.18699584997883742,2
1.5222115084290833,2
-1.6630422073653908,2
1.169319567586311,2
1.7650175891013618,2
-0.5223032863918412,2
0.5407434141891919,2
0.022759367660942983,2
-0.5145688728792226,2
-0.7328570667417861,2
-1.0744365095969415,2
-0.7852004890668572,2
0.6747367348431133,2
-1.5412142492616745,2
-0.19323707213996136,2
-1.0651794352142818,2
1.9161194216734896,2
0.09485745362501578,2
-0.7757162035073384,2
0.2488098634514326,2
0.2651265748237633,2
1.0614790121172326,2
-0.2226568242159003,2
0.9622851462561431,2
0.2643622007563728,2
1.5765198705588968,2
-1.2634508981781285,2
1.8311096855000355,2
1.1838968054484118,2
-1.0293250991041918,2
-0.10519989610471352,2
1.3185360347369268,2
-1.511998789060048,2
1.0463895702186228,2
-0.2919417225774017,2
0.11834912234916492,2
-0.613720547062876,2
0.4280401391919293,2
-0.9580236864821394,2
-0.591440305222579,2
-0.33142878873734344,2
0.41836649556051664,2
0.702825568171221,2
-0.9602636738624185,2
0.028044801246286766,2
-0.29951160582758807,2
0.288636810192004,2
-1.279083201671038,2
-0.9293553095030617,2
-0.5757295722486803,2
1.0399924000688192,2
1.817728272218518,2
-0.6777971801580315,2
-0.4582909968978722,2
0.4849557952984199,2
1.3618255244185025,2
-1.2724105692097125,2
0.009593346948042165,2
-1.2455271142438356,2
-0.1836875987989165,2
-0.04336724964323746,2
-0.5376342466942237,2
-0.5037098334619131,2
-0.43202739968319764,2
-0.4235736839660767,2
0.15573431186323564,2
1.6632060541073121,2
-1.7779014918953744,2
-0.19748555329650339,2
-1.4192647739299156,2
-0.6675807272577742,2
-0.9165253598144486,2
-2.23847141307445,2
0.25199802849129077,2
1.2519127480950216,2
-0.22670014352520756,2
0.7475587841798366,2
0.5950633041719771,2
-1.4435232797477573,2
-1.6520093881494233,2
-1.1658438536184084,2
-0.5246912931861836,2
-0.8375844616769488,2
-1.647774090000739,2
-0.15790485177145994,2
-1.483417696595261,2
0.5068656674265726,2
1.2192479903074864,2
-1.196133945969881,2
-0.08816557814920664,2
0.13644580800226044,2
1.1740330922270232,2
-1.5327051050136107,2
0.723456004966263,2
0.472862476862687,2
-0.32983884825494086,2
-0.628904053514697,2
-1.363751774185308,2
0.10740590488487052,2
-0.9433905260974249,2
0.1739225650920728,2
-1.942041125322885,2
0.18139407816704034,2
-1.2413685418730374,2
1.2237959390184732,2
-0.5681512528294028,2
0.8818729677538591,2
-0.50127494373042,2
-0.38594196264684505,2
0.2722678216271714,2
-0.6632801953961801,2
-0.0780821261416965,2
0.3777606746839069,2
1.1421875718068033,2
0.3503902778396474,2
-0.7329683003124616,2
0.9778066646601752,2
0.5834177024212307,1
1.6171118181121844,1
-0.5315984730314078,2
1.0280779579740398,2
0.746746811526961,2
-0.248176624063876,2
-1.249808926891133,2
-0.7837747692641124,2
-0.750214558934716,2
-1.180520901672785,2
-0.13909852347053453,2
-1.3322953105942708,2
0.43336955405675043,2
-1.1161243874685032,2
1.0633682201655692,2
-2.0195960886810944,2
-0.15049192648415274,2
-0.29966342367955856,2
1.6222571870739253,2
-0.12401261314659329,2
1.5866494737025745,2
-1.5885161819332407,2
-0.5478220236551706,2
1.5581916475738828,2
-0.4595706077792375,2
-2.7009752331864663,2
-1.9833345868475194,2
-1.1949799354167685,2
2.0230960728948864,2
0.07616574834175624,2
-0.7667469240103308,2
-1.1685141349946417,2
-0.26263693284474904,2
-0.8898790585071578,2
1.7740300926611616,2
0.7769633333264269,2
-0.7675175805761796,2
-1.530310136974857,2
-0.6305994276608788,2
-0.9832162510839677,2
-0.5268142926727087,2
-0.021417804743528845,2
0.6224920934042713,2
1.2595731594656985,2
-1.6605283596422624,2
-0.18372365970924007,2
-0.0011355353346594096,2
-1.6568821985644226,2
1.3439617750746635,2
0.9106152781963442,2
-0.43416994084022736,2
-0.19989755976704582,2
0.5497226294331325,2
0.8499215366752182,2
-0.10625997861598532,2
1.2128410953563693,2
-0.33021762094672164,2
0.8866509229277975,2
0.935053076679283,2
-0.6945602171368183,2
-1.2062240484108777,2
0.7291712937830379,2
-1.1308332209258258,2
-1.0986167798125486,2
-1.7074277839348053,2
-0.2534669097681285,2
1.2996866144580996,2
-0.9360164737061686,2
-2.5634955345345407,2
0.23080985025204567,2
-1.0077962174033812,2
0.12803400869721676,2
1.0620748337517003,2
2.210324006134603,2
-0.15843103847974674,2
-0.41358865528469585,2
0.13563275291813567,2
1.257678606734835,2
-1.508668630636694,2
0.5296329341720589,2
-1.3355402032428032,2
-0.6556708753668041,2
-0.014598968851838737,2
0.12971626059807334,2
-0.7584782063546163,2
-0.5183465719292902,2
-0.16092553148937522,2
-1.1404212038120196,2
0.32993460983956313,2
1.39863158318754,2
0.1589146961879969,2
0.33075508605428505,2
0.5910111400049072,2
1.0869701163288288,2
-0.21551565582549032,2
-1.7357612246464327,2
0.6326551492732186,2
-0.7244014051343305,2
-0.1224608639676069,2
-1.370923684205544,2
0.788027936238088,2
1.1791196600714635,2
-0.7915308085948084,2
0.9454508266370055,2
-0.8429383010108743,2
2.2278979294404593,2
1.257470472861081,2
1.3959012570747522,2
-0.9589734513738943,2
1.3183889451597062,2
0.13548444102651921,2
0.3514827166638528,2
-0.7367082388362927,2
1.343037379346454,2
0.45145899385749433,2
-1.3875475272003475,2
-2.0893848091428513,2
1.1418017467954917,2
-0.8833483523352361,2
0.8695606841525505,2
-1.151113739132767,2
-1.4561054941347031,2
0.46497733631467403,2
-1.070553580588002,2
-0.985280903920257,2
0.5235424433434153,2
-1.6199365589775154,2
1.536911119720413,2
-1.4511213820716107,2
0.5238592614744281,2
-1.5728680965319153,2
0.5693193561808904,2
-0.1585643163007227,2
-1.6604149074192074,2
-0.6327530495827672,2
1.11032725956448,2
0.3557066341047053,2
0.670527917489222,2
-1.3074832423458451,2
-0.2521948979215564,2
-2.1550461437668105,2
-2.1398616411764646,2
0.04675315419620478,2
0.02641433590947775,2
0.48978723667305135,2
-0.7905840586360672,2
-0.7471238160323003,2
0.04924189627172706,2
-0.7318430102583058,2
0.6505196882764728,2
1.222906607123474,2
0.580674804597567,2
-0.7290405239528982,1
1.3771639231375477,1
-1.0635097431002702,1
-1.4165140037624881,1
-1.3213866678860005,1
-0.28611643476876936,1
-1.9100538023249156,1
0.369077451624823,1
1.3666766744525165,1
1.516285411309414,1
-0.7698072891610072,1
-0.7301143965535579,1
-0.07106484843421791,1
0.42935603822275853,1
-0.45741578275827804,1
0.7454903309030304,1
0.4337207667465791,1
1.6619716053746263,1
1.6782831665867486,1
0.8511187805719868,1
-1.4198606061974086,1
-1.7405004699318194,1
-0.8888010470351221,1
0.29589760208502563,1
-0.751971203545181,1
-0.21126142876387544,1
-0.5464742888769925,1
1.4271471101706301,1
0.9140674130847605,1
0.505258225000155,1
1.2041847729427317,1
-1.0073255400446535,1
-0.4564829277551653,1
-0.34308262259661576,1
-2.7117042375800158,1
-0.33339332326886134,1
-0.9015725165313087,1
-1.4227050045512937,1
0.6037246997295824,1
-0.009500297889093682,1
1.423263275021616,1
0.32931587892914677,1
-2.095577116093035,1
0.30977854622108963,1
-0.476391587857567,1
-0.14288319026818763,1
-0.4951252735961807,1
0.8305439554786577,1
3.067381324633345,1
1.9986514611461017,1
-0.4451997895370315,1
0.2742328917751436,1
-0.019173789549823305,1
1.4749999780539185,1
-0.8238812242116947,1
-1.5233303727756138,1
0.48325969148891423,1
0.8190815351259284,1
-0.569839925671397,1
-0.6165631597097481,1
1.143089904490739,1
-0.6766802195609691,1
0.234179637547897,1
0.49203924533618054,1
1.167204798061176,1
-0.3660775117593144,1
0.06100180868227463,1
-1.0921442090661453,1
-1.1668431038223102,1
1.4951689427274244,1
0.11483417435752188,1
1.317803229812841,1
-0.3347106891459451,1
1.7035238168985112,1
-0.020196290254558706,1
-0.40716550460377304,1
-0.9705279347551775,1
-1.215293840944853,1
0.17714418269878646,1
-0.2601300521693144,1
-0.8196399765299153,1
0.027716930890585266,1
0.1512387533120048,1
-1.3299544527735438,1
1.5256141147060713,1
0.014855241440606471,1
-0.46189532093697405,1
0.15043690440653923,1
0.5954247420140544,1
1.2515169970504132,1
1.2786958272028455,1
0.5397838774754673,1
-1.0209332738550387,2
1.6644253536364586,2
-0.4666438578376811,2
0.3200661647136048,2
-1.008408629407452,2
-0.7483870003536599,2
-1.0604888127958403,2
-0.1975693806413688,2
-0.23896099254632067,2
0.5892362800789545,2
-1.801458669166542,2
0.6157706054676668,2
-1.0047178526179814,2
-0.007852811866097757,2
1.305321010674579,2
-0.48286819996622876,2
-0.4109014748611518,2
0.9076012147623828,2
0.9865433485390018,2
-0.6848581299143165,2
-0.2571094314531906,2
-0.8576003338179236,2
-1.4260337089497586,2
0.5724776621432859,2
2.5394696298155957,2
-0.6165897364350733,2
0.8167027414985013,2
1.3360856691666088,2
-0.33164270936015067,2
0.4042245333060465,2
0.45985422811979615,2
-0.11696649181275506,2
0.6007455727169955,2
-0.7815623358177672,2
0.40722354366945823,2
-0.9932686159480523,2
0.3682917533493595,2
0.06663974332169612,2
-1.8406962963946405,2
0.9121751855378352,2
-0.2946451663469996,2
0.5405596555653326,2
0.9116540369751106,2
-2.0587364331700244,2
0.6223773081261643,2
2.016290416158564,2
0.5636962668281369,2
0.20193066337131393,2
0.7560495005326318,2
0.5249413464729082,2
1.308779394000498,2
-0.5572474856410357,2
-0.8482544748235868,2
-0.4933752364700664,2
-1.621015139485971,2
0.0393469582500563,2
0.23942782693482853,2
-0.07016782114077977,2
1.4502212924582876,2
-0.32132241531102895,2
0.22619377777738084,2
0.14367773474824644,2
-1.7372241883099064,2
-0.5299592554150029,2
1.924029669507009,2
0.26480127699854533,2
0.09301280760889441,2
-0.4118970306794287,2
0.2233992276939334,2
-0.49645400909285586,2
0.0776206869328286,2
-1.3820115863929063,2
-0.8675547115057457,2
-0.22385793072815147,2
0.45361442569808713,2
-0.5068537838105271,2
-0.5463824809268645,2
-1.3675268974658392,1
-1.102813219476149,1
-0.3935381422150664,1
-0.9449456946811252,1
-0.8297027200157172,1
1.159371050551411,1
-0.9830606344381128,1
0.5742273435368103,1
-1.6683190913281707,1
0.7255425307346214,1
-0.5330501408979806,1
-1.6014492786654404,1
-2.4948608648989463,1
-0.17618185164391975,1
-0.37883412142516537,1
-0.7414731890242947,1
-0.6312157418113475,1
0.8574434867609698,1
0.1035753773979974,1
0.2277230870597324,1
-0.4238756756087377,1
-0.567317508271471,1
-0.20558796757381223,1
-0.8419886256021816,1
1.3098529001089076,1
-0.19778981924580943,1
-1.4008924423488582,1
0.3680275365936904,1
-0.7883285191387076,1
-0.013090197905992857,1
0.6893306090487286,1
-1.0387598082306952,1
-0.5611985406340981,1
0.020387534944835983,1
0.7095593667541187,1
0.5154144939054829,1
1.705441334505971,1
-0.8081030492816552,1
1.1358433605358282,1
1.4403523377815735,1
0.005682121073649604,1
-0.11787977699720754,1
-0.8939516358338804,1
-1.3902840665724252,1
-0.29871122825108415,1
0.8252544879910813,1
2.077072152712667,1
1.3543037848721173,1
0.3067605302964735,1
0.031159130805575034,1
0.5076562029329188,1
0.6013205656583227,1
-0.2129379911056199,1
-1.1452026450816772,1
0.06477327381691364,1
0.8711509456940983,1
1.6943903014447017,1
0.16422403655490986,1
1.7990426562436033,1
0.4341872635402032,1
-0.19922781035129475,1
-0.664758880907759,1
0.501587496045213,1
-0.1143704653929552,1
-0.7067497314474717,1
-0.8663023184233041,1
-1.7727016303965928,1
-0.3315586524766919,1
-0.8381718349433194,1
-0.505275820035876,1
0.6151527100393751,1
-0.459615544538312,1
0.62790034644348,1
1.7612164521740092,1
0.5900197085678485,1
1.6001860384100872,1
0.48267710912535255,1
-0.5045156636843849,1
0.25069255573897203,1
1.0222158944786763,1
-0.06118084498116822,1
-0.667350353413968,1
1.064232081849881,1
0.4521184362499646,1
1.004625914220923,1
0.9083634853252824,1
0.7664220720592919,1
0.46744047415095924,1
-0.330945867123512,1
1.6674636634656648,1
-1.3937739771189077,1
0.3129288260284022,1
0.5994661552749041,1
-0.02895923385846847,1
-0.9684288083222682,1
-0.3586494145839227,1
0.21767401759996408,1
0.9998752841205795,1
0.717383692383876,1
0.6283697125467878,1
-1.5481854223440195,1
-0.8921205354913833,1
-0.03267981572462489,1
0.4055318537523918,1
-2.298071418728335,1
-0.7653054369627733,1
-1.6467943339001563,1
0.9506922311529495,1
1.8519927837344197,1
1.1410118159558824,1
-0.40229754330209777,1
-0.17976118809580752,1
-1.302711866123066,1
0.45289188386499846,1
-0.11181176184031692,1
0.07702365568677799,1
1.1773580508611483,1
0.9397340735063242,1
0.9862987220308196,1
-0.2621702881804843,1
-1.0191880667749775,1
-0.49787353951772695,1
1.4578494412798366,1
-0.15146068821398637,1
0.16969464971114476,1
-1.1273967203498465,1
-0.8111655357055672,1
-0.19189690784919874,1
-0.4123643262010766,1
-0.05711453765047226,1
-1.8017497886924652,1
-2.6093390961662086,1
-0.3499453880033882,1
1.0218483505739313,1
0.058712893923892326,1
0.3965469168198266,1
-0.0038316134291340865,1
-1.099712911751453,1
0.4792559753980482,1
0.49667929964845614,1
0.9594097609787541,1
0.030358110639464083,1
-1.8455385028072286,1
-1.5889504191155592,1
1.2790889616894214,1
0.13920462842394404,1
0.22083729766788565,1
1.6841748141017996,1
2.235684424918967,1
-1.3570116841023394,1
1.1792686735067825,1
-0.89901429315891,1
-0.9781485875563022,1
0.5454607213786773,1
1.426315147352524,1
0.4235674132449047,1
1.4840334052572675,1
0.10511777445212823,1
-0.6953645522368522,1
0.4124291121597937,1
-0.7141760289998899,1
-2.0438483556254625,1
-0.07201211327000427,1
-1.1870394694446154,1
-0.5158870202933357,1
1.1878620516026681,1
1.6954916803650735,1
-0.25564495802257914,1
-1.178652395461164,1
-0.2141069829553551,1
-0.4470102468083348,1
-0.06697049805353328,1
1.206269083553233,1
-0.5432302962630906,1
1.6916907335078586,1
-1.4570243355057788,1
-0.9603878781154594,1
0.7914766926943386,1
1.3090771201745812,1
1.030533216921768,1
0.8248037567353101,1
0.5544063798086835,1
0.12417218160762337,1
-1.220923829289639,1
0.8344384248550629,1
-0.3542062493275802,1
-0.11932047329915492,1
-0.3156218299315831,1
-0.49086665618634023,1
1.0086814555454744,1
1.414239634524228,1
-1.2697237681923428,1
-0.6049585260067096,1
-0.17105430607518698,1
-1.402894353378061,1
1.0398467588265377,1
0.06212726909801912,1
0.02143045995653578,1
-0.39889885323685215,1
-1.2729157818842105,1
0.48800825392590425,1
-0.9641930636336176,1
0.582741841836532,1
-0.14627144072185694,1
-0.7663676086828103,1
-1.2403042382761462,1
-0.23782211021050273,1
-0.8746268067306023,1
0.3518814454086867,1
0.23067545986192095,1
-0.14585492341930467,1
0.9276130378572002,1
-0.7291356732311024,1
-1.610036081919226,1
1.6405035598459528,1
0.31313321071952666,1
0.4230756479809212,1
1.298366078492612,1
-0.4888864279007531,1
0.8866115888458295,1
-1.4935091181942246,1
-2.5925046638106877,1
-1.0730492588686182,1
1.0924008883691019,1
1.1540806691068546,1
0.3100351446150283,1
0.8721510174552001,1
0.9495330448117011,1
0.36299940625241495,1
-0.8858770622743162,1
0.32193934927646245,1
-0.7337863263090924,1
1.58150527830074,1
1.589450033318256,1
0.8650863304322016,1
0.5159179799810837,1
1.6173233000034268,1
-0.16471621435006648,1
2.866935894433934,1
0.16166713258839507,1
1.0528870274831856,1
0.9556777869122908,1
-1.5302893017345396,1
-2.0335503132878165,1
-1.5117624625773514,1
0.4839671031677174,1
-0.5024762135262268,1
0.7620131539289414,1
-0.7121369623049995,1
-1.0963722729557663,1
0.2929521440878713,1
-0.6155214835925894,1
0.6736066005935719,1
0.17809716713254028,1
-0.2707747648699629,1
-0.3289611939931398,1
-0.2106508738008542,1
1.6888233362869698,1
-1.179114409646931,1
0.4764425547369467,1
0.6183465867247245,1
-0.06223431643829664,1
0.03557555871778956,1
-0.7701696135055248,1
1.3199591243610138,1
-0.017389707092541392,1
2.9536458273845176,1
1.0103500126701903,1
2.408875387195886,1
-0.2575723296247225,1
0.1729364292904678,1
2.5683234172322824,1
1.197823441425474,1
0.0959724756436757,1
-1.142266009597421,1
0.5446064274298107,1
0.2861397733659659,1
-0.9412205623218116,1
-0.533135075449624,1
-1.3892644837635277,1
-1.1723468611013403,1
-1.1054709641467493,1
0.34419901202074915,1
0.9623819734439515,1
-0.1229116668914092,1
-0.726271432282732,1
-0.3065890167716067,1
0.32932800787821065,1
-1.8005483614256408,1
1.4465052475775846,1
1.604886425157885,1
1.5493508016195747,1
-0.5550774680117738,1
0.10031052879590668,1
-1.453839968834789,1
0.06568687232713831,1
0.9771600798549634,1
-0.7602511078363055,1
0.5292375383437165,1
-0.6646643282034761,1
2.157649070893716,1
-0.006723986494049637,1
-0.42589759823328566,1
-1.24120710016378,1
-3.0775148050842622,1
-0.6673267283509393,1
-0.38096493265870707,1
0.2870193802612875,1
-0.444847813222546,1
-0.17132286517052603,1
0.3969573382160199,1
-1.4279685515755267,1
0.013083009153799991,1
-0.9356819731558633,1
-0.2234997458082395,1
-1.3021836311421997,1
1.7638029914749793,1
1.3772826813389547,1
-0.08085161275292377,1
1.1713723113530297,1
0.29736675155771464,1
1.911956467807083,1
0.07295926431212856,1
-1.5128415946309417,1
-0.1961976128658911,1
-0.05541479543135866,1
-0.36818257424656553,1
0.9177927855439516,1
-0.13766949999515718,1
0.3981510974146852,1
0.647851638324096,1
-0.34232648110460445,1
1.3314098915792316,1
0.8997202931406707,1
0.3255809356075595,1
0.08670081164697795,1
-0.6609535722754891,1
0.7745976301598748,1
-0.8008647080863864,1
-0.7908387754245081,1
1.0231465805130697,1
-0.10561975416078487,1
0.6903619139218241,1
-1.7213062635672653,1
-0.23847459197416349,1
1.1689928189073615,1
-0.227370082805101,1
0.8524456650502683,1
0.2687370721060764,1
1.5133760979693167,1
1.257298755986954,1
-0.9814058935922312,1
-1.391424223313726,1
-0.4994978349882658,1
-0.21971843278880676,1
-0.8918533939373355,1
0.703604658603423,1
0.46430596452197703,1
0.8675714872115202,1
-0.15939772329402807,1
-1.5032369486621628,1
1.626142810927808,1
1.381328030836368,1
-2.6742489161047307,1
-1.2368219992228715,1
0.7116443929465024,1
-0.985318402919335,1
-0.305521300524194,1
-0.40574290902425103,1
2.4577445786320142,1
1.4726175819622223,1
-1.044037846480056,1
0.3888575840091273,1
-0.3728440192896434,1
-0.6467119142741855,1
-0.5793923907223897,1
0.8004571984502715,1
0.49676655746092363,1
1.3370979807467747,1
0.5855870079624649,1
0.4226487880776739,1
-0.2682649427319979,1
-0.8090780124970179,1
0.46024378511455966,1
-1.7082634561207337,1
0.1745288646217424,1
0.724981906346446,1
0.8743698344994032,1
-0.4530397032036427,1
1.3019960072622951,1
-0.21171944585913915,1
0.044754450779406596,1
-0.6410472185875257,1
0.9609600964443755,1
-0.9128912993716983,1
-0.6457984509663711,1
0.4323176643987555,1
-0.37161486138463745,1
0.36440527875858353,1
0.18297365687717285,1
1.7970416428940013,1
-1.7433723500602432,1
1.6842905039180585,1
0.7551256883702389,1
1.2011826306000881,1
-0.5206401646959721,1
-0.8343891387310478,1
-1.1798855983905439,1
0.9661467017942046,1
-0.9489121204838593,1
-1.8331034160125512,1
0.37374173685793205,1
0.7859849473386049,1
2.1764236634912675,1
0.29032972654555705,1
-0.32321892814645287,1
-0.3482889045603687,1
0.5735935346490345,1
1.2808112794907072,1
1.1781224789920905,1
0.5010386837463436,1
-1.6535945894688824,1
1.4179691677680888,1
-1.480960491110587,1
-2.056041889008642,1
-0.9772390332505481,1
-0.3183241799778241,1
0.6041611750060242,1
0.06729039029625679,1
1.0527825262462995,1
0.7279831652650135,1
-0.2253185308858073,1
-0.39680017860377925,1
-0.7344553420862786,1
0.7625968455764232,1
1.9651036710649308,1
0.006075738218628159,1
0.3225178462810152,1
2.221220039165067,1
0.290730341651678,1
0.7208893150557004,1
-0.3353272635638352,1
-1.552618383538981,1
-0.8368446170149831,1
0.2819535839250784,1
-0.4683337071705673,1
-0.2037734622301843,1
-1.3775730995025732,1
-0.6490917634402377,1
-0.8749657507554534,1
-0.24156194873755735,1
0.6136560354462339,1
-0.08267625204474922,2
0.4335916376641989,2
1.7668051805108602,2
-1.1822295745848124,2
0.13473463768160282,1
-0.2346073562637387,1
-0.8096856097443199,1
-0.09135522219128425,1
1.67882079029861,1
1.3977917429440805,1
-0.6466351700246217,1
-0.11608006076521495,1
-0.4967534966562687,1
1.4449058362664722,1
0.6483299400681296,1
1.1066772548903285,1
1.4554997077164613,1
-0.7024498672975548,1
-1.7938579006792887,1
-0.22991860693008115,1
-0.3733892764586473,1
0.48112729092171175,1
0.0472487534096921,1
-0.7960304438869301,1
0.5034927547192346,1
1.0436294447961318,1
-0.5806353257205534,1
-0.37243013472455616,1
0.5198679906159674,1
1.0918351457313173,1
0.13155823024414504,1
-0.7832241506565435,1
-0.6271311344593039,1
-1.9346069145468523,1
-0.7012446567273354,1
-1.6433355646456804,1
0.43251703897731264,1
0.12805335084102187,1
-1.086641101387054,1
-0.5995638341332659,1
-1.1673890135909357,1
-0.36774727834102366,1
1.0367509467817964,1
1.077323041938868,1
-0.15843931446137252,1
0.5438977862993778,1
0.6540424620592994,1
-0.0027715055268097027,1
0.6772546078182505,1
